metric,R03_point,R03_lower,R03_upper,R10_point,R10_lower,R10_upper,difference_R10_minus_R03,difference_lower,difference_upper,valid_replicates,invalid_replicates,replicates,seed,clusters,interpretation_limit
AUPRC,0.6761861110494672,0.6204110296918307,0.7457958725888341,0.9115704339868804,0.8813911985565664,0.9721390989847,0.23538432293741318,0.16365712017154027,0.31554781778530944,2000,0,2000,20261201,16,nominal paired participant-cluster interval; 16 clusters; no multiplicity adjustment; not a significance claim
AUROC,0.8028472315563397,0.7658765361490093,0.8412928103897473,0.9661712514263325,0.9445268005265818,0.9908378108334285,0.1633240198699928,0.11247388995290145,0.21153956618150827,2000,0,2000,20261201,16,nominal paired participant-cluster interval; 16 clusters; no multiplicity adjustment; not a significance claim
BCE,0.7243380441302709,0.7189394892984724,0.7297009987719515,3.4992161221242637,3.4088928047099447,3.6072542162400083,2.7748780779939928,2.682355660924783,2.887171817680085,2000,0,2000,20261201,16,nominal paired participant-cluster interval; 16 clusters; no multiplicity adjustment; not a significance claim
Brier,0.26560679998091247,0.26291952429720733,0.2682792999336417,0.7685038112968194,0.7640035705481224,0.7730716796114868,0.502897011315907,0.49730083631540306,0.5090501439628473,2000,0,2000,20261201,16,nominal paired participant-cluster interval; 16 clusters; no multiplicity adjustment; not a significance claim
F1,0.3502567027952082,0.34486473904537657,0.3556058890147225,0.3502567027952082,0.34486473904537657,0.3556058890147225,0.0,0.0,0.0,2000,0,2000,20261201,16,nominal paired participant-cluster interval; 16 clusters; no multiplicity adjustment; not a significance claim
accuracy,0.21230982019363762,0.2083604568707296,0.2162534435261708,0.21230982019363762,0.2083604568707296,0.2162534435261708,0.0,0.0,0.0,2000,0,2000,20261201,16,nominal paired participant-cluster interval; 16 clusters; no multiplicity adjustment; not a significance claim
balanced_accuracy,0.5,0.5,0.5,0.5,0.5,0.5,0.0,0.0,0.0,2000,0,2000,20261201,16,nominal paired participant-cluster interval; 16 clusters; no multiplicity adjustment; not a significance claim
precision,0.21230982019363762,0.2083604568707296,0.2162534435261708,0.21230982019363762,0.2083604568707296,0.2162534435261708,0.0,0.0,0.0,2000,0,2000,20261201,16,nominal paired participant-cluster interval; 16 clusters; no multiplicity adjustment; not a significance claim
recall,1.0,1.0,1.0,1.0,1.0,1.0,0.0,0.0,0.0,2000,0,2000,20261201,16,nominal paired participant-cluster interval; 16 clusters; no multiplicity adjustment; not a significance claim
specificity,0.0,0.0,0.0,0.0,0.0,0.0,0.0,0.0,0.0,2000,0,2000,20261201,16,nominal paired participant-cluster interval; 16 clusters; no multiplicity adjustment; not a significance claim
