experiment_id,outer_fold,seed,epoch,train_loss,inner_validation_loss,inner_validation_auprc,learning_rate,improved,non_improvement_count
V2-002-F03-S20260927,3,20260927,1,0.8710150911780958,0.8569667615897167,0.6086045908689905,0.001,True,0
V2-002-F03-S20260927,3,20260927,2,0.8064453983851694,0.8111397932660405,0.6127186157822982,0.001,True,0
V2-002-F03-S20260927,3,20260927,3,0.6966888034453051,0.8237185290774459,0.548067799944233,0.001,False,1
V2-002-F03-S20260927,3,20260927,4,0.6114037327552942,0.8873127862175889,0.5355055071464565,0.001,False,2
V2-002-F03-S20260927,3,20260927,5,0.5757859302460268,0.9386050823183013,0.4933582800657331,0.001,False,3
V2-002-F03-S20260927,3,20260927,6,0.5465766589618963,0.9578577494138109,0.505354626718902,0.001,False,4
V2-002-F03-S20260927,3,20260927,7,0.5062348297904999,1.078369739420509,0.5529644167632788,0.001,False,5
V2-002-F03-S20260927,3,20260927,8,0.5002378042333886,0.8944033061100168,0.568278733476912,0.001,False,6
V2-002-F03-S20260927,3,20260927,9,0.4753124159175168,0.9383859588165203,0.5076614258124206,0.001,False,7
