experiment_id,outer_fold,seed,run_order_index
V2-002-F00-S20260927,0,20260927,0
V2-002-F00-S20260928,0,20260928,1
V2-002-F00-S20260929,0,20260929,2
V2-002-F01-S20260927,1,20260927,3
V2-002-F01-S20260928,1,20260928,4
V2-002-F01-S20260929,1,20260929,5
V2-002-F02-S20260927,2,20260927,6
V2-002-F02-S20260928,2,20260928,7
V2-002-F02-S20260929,2,20260929,8
V2-002-F03-S20260927,3,20260927,9
V2-002-F03-S20260928,3,20260928,10
V2-002-F03-S20260929,3,20260929,11
V2-002-F04-S20260927,4,20260927,12
V2-002-F04-S20260928,4,20260928,13
V2-002-F04-S20260929,4,20260929,14
