run_id,round,client_id,epoch,batch_index,batch_size,loss,learning_rate,gradient_l2_norm,optimizer_step
FL10_MODE_B_RUN_01,1,SIM_FL_SITE_00,1,0,64,0.6970499753952026,0.001,0.5911462662760267,1
FL10_MODE_B_RUN_01,1,SIM_FL_SITE_00,1,1,29,0.8592193126678467,0.001,1.111089934905547,2
FL10_MODE_B_RUN_01,1,SIM_FL_SITE_01,1,0,64,0.608112633228302,0.001,0.654349316811205,1
FL10_MODE_B_RUN_01,1,SIM_FL_SITE_01,1,1,27,0.8791446089744568,0.001,2.1505600795100563,2
FL10_MODE_B_RUN_01,1,SIM_FL_SITE_02,1,0,64,0.789900541305542,0.001,0.8783914529892,1
FL10_MODE_B_RUN_01,1,SIM_FL_SITE_02,1,1,27,0.7232925295829773,0.001,0.8607705422499915,2
FL10_MODE_B_RUN_01,1,SIM_FL_SITE_03,1,0,64,0.6884303092956543,0.001,0.870548559853114,1
FL10_MODE_B_RUN_01,1,SIM_FL_SITE_03,1,1,25,0.6604562401771545,0.001,0.7955858707773568,2
FL10_MODE_B_RUN_01,1,SIM_FL_SITE_04,1,0,64,0.7646684050559998,0.001,0.9182969045656649,1
FL10_MODE_B_RUN_01,1,SIM_FL_SITE_04,1,1,26,0.5531211495399475,0.001,1.402016186247319,2
FL10_MODE_B_RUN_01,1,SIM_FL_SITE_05,1,0,64,0.699629008769989,0.001,0.6222791478833452,1
FL10_MODE_B_RUN_01,1,SIM_FL_SITE_05,1,1,29,0.7259604334831238,0.001,0.6942106987014096,2
FL10_MODE_B_RUN_01,1,SIM_FL_SITE_06,1,0,64,0.79349684715271,0.001,0.8471116018980116,1
FL10_MODE_B_RUN_01,1,SIM_FL_SITE_06,1,1,29,0.6734967231750488,0.001,0.6995754389684936,2
FL10_MODE_B_RUN_01,1,SIM_FL_SITE_07,1,0,64,0.6623115539550781,0.001,0.8612708268032192,1
FL10_MODE_B_RUN_01,1,SIM_FL_SITE_07,1,1,19,0.6297406554222107,0.001,1.0551758053491922,2
FL10_MODE_B_RUN_01,2,SIM_FL_SITE_00,1,0,64,0.6859921813011169,0.001,0.7615692150423822,1
FL10_MODE_B_RUN_01,2,SIM_FL_SITE_00,1,1,29,0.6427218317985535,0.001,0.9241280879453888,2
FL10_MODE_B_RUN_01,2,SIM_FL_SITE_01,1,0,64,0.6373879909515381,0.001,0.6937775593341224,1
FL10_MODE_B_RUN_01,2,SIM_FL_SITE_01,1,1,27,0.7049298882484436,0.001,1.5200034009255523,2
FL10_MODE_B_RUN_01,2,SIM_FL_SITE_02,1,0,64,0.734765350818634,0.001,1.1913098141613714,1
FL10_MODE_B_RUN_01,2,SIM_FL_SITE_02,1,1,27,0.4569593071937561,0.001,2.4935700211464873,2
FL10_MODE_B_RUN_01,2,SIM_FL_SITE_03,1,0,64,0.6292905807495117,0.001,0.6110719190464304,1
FL10_MODE_B_RUN_01,2,SIM_FL_SITE_03,1,1,25,0.6717069149017334,0.001,1.288093219039007,2
FL10_MODE_B_RUN_01,2,SIM_FL_SITE_04,1,0,64,0.5339388847351074,0.001,0.7886002092589455,1
FL10_MODE_B_RUN_01,2,SIM_FL_SITE_04,1,1,26,0.9095566272735596,0.001,3.040891326719759,2
FL10_MODE_B_RUN_01,2,SIM_FL_SITE_05,1,0,64,0.8583837747573853,0.001,1.3342586414860182,1
FL10_MODE_B_RUN_01,2,SIM_FL_SITE_05,1,1,29,0.4063120186328888,0.001,2.1003949899500243,2
FL10_MODE_B_RUN_01,2,SIM_FL_SITE_06,1,0,64,0.5500403046607971,0.001,0.4916909238894817,1
FL10_MODE_B_RUN_01,2,SIM_FL_SITE_06,1,1,29,0.6451131105422974,0.001,1.2545524426376848,2
FL10_MODE_B_RUN_01,2,SIM_FL_SITE_07,1,0,64,0.6125665903091431,0.001,0.7781975526860442,1
FL10_MODE_B_RUN_01,2,SIM_FL_SITE_07,1,1,19,0.4913514256477356,0.001,1.2126358293762913,2
FL10_MODE_B_RUN_01,3,SIM_FL_SITE_00,1,0,64,0.5446578860282898,0.001,0.8138713389903033,1
FL10_MODE_B_RUN_01,3,SIM_FL_SITE_00,1,1,29,0.5448049306869507,0.001,1.1285955537622745,2
FL10_MODE_B_RUN_01,3,SIM_FL_SITE_01,1,0,64,0.4829601049423218,0.001,0.9024083516346351,1
FL10_MODE_B_RUN_01,3,SIM_FL_SITE_01,1,1,27,0.3663078248500824,0.001,1.0452789807444653,2
FL10_MODE_B_RUN_01,3,SIM_FL_SITE_02,1,0,64,0.5440327525138855,0.001,0.8286614043136501,1
FL10_MODE_B_RUN_01,3,SIM_FL_SITE_02,1,1,27,0.31600913405418396,0.001,1.022349696464446,2
FL10_MODE_B_RUN_01,3,SIM_FL_SITE_03,1,0,64,0.6302886009216309,0.001,0.8947854115889974,1
FL10_MODE_B_RUN_01,3,SIM_FL_SITE_03,1,1,25,0.24859142303466797,0.001,1.6971979805932456,2
FL10_MODE_B_RUN_01,3,SIM_FL_SITE_04,1,0,64,0.5054334402084351,0.001,0.7841664986063828,1
FL10_MODE_B_RUN_01,3,SIM_FL_SITE_04,1,1,26,0.29751232266426086,0.001,1.0166937904062174,2
FL10_MODE_B_RUN_01,3,SIM_FL_SITE_05,1,0,64,0.47814446687698364,0.001,0.9496665780657584,1
FL10_MODE_B_RUN_01,3,SIM_FL_SITE_05,1,1,29,0.6959290504455566,0.001,2.2963855396360757,2
FL10_MODE_B_RUN_01,3,SIM_FL_SITE_06,1,0,64,0.569021463394165,0.001,0.7451804249743431,1
FL10_MODE_B_RUN_01,3,SIM_FL_SITE_06,1,1,29,0.4886009991168976,0.001,1.0679319710805601,2
FL10_MODE_B_RUN_01,3,SIM_FL_SITE_07,1,0,64,0.43389832973480225,0.001,1.024284195761488,1
FL10_MODE_B_RUN_01,3,SIM_FL_SITE_07,1,1,19,0.26737892627716064,0.001,1.5668537445820125,2
FL10_MODE_B_RUN_01,4,SIM_FL_SITE_00,1,0,64,0.5507638454437256,0.001,1.2690071632317907,1
FL10_MODE_B_RUN_01,4,SIM_FL_SITE_00,1,1,29,0.21285754442214966,0.001,0.9708507524933113,2
FL10_MODE_B_RUN_01,4,SIM_FL_SITE_01,1,0,64,0.24522501230239868,0.001,1.123125684129169,1
FL10_MODE_B_RUN_01,4,SIM_FL_SITE_01,1,1,27,0.9311127662658691,0.001,3.961936711071665,2
FL10_MODE_B_RUN_01,4,SIM_FL_SITE_02,1,0,64,0.2661243975162506,0.001,0.8950158872257935,1
FL10_MODE_B_RUN_01,4,SIM_FL_SITE_02,1,1,27,0.37432777881622314,0.001,1.7907352868745794,2
FL10_MODE_B_RUN_01,4,SIM_FL_SITE_03,1,0,64,0.3808622360229492,0.001,1.0063781461554107,1
FL10_MODE_B_RUN_01,4,SIM_FL_SITE_03,1,1,25,0.4384617209434509,0.001,1.7706256169278178,2
FL10_MODE_B_RUN_01,4,SIM_FL_SITE_04,1,0,64,0.3309280574321747,0.001,0.8971069153803898,1
FL10_MODE_B_RUN_01,4,SIM_FL_SITE_04,1,1,26,0.40776827931404114,0.001,2.208311971542757,2
FL10_MODE_B_RUN_01,4,SIM_FL_SITE_05,1,0,64,0.42838239669799805,0.001,0.8971622098698345,1
FL10_MODE_B_RUN_01,4,SIM_FL_SITE_05,1,1,29,0.5466839075088501,0.001,2.271834175704086,2
FL10_MODE_B_RUN_01,4,SIM_FL_SITE_06,1,0,64,0.4552106261253357,0.001,1.1371273141169511,1
FL10_MODE_B_RUN_01,4,SIM_FL_SITE_06,1,1,29,0.4019968509674072,0.001,1.5984677708677062,2
FL10_MODE_B_RUN_01,4,SIM_FL_SITE_07,1,0,64,0.27371945977211,0.001,0.8278766192734613,1
FL10_MODE_B_RUN_01,4,SIM_FL_SITE_07,1,1,19,0.17690716683864594,0.001,1.3554038946084621,2
FL10_MODE_B_RUN_01,5,SIM_FL_SITE_00,1,0,64,0.3480384349822998,0.001,1.2888249911709433,1
FL10_MODE_B_RUN_01,5,SIM_FL_SITE_00,1,1,29,0.25932377576828003,0.001,1.8705776041309403,2
FL10_MODE_B_RUN_01,5,SIM_FL_SITE_01,1,0,64,0.29181772470474243,0.001,1.1837172948217172,1
FL10_MODE_B_RUN_01,5,SIM_FL_SITE_01,1,1,27,0.13243474066257477,0.001,1.320790725535978,2
FL10_MODE_B_RUN_01,5,SIM_FL_SITE_02,1,0,64,0.26153117418289185,0.001,1.1591162497021674,1
FL10_MODE_B_RUN_01,5,SIM_FL_SITE_02,1,1,27,0.37723010778427124,0.001,2.250174675947688,2
FL10_MODE_B_RUN_01,5,SIM_FL_SITE_03,1,0,64,0.25503167510032654,0.001,1.229095654790804,1
FL10_MODE_B_RUN_01,5,SIM_FL_SITE_03,1,1,25,0.30213460326194763,0.001,2.138655991915394,2
FL10_MODE_B_RUN_01,5,SIM_FL_SITE_04,1,0,64,0.28884053230285645,0.001,1.1674383732837519,1
FL10_MODE_B_RUN_01,5,SIM_FL_SITE_04,1,1,26,0.11424203962087631,0.001,0.9276016576939575,2
FL10_MODE_B_RUN_01,5,SIM_FL_SITE_05,1,0,64,0.4466096758842468,0.001,1.6374669988450603,1
FL10_MODE_B_RUN_01,5,SIM_FL_SITE_05,1,1,29,0.17679162323474884,0.001,1.122988343481428,2
FL10_MODE_B_RUN_01,5,SIM_FL_SITE_06,1,0,64,0.2935674488544464,0.001,1.2836412050264172,1
FL10_MODE_B_RUN_01,5,SIM_FL_SITE_06,1,1,29,0.38844627141952515,0.001,2.515746558547468,2
FL10_MODE_B_RUN_01,5,SIM_FL_SITE_07,1,0,64,0.1957114040851593,0.001,0.9099321955646383,1
FL10_MODE_B_RUN_01,5,SIM_FL_SITE_07,1,1,19,0.12740688025951385,0.001,0.9921981192694681,2
FL10_MODE_B_RUN_01,6,SIM_FL_SITE_00,1,0,64,0.22308705747127533,0.001,1.6039223537145364,1
FL10_MODE_B_RUN_01,6,SIM_FL_SITE_00,1,1,29,0.3506246507167816,0.001,2.863755397958874,2
FL10_MODE_B_RUN_01,6,SIM_FL_SITE_01,1,0,64,0.25074636936187744,0.001,1.4824669185711932,1
FL10_MODE_B_RUN_01,6,SIM_FL_SITE_01,1,1,27,0.16227085888385773,0.001,1.9697263210803115,2
FL10_MODE_B_RUN_01,6,SIM_FL_SITE_02,1,0,64,0.18203970789909363,0.001,1.4183466348763698,1
FL10_MODE_B_RUN_01,6,SIM_FL_SITE_02,1,1,27,0.2660031020641327,0.001,2.301692214996234,2
FL10_MODE_B_RUN_01,6,SIM_FL_SITE_03,1,0,64,0.25132471323013306,0.001,1.350410282070838,1
FL10_MODE_B_RUN_01,6,SIM_FL_SITE_03,1,1,25,0.2640477418899536,0.001,2.3359236410896527,2
FL10_MODE_B_RUN_01,6,SIM_FL_SITE_04,1,0,64,0.14366860687732697,0.001,0.9002353024559295,1
FL10_MODE_B_RUN_01,6,SIM_FL_SITE_04,1,1,26,0.26778265833854675,0.001,3.481779108821263,2
FL10_MODE_B_RUN_01,6,SIM_FL_SITE_05,1,0,64,0.30573633313179016,0.001,1.4496657970046318,1
FL10_MODE_B_RUN_01,6,SIM_FL_SITE_05,1,1,29,0.6734163165092468,0.001,3.3919500990545335,2
FL10_MODE_B_RUN_01,6,SIM_FL_SITE_06,1,0,64,0.3215268850326538,0.001,1.6443986425753356,1
FL10_MODE_B_RUN_01,6,SIM_FL_SITE_06,1,1,29,0.32421788573265076,0.001,2.657461397931208,2
FL10_MODE_B_RUN_01,6,SIM_FL_SITE_07,1,0,64,0.16814827919006348,0.001,1.027874904405352,1
FL10_MODE_B_RUN_01,6,SIM_FL_SITE_07,1,1,19,0.2525939345359802,0.001,2.5826421640120634,2
FL10_MODE_B_RUN_01,7,SIM_FL_SITE_00,1,0,64,0.23112739622592926,0.001,1.6850174400163902,1
FL10_MODE_B_RUN_01,7,SIM_FL_SITE_00,1,1,29,0.5388365387916565,0.001,4.550426380196583,2
FL10_MODE_B_RUN_01,7,SIM_FL_SITE_01,1,0,64,0.25229936838150024,0.001,1.6152148239912831,1
FL10_MODE_B_RUN_01,7,SIM_FL_SITE_01,1,1,27,0.252261221408844,0.001,2.4818787557798005,2
FL10_MODE_B_RUN_01,7,SIM_FL_SITE_02,1,0,64,0.17880967259407043,0.001,1.2955479698691559,1
FL10_MODE_B_RUN_01,7,SIM_FL_SITE_02,1,1,27,0.11567383259534836,0.001,1.9301562494139146,2
FL10_MODE_B_RUN_01,7,SIM_FL_SITE_03,1,0,64,0.3174525201320648,0.001,2.0848949639575154,1
FL10_MODE_B_RUN_01,7,SIM_FL_SITE_03,1,1,25,0.0768807977437973,0.001,0.8567726384550652,2
FL10_MODE_B_RUN_01,7,SIM_FL_SITE_04,1,0,64,0.193046435713768,0.001,1.254351865270929,1
FL10_MODE_B_RUN_01,7,SIM_FL_SITE_04,1,1,26,0.3073384463787079,0.001,2.9500696631570293,2
FL10_MODE_B_RUN_01,7,SIM_FL_SITE_05,1,0,64,0.30213549733161926,0.001,1.921279959441634,1
FL10_MODE_B_RUN_01,7,SIM_FL_SITE_05,1,1,29,0.39474791288375854,0.001,2.8552100208042313,2
FL10_MODE_B_RUN_01,7,SIM_FL_SITE_06,1,0,64,0.23115184903144836,0.001,1.3947432146377543,1
FL10_MODE_B_RUN_01,7,SIM_FL_SITE_06,1,1,29,0.2680520713329315,0.001,2.389276901976751,2
FL10_MODE_B_RUN_01,7,SIM_FL_SITE_07,1,0,64,0.1342257410287857,0.001,1.1521793440612436,1
FL10_MODE_B_RUN_01,7,SIM_FL_SITE_07,1,1,19,0.17702066898345947,0.001,1.7206743393234,2
FL10_MODE_B_RUN_01,8,SIM_FL_SITE_00,1,0,64,0.19728446006774902,0.001,1.4188390562677753,1
FL10_MODE_B_RUN_01,8,SIM_FL_SITE_00,1,1,29,0.3685615360736847,0.001,3.3963880005829146,2
FL10_MODE_B_RUN_01,8,SIM_FL_SITE_01,1,0,64,0.16514691710472107,0.001,1.2419977326531562,1
FL10_MODE_B_RUN_01,8,SIM_FL_SITE_01,1,1,27,0.24153505265712738,0.001,2.109326692175834,2
FL10_MODE_B_RUN_01,8,SIM_FL_SITE_02,1,0,64,0.1994161307811737,0.001,1.541807606444659,1
FL10_MODE_B_RUN_01,8,SIM_FL_SITE_02,1,1,27,0.08923809975385666,0.001,1.0261332384894482,2
FL10_MODE_B_RUN_01,8,SIM_FL_SITE_03,1,0,64,0.1115885078907013,0.001,0.7730211559981124,1
FL10_MODE_B_RUN_01,8,SIM_FL_SITE_03,1,1,25,0.2700616121292114,0.001,3.5952080982848886,2
FL10_MODE_B_RUN_01,8,SIM_FL_SITE_04,1,0,64,0.15398141741752625,0.001,1.4437135325189236,1
FL10_MODE_B_RUN_01,8,SIM_FL_SITE_04,1,1,26,0.32367897033691406,0.001,4.156772539079258,2
FL10_MODE_B_RUN_01,8,SIM_FL_SITE_05,1,0,64,0.333955854177475,0.001,1.7988044847111588,1
FL10_MODE_B_RUN_01,8,SIM_FL_SITE_05,1,1,29,0.21975214779376984,0.001,1.9944420755811858,2
FL10_MODE_B_RUN_01,8,SIM_FL_SITE_06,1,0,64,0.20116093754768372,0.001,1.5777253816254777,1
FL10_MODE_B_RUN_01,8,SIM_FL_SITE_06,1,1,29,0.2198767215013504,0.001,1.5150777511718019,2
FL10_MODE_B_RUN_01,8,SIM_FL_SITE_07,1,0,64,0.13371357321739197,0.001,1.1089441410903127,1
FL10_MODE_B_RUN_01,8,SIM_FL_SITE_07,1,1,19,0.05731327831745148,0.001,0.734840569983518,2
FL10_MODE_B_RUN_01,9,SIM_FL_SITE_00,1,0,64,0.15412932634353638,0.001,1.3336954309762403,1
FL10_MODE_B_RUN_01,9,SIM_FL_SITE_00,1,1,29,0.3365316689014435,0.001,3.914959505100726,2
FL10_MODE_B_RUN_01,9,SIM_FL_SITE_01,1,0,64,0.17391332983970642,0.001,1.3984692262661123,1
FL10_MODE_B_RUN_01,9,SIM_FL_SITE_01,1,1,27,0.16461877524852753,0.001,1.8512205355590539,2
FL10_MODE_B_RUN_01,9,SIM_FL_SITE_02,1,0,64,0.13147059082984924,0.001,1.1498689977672796,1
FL10_MODE_B_RUN_01,9,SIM_FL_SITE_02,1,1,27,0.15481747686862946,0.001,2.2373703852376994,2
FL10_MODE_B_RUN_01,9,SIM_FL_SITE_03,1,0,64,0.16271883249282837,0.001,1.5798395581767835,1
FL10_MODE_B_RUN_01,9,SIM_FL_SITE_03,1,1,25,0.08694832026958466,0.001,1.4098048032076,2
FL10_MODE_B_RUN_01,9,SIM_FL_SITE_04,1,0,64,0.1481202095746994,0.001,1.3763327230581373,1
FL10_MODE_B_RUN_01,9,SIM_FL_SITE_04,1,1,26,0.3187076449394226,0.001,3.5871429644183177,2
FL10_MODE_B_RUN_01,9,SIM_FL_SITE_05,1,0,64,0.33357077836990356,0.001,2.267118814653711,1
FL10_MODE_B_RUN_01,9,SIM_FL_SITE_05,1,1,29,0.35717910528182983,0.001,3.5913532804564503,2
FL10_MODE_B_RUN_01,9,SIM_FL_SITE_06,1,0,64,0.17936162650585175,0.001,1.0904225334050535,1
FL10_MODE_B_RUN_01,9,SIM_FL_SITE_06,1,1,29,0.17875853180885315,0.001,2.1329498102684785,2
FL10_MODE_B_RUN_01,9,SIM_FL_SITE_07,1,0,64,0.11097636818885803,0.001,0.9041423905786763,1
FL10_MODE_B_RUN_01,9,SIM_FL_SITE_07,1,1,19,0.20115680992603302,0.001,2.492308988082694,2
FL10_MODE_B_RUN_01,10,SIM_FL_SITE_00,1,0,64,0.13779670000076294,0.001,1.2600476322618812,1
FL10_MODE_B_RUN_01,10,SIM_FL_SITE_00,1,1,29,0.16126255691051483,0.001,1.9067289560668335,2
FL10_MODE_B_RUN_01,10,SIM_FL_SITE_01,1,0,64,0.13224495947360992,0.001,1.1666643628247366,1
FL10_MODE_B_RUN_01,10,SIM_FL_SITE_01,1,1,27,0.14849643409252167,0.001,2.261453005937039,2
FL10_MODE_B_RUN_01,10,SIM_FL_SITE_02,1,0,64,0.12510420382022858,0.001,1.1776704315388116,1
FL10_MODE_B_RUN_01,10,SIM_FL_SITE_02,1,1,27,0.122684046626091,0.001,1.5399307535231093,2
FL10_MODE_B_RUN_01,10,SIM_FL_SITE_03,1,0,64,0.15728963911533356,0.001,1.608882478021708,1
FL10_MODE_B_RUN_01,10,SIM_FL_SITE_03,1,1,25,0.057434845715761185,0.001,0.8010014963195622,2
FL10_MODE_B_RUN_01,10,SIM_FL_SITE_04,1,0,64,0.22824707627296448,0.001,1.7622249582107243,1
FL10_MODE_B_RUN_01,10,SIM_FL_SITE_04,1,1,26,0.03451378270983696,0.001,0.4041824359460059,2
FL10_MODE_B_RUN_01,10,SIM_FL_SITE_05,1,0,64,0.3766813576221466,0.001,1.9926089923205759,1
FL10_MODE_B_RUN_01,10,SIM_FL_SITE_05,1,1,29,0.11396566778421402,0.001,1.2061907920545318,2
FL10_MODE_B_RUN_01,10,SIM_FL_SITE_06,1,0,64,0.17581529915332794,0.001,1.204440858481569,1
FL10_MODE_B_RUN_01,10,SIM_FL_SITE_06,1,1,29,0.08489762246608734,0.001,0.754791895395405,2
FL10_MODE_B_RUN_01,10,SIM_FL_SITE_07,1,0,64,0.13643741607666016,0.001,0.9521333091916299,1
FL10_MODE_B_RUN_01,10,SIM_FL_SITE_07,1,1,19,0.030792290344834328,0.001,0.31660515589350796,2
