run_id,round,client_id,update_id,update_sha256,examples_seen,decision
FL10_MODE_B_RUN_01,1,SIM_FL_SITE_00,9a9a1468a1b626b1,65a450bcb58909e7fb5d90fdd9a4c1a862420466bba3a67268a8ef32f4bcc984,93,ACCEPTED
FL10_MODE_B_RUN_01,1,SIM_FL_SITE_01,586cd3c4185d2959,b85a168f3e46294d4af4ed917ba5eeda2bb7947475b30ee6e0cba1364246be17,91,ACCEPTED
FL10_MODE_B_RUN_01,1,SIM_FL_SITE_02,9147ef342fef36ee,3f647063e665f8ab2dcf3a6ad29ef735258aa098ea704f88fcbf38bd36afec8f,91,ACCEPTED
FL10_MODE_B_RUN_01,1,SIM_FL_SITE_03,345bd696c79f3152,d8314e85938ae85d3f5774121ca8f7bfbafe6211a33788fb7fe101bcdec7ecc1,89,ACCEPTED
FL10_MODE_B_RUN_01,1,SIM_FL_SITE_04,82847e61160c15e2,fb45a4b14bcef54445d1824ffb9356b732becbf669f573f45902855b371556ce,90,ACCEPTED
FL10_MODE_B_RUN_01,1,SIM_FL_SITE_05,ad48050897cfeb51,dfb7fb732ed4160e56318bacf11e31f0bdded7aea22eb3de48fcfdab9f4ff15a,93,ACCEPTED
FL10_MODE_B_RUN_01,1,SIM_FL_SITE_06,2e2384d4d8f0a0da,1ea50b682620877f1addaa60a0f79203ad617eff88d40af31af87a26f68e101e,93,ACCEPTED
FL10_MODE_B_RUN_01,1,SIM_FL_SITE_07,d537e52a070c8ee2,bfd0eff8cea69c436265e844dd477a1b5ba34bbc787a4ed7b45112e2e22535ec,83,ACCEPTED
FL10_MODE_B_RUN_01,2,SIM_FL_SITE_00,452aa7fc06796b09,56f06ab063fea222a811408d689bb23600e7b443db091c42c7d6ce5caf665097,93,ACCEPTED
FL10_MODE_B_RUN_01,2,SIM_FL_SITE_01,400509b7b6b77c18,1a2d5d2c60cc549cb762e283345a75f5639d401cec3fd8f70a2787834ddf3f92,91,ACCEPTED
FL10_MODE_B_RUN_01,2,SIM_FL_SITE_02,c854514a2e5b189b,22148fb1bd16d1f239742c400721f2527b88da73040f884d75c5a70a1afab902,91,ACCEPTED
FL10_MODE_B_RUN_01,2,SIM_FL_SITE_03,55e7faca0b82e43c,495eba4739b4d47a4917eb76b715cd0a9015ca8f47ea0d933b94ee8b056dc886,89,ACCEPTED
FL10_MODE_B_RUN_01,2,SIM_FL_SITE_04,e906efb6a9e594a4,2c0e05ffeea50934213984e37c0ad22bf5c39173ad54c565a10097088fdd5db3,90,ACCEPTED
FL10_MODE_B_RUN_01,2,SIM_FL_SITE_05,624cba81e48cf700,23d9e92416e6c1994f5153ac113bbf12c870c3316878c5eca3a639707eec5dd9,93,ACCEPTED
FL10_MODE_B_RUN_01,2,SIM_FL_SITE_06,5a8f1911efd5c0d2,a29a823afbf8117059fecae77302f5f1f092de81522929d8455090bc2b2471fd,93,ACCEPTED
FL10_MODE_B_RUN_01,2,SIM_FL_SITE_07,4671d6390e4ebab2,b4cb3bc0218fa3b26d35ec8c2d85392ebe62ea7fd44680096930dea7b4678c4a,83,ACCEPTED
FL10_MODE_B_RUN_01,3,SIM_FL_SITE_00,01143215afb45839,99b6dfc36ee8429f5d671a052ffe28590a3b6aef48b0f19e4cc866d2c979e402,93,ACCEPTED
FL10_MODE_B_RUN_01,3,SIM_FL_SITE_01,e849fc211dcb3e8f,dc5161e0211b31b8b3371808fa852d31be2f4f8ed5d262404e59cb0abb7b9b47,91,ACCEPTED
FL10_MODE_B_RUN_01,3,SIM_FL_SITE_02,722951f83412e4b8,6d8169b7c32970b9801bee5f82d324a1979a27b62f0f8bd99689909acd278330,91,ACCEPTED
FL10_MODE_B_RUN_01,3,SIM_FL_SITE_03,7bf755266c2b4314,f715be51ccf23d5e6512af5f05d4eb0f891c7a970f8427705469c9bd5af14ab8,89,ACCEPTED
FL10_MODE_B_RUN_01,3,SIM_FL_SITE_04,13d35dfc74cbc1b3,7813f237e8a987009c76934d5f05e3974ba287adbcc3b45353e02fb8e8d9f08c,90,ACCEPTED
FL10_MODE_B_RUN_01,3,SIM_FL_SITE_05,de36dccf22477c34,ae3baf64d49d5bf84ba828e53f121df82b552d9736020401550ed7c5a76602da,93,ACCEPTED
FL10_MODE_B_RUN_01,3,SIM_FL_SITE_06,e1911f3c76a3b32b,d478af7a964d90c0acc1663c98f13becf800ee320717c1368db668670592742a,93,ACCEPTED
FL10_MODE_B_RUN_01,3,SIM_FL_SITE_07,e3a8e1f1c0b040da,a2a671e9fafac9ec85e86e3ec0c691082a5a87848aae0d2283b63a0b993e1a0e,83,ACCEPTED
FL10_MODE_B_RUN_01,4,SIM_FL_SITE_00,c20bb7f015bd77ea,b775f998a3889ae9e1208317b7fe22cfe7193c2580a8ffebdf4d475361040a07,93,ACCEPTED
FL10_MODE_B_RUN_01,4,SIM_FL_SITE_01,3d86c6a3a76e5f62,cc1f8da914108d864e02fdcc9e7f1c129e89f1ee1d760d5c72349d87903e1ed3,91,ACCEPTED
FL10_MODE_B_RUN_01,4,SIM_FL_SITE_02,6cf9590d3ec9df0d,7dd4f0a25def56e2990d9e9395b23d92f39bc19cb5f4b2db2a5e21542d555bf6,91,ACCEPTED
FL10_MODE_B_RUN_01,4,SIM_FL_SITE_03,b686c3092b121734,760e2a12160008b42ffd263d96c828ada1ec986d75bd81f7b17a6f5ba467ef0f,89,ACCEPTED
FL10_MODE_B_RUN_01,4,SIM_FL_SITE_04,e2c51dea6a43b73f,6d0174450e394f894ce9b659553af3ec1c95d9b4209f95d5496af380e56a8100,90,ACCEPTED
FL10_MODE_B_RUN_01,4,SIM_FL_SITE_05,12ae1026fbe2874c,f7b18c826ec327a43810ab781bc618b45e56d1b32e3f7ac23cf776d8d9e69046,93,ACCEPTED
FL10_MODE_B_RUN_01,4,SIM_FL_SITE_06,6453c39b7e0d5725,98076a9e73fc9f6a3621b2a8a5e335595f8f15a6da3ded6d46c76236aef1d0a7,93,ACCEPTED
FL10_MODE_B_RUN_01,4,SIM_FL_SITE_07,8491dda37d0cb2d0,633874eec50ca03bce4ed1fd6d52bd995839aa4392f5d578b4f74f85879e8850,83,ACCEPTED
FL10_MODE_B_RUN_01,5,SIM_FL_SITE_00,3db95c0223468932,b1290464a6739ff9e1d176e2b2c4bc7bcc662d0ac88b1322b7b97d3d8b355fa7,93,ACCEPTED
FL10_MODE_B_RUN_01,5,SIM_FL_SITE_01,daaf2e30c3e176e8,df747a68ff91915441abbcedf4637032817f0d99ce25538780d1d90c0541e328,91,ACCEPTED
FL10_MODE_B_RUN_01,5,SIM_FL_SITE_02,02af63c31d22d325,5b6d75e2d0fa3852123fd82ad899073126f9a4ed376dd90d6ae50ac92474c109,91,ACCEPTED
FL10_MODE_B_RUN_01,5,SIM_FL_SITE_03,74b67c44d432a792,8258226659fd7ec0749f1f053a7910cfbb97eae7d6395d71f23f75c45fe5973f,89,ACCEPTED
FL10_MODE_B_RUN_01,5,SIM_FL_SITE_04,90a6b120cb9c4267,006908b8a5821555d3de1da73ac29acfcd333d92da704531378d745fd44b71a2,90,ACCEPTED
FL10_MODE_B_RUN_01,5,SIM_FL_SITE_05,954dcc7d260e1f99,a344cf3d24d4c89d5a92fc3dde307d7ac971aad7c389bdd64578034f4416159d,93,ACCEPTED
FL10_MODE_B_RUN_01,5,SIM_FL_SITE_06,5c7b7f0f62dbe9ca,7b106a8cad2b6953a1675590ee85600b6bcce2130ffd7d3462c7753f58e2e1a0,93,ACCEPTED
FL10_MODE_B_RUN_01,5,SIM_FL_SITE_07,cc8a530c247e6510,b5cb67b7447a2bf9db9b8d6aa5ff79fddad4b5620f53dd71d8929ca48d2fca2f,83,ACCEPTED
FL10_MODE_B_RUN_01,6,SIM_FL_SITE_00,ba3969d1908a2110,6f6445e30ac33d38cb6eb88843013b8909ddea6c509a0e9b36b55b74f0226475,93,ACCEPTED
FL10_MODE_B_RUN_01,6,SIM_FL_SITE_01,96c0972eaca46f7a,6d82a538403fab52e496eb99c290f2c711174b092376a471f61b76e6e0972800,91,ACCEPTED
FL10_MODE_B_RUN_01,6,SIM_FL_SITE_02,df94a8c054cfc676,197fa8040c26f8a6153705dd77a5408cf54aeed2f85848c509b8115feaf8de89,91,ACCEPTED
FL10_MODE_B_RUN_01,6,SIM_FL_SITE_03,b9f6472c7dd09467,84269f4ed0c7b8af6047c21bb7ef0e530d42e7f61228264420f8fd5ccf26d759,89,ACCEPTED
FL10_MODE_B_RUN_01,6,SIM_FL_SITE_04,d0458df6f51796d2,704025110cdab5822a349c02a695b93904a6db2872b91137068adf746254ef9c,90,ACCEPTED
FL10_MODE_B_RUN_01,6,SIM_FL_SITE_05,19e348c56be749a9,96fe8d6dd1c8515498e0559c3e522989dcad9d66610d03ff80bb5a56e4aa6342,93,ACCEPTED
FL10_MODE_B_RUN_01,6,SIM_FL_SITE_06,dcfadb4992a817e7,8c22ce90641170f369f771e5e66fa5fbf7520903a883892cd2e2988e5e6dad24,93,ACCEPTED
FL10_MODE_B_RUN_01,6,SIM_FL_SITE_07,8c0fb0cdeb9c066e,2d39b3e5d3b9d60bfa66c871c2bdf0c9c3ef8db356465ef5fc3666f565d597b2,83,ACCEPTED
FL10_MODE_B_RUN_01,7,SIM_FL_SITE_00,c2d63ea5eb7b6689,57308c5b47c93519033e250f66bba75cbbc9d7ef3a1da132e6878e58d9c3acd8,93,ACCEPTED
FL10_MODE_B_RUN_01,7,SIM_FL_SITE_01,defa32a6ebe3a8aa,932714138a4c49ea4de68a67cf1f9f30801804cb52ffa37d4f32003c0ed21dcb,91,ACCEPTED
FL10_MODE_B_RUN_01,7,SIM_FL_SITE_02,734962674560365e,1f37659bf7ea554a785c4f785e9718ba73afb4d6fc2204dac039c383b57223f0,91,ACCEPTED
FL10_MODE_B_RUN_01,7,SIM_FL_SITE_03,58da252495756adf,6536b9abe6c0108833f1150ee3d9884a9326b8e06fe0b89c541b88d5deb51e66,89,ACCEPTED
FL10_MODE_B_RUN_01,7,SIM_FL_SITE_04,d852cd905039dc2f,0909c5f5d46fc7265871081c47f95453ad8ccb0269cadbcc0155c34778e26162,90,ACCEPTED
FL10_MODE_B_RUN_01,7,SIM_FL_SITE_05,9eae20cc47f1e766,784236391a2d20a14c6ae7e8514557de89a0fc9f965189a6a19b5030cffb7601,93,ACCEPTED
FL10_MODE_B_RUN_01,7,SIM_FL_SITE_06,c2efc0b12e18e7c4,e89b4807d726ae71d9efc0db08e37a0f3f79da5e618cac2e489583e61e3150b5,93,ACCEPTED
FL10_MODE_B_RUN_01,7,SIM_FL_SITE_07,288f77f558f64162,090cbdf1bb9288a4bb5770db606897451a2bd33da67f1f03e38ae8a9960a0870,83,ACCEPTED
FL10_MODE_B_RUN_01,8,SIM_FL_SITE_00,37a1b2672acbb327,5ae71173ad6b19abc4aa3070502a40fb9bcbe565a0d0b72d31c0ce27170bbd61,93,ACCEPTED
FL10_MODE_B_RUN_01,8,SIM_FL_SITE_01,9323f054ef747ee4,5af7f516e2322f225097185575a734e01e556b376735e1ce83e89a60bbe26dfc,91,ACCEPTED
FL10_MODE_B_RUN_01,8,SIM_FL_SITE_02,40121afbc8bf5dba,5efbab0d7a2ceea754c595734d351deb74c295d2fc305e300eef812d72fb7f32,91,ACCEPTED
FL10_MODE_B_RUN_01,8,SIM_FL_SITE_03,b13dcc49df0be667,5eb40579915891a30432278a1b48869f14d9b801b42b2a91345d19af5e20e0c9,89,ACCEPTED
FL10_MODE_B_RUN_01,8,SIM_FL_SITE_04,2da6acb4146b64c9,58cb7a779c8f0a998df0f0576ca751fa4a8907d136de4cc68823c442c0171117,90,ACCEPTED
FL10_MODE_B_RUN_01,8,SIM_FL_SITE_05,b57d536d5c3282bb,5adf1e6cc134b4769cbddb64088dca9bc9bc8ead1e9040741395c79c9a0bae5d,93,ACCEPTED
FL10_MODE_B_RUN_01,8,SIM_FL_SITE_06,80396852f2f1c30d,60d489b5a43e3f7567c466f61d7d6e53097460dc257b8b2adb01ebd809e1e596,93,ACCEPTED
FL10_MODE_B_RUN_01,8,SIM_FL_SITE_07,f23ddff8b2432d1e,e3fcc260db9b8d459e62d1ff4187e85970e460e3c5e54757dd9cb886bbdbb105,83,ACCEPTED
FL10_MODE_B_RUN_01,9,SIM_FL_SITE_00,4fcf5ff47e804069,1626b3536cee8f3b097f408a83d684458a1714749eb9db3cf1e761b8955dd6cc,93,ACCEPTED
FL10_MODE_B_RUN_01,9,SIM_FL_SITE_01,c1a6bfd9276a1032,10e204584526b5e9269bd4940866bb455a5ec86042926e49467f37c1231e16a3,91,ACCEPTED
FL10_MODE_B_RUN_01,9,SIM_FL_SITE_02,a6106bd1361460b1,397a3ca1c8344b6624e4e0d6167ce3e0d9f89f724c39e278641b42f05ff19cac,91,ACCEPTED
FL10_MODE_B_RUN_01,9,SIM_FL_SITE_03,b99fe33bb5054447,c1e2e7312edce1a5335f02cdb783e973fb2139bc89e368991e365a01b15fbc19,89,ACCEPTED
FL10_MODE_B_RUN_01,9,SIM_FL_SITE_04,cd31b198b694ffa5,f2e51109239f66c3a150f0e9cc3903adc9dbe33a3b3bd2b9e833ae7d58feaa16,90,ACCEPTED
FL10_MODE_B_RUN_01,9,SIM_FL_SITE_05,b68cacecad0d7c0f,50ad2df44158554f2e1175edb8ca4fb5e25b6ead2481d618fb4b4ab2f5b8eb4a,93,ACCEPTED
FL10_MODE_B_RUN_01,9,SIM_FL_SITE_06,ca7f63d826bce451,5ba99b1f5a45610fb3ad001ffbe703ea82f57263aac7cad8b016d3a2e37b0405,93,ACCEPTED
FL10_MODE_B_RUN_01,9,SIM_FL_SITE_07,b160d4ea3bde3a6b,04d5e8dbba7806f626ca10c984e426fc3730e70e2b973be236701f034e679b1f,83,ACCEPTED
FL10_MODE_B_RUN_01,10,SIM_FL_SITE_00,d6f6db9a03a782fa,2a17914cc97b058d551ce437c957961da8631bbb9d815515bfd593fb78a29ec2,93,ACCEPTED
FL10_MODE_B_RUN_01,10,SIM_FL_SITE_01,330dd0a127ada3eb,daedf1d0c8141ca2a4b44903c5f067e92b5d73eaae8ce73ced42feca5f5764ac,91,ACCEPTED
FL10_MODE_B_RUN_01,10,SIM_FL_SITE_02,e7b488bd36c175e0,295bc8770c4490c2e074c6bf0060edad13747982c1c8b324c645d585af0a4b06,91,ACCEPTED
FL10_MODE_B_RUN_01,10,SIM_FL_SITE_03,8f5da06a84979c04,42db9bdcde775c739dedd02d902ee634bb45de427cfee5ceef3d1c2859b03a39,89,ACCEPTED
FL10_MODE_B_RUN_01,10,SIM_FL_SITE_04,3ffd4f976a36620d,1d3768ca94e45c8b2834b75319e35e265051c5a820bb0d47eb736be948283eed,90,ACCEPTED
FL10_MODE_B_RUN_01,10,SIM_FL_SITE_05,4f6be1678ec0abea,edf3538c80d22b5f3a881be2c14a08aecc9112b60a4c3cf413cea2382b2c0c60,93,ACCEPTED
FL10_MODE_B_RUN_01,10,SIM_FL_SITE_06,98ae7869f9369781,4d8fb38346ad19524cc0f1e1e352204d0fa81480cb5a5c904396ba30b16fbf67,93,ACCEPTED
FL10_MODE_B_RUN_01,10,SIM_FL_SITE_07,db047f8157ebf262,917f04893140840e34dddc3251e48a9be1f508b0cdee004eadc6199df93921a1,83,ACCEPTED
