path,trial,status,runtime_seconds,accounting_id,client_to_server,server_to_client,total
PLAIN_REFERENCE_V1,1,PASS,0.0024070829967968166,FLOWER_APPLICATION_PAYLOAD_BYTES_V1,446336,56448,502784
FLOWER_SECAGGPLUS_V1,1,PASS,0.15875537499960046,FLOWER_APPLICATION_PAYLOAD_BYTES_V1,897384,487584,1384968
PLAIN_REFERENCE_V1,2,PASS,0.0022948749974602833,FLOWER_APPLICATION_PAYLOAD_BYTES_V1,446336,56448,502784
FLOWER_SECAGGPLUS_V1,2,PASS,0.15339970900095068,FLOWER_APPLICATION_PAYLOAD_BYTES_V1,897384,487584,1384968
PLAIN_REFERENCE_V1,3,PASS,0.0022375830012606457,FLOWER_APPLICATION_PAYLOAD_BYTES_V1,446336,56448,502784
FLOWER_SECAGGPLUS_V1,3,PASS,0.15281999998842366,FLOWER_APPLICATION_PAYLOAD_BYTES_V1,897384,487584,1384968
PLAIN_REFERENCE_V1,4,PASS,0.0022382910101441666,FLOWER_APPLICATION_PAYLOAD_BYTES_V1,446336,56448,502784
FLOWER_SECAGGPLUS_V1,4,PASS,0.15303037498961203,FLOWER_APPLICATION_PAYLOAD_BYTES_V1,897384,487584,1384968
PLAIN_REFERENCE_V1,5,PASS,0.0022667080047540367,FLOWER_APPLICATION_PAYLOAD_BYTES_V1,446336,56448,502784
FLOWER_SECAGGPLUS_V1,5,PASS,0.1531524169986369,FLOWER_APPLICATION_PAYLOAD_BYTES_V1,897384,487584,1384968
PLAIN_REFERENCE_V1,6,PASS,0.0022327500046230853,FLOWER_APPLICATION_PAYLOAD_BYTES_V1,446336,56448,502784
FLOWER_SECAGGPLUS_V1,6,PASS,0.15284695800801273,FLOWER_APPLICATION_PAYLOAD_BYTES_V1,897384,487584,1384968
PLAIN_REFERENCE_V1,7,PASS,0.0022434999991673976,FLOWER_APPLICATION_PAYLOAD_BYTES_V1,446336,56448,502784
FLOWER_SECAGGPLUS_V1,7,PASS,0.15292254100495484,FLOWER_APPLICATION_PAYLOAD_BYTES_V1,897384,487584,1384968
PLAIN_REFERENCE_V1,8,PASS,0.0023075000062817708,FLOWER_APPLICATION_PAYLOAD_BYTES_V1,446336,56448,502784
FLOWER_SECAGGPLUS_V1,8,PASS,0.15193891599483322,FLOWER_APPLICATION_PAYLOAD_BYTES_V1,897384,487584,1384968
PLAIN_REFERENCE_V1,9,PASS,0.0022470410040114075,FLOWER_APPLICATION_PAYLOAD_BYTES_V1,446336,56448,502784
FLOWER_SECAGGPLUS_V1,9,PASS,0.15337883299798705,FLOWER_APPLICATION_PAYLOAD_BYTES_V1,897384,487584,1384968
PLAIN_REFERENCE_V1,10,PASS,0.002215959000750445,FLOWER_APPLICATION_PAYLOAD_BYTES_V1,446336,56448,502784
FLOWER_SECAGGPLUS_V1,10,PASS,0.1552728329988895,FLOWER_APPLICATION_PAYLOAD_BYTES_V1,897384,487584,1384968
