section,payload_json
PATIENT_ERROR_RANKING_V2,"{""brier_score"":0.03514904408362006,""misclassification_count"":0,""misclassification_fraction"":0.0,""negative"":360,""patient_pseudonym"":""INT_PATIENT_001"",""positive"":0,""positive_F1"":""NOT_INTERPRETABLE_FOR_OVERALL_PATIENT_RANKING"",""positive_F1_status"":""NOT_INTERPRETABLE_FOR_OVERALL_PATIENT_RANKING"",""ranking_status"":""BEST_BY_BRIER"",""sensitivity"":""UNDEFINED_SINGLE_CLASS"",""specificity"":1.0,""specificity_status"":""DEFINED"",""window_count"":360}"
PATIENT_ERROR_RANKING_V2,"{""brier_score"":0.035856830128675035,""misclassification_count"":13,""misclassification_fraction"":0.03611111111111111,""negative"":347,""patient_pseudonym"":""INT_PATIENT_006"",""positive"":13,""positive_F1"":0.0,""positive_F1_status"":""DEFINED_POSITIVE_CLASS_DIAGNOSTIC"",""ranking_status"":""UNRANKED_EXTREME"",""sensitivity"":0.0,""specificity"":1.0,""specificity_status"":""DEFINED"",""window_count"":360}"
PATIENT_ERROR_RANKING_V2,"{""brier_score"":0.06710190644452077,""misclassification_count"":27,""misclassification_fraction"":0.075,""negative"":27,""patient_pseudonym"":""INT_PATIENT_003"",""positive"":333,""positive_F1"":0.9609261939218524,""positive_F1_status"":""DEFINED_POSITIVE_CLASS_DIAGNOSTIC"",""ranking_status"":""UNRANKED_EXTREME"",""sensitivity"":0.996996996996997,""specificity"":0.037037037037037035,""specificity_status"":""DEFINED"",""window_count"":360}"
PATIENT_ERROR_RANKING_V2,"{""brier_score"":0.1266156483870512,""misclassification_count"":59,""misclassification_fraction"":0.1638888888888889,""negative"":193,""patient_pseudonym"":""INT_PATIENT_002"",""positive"":167,""positive_F1"":0.8475452196382429,""positive_F1_status"":""DEFINED_POSITIVE_CLASS_DIAGNOSTIC"",""ranking_status"":""UNRANKED_EXTREME"",""sensitivity"":0.9820359281437125,""specificity"":0.7098445595854922,""specificity_status"":""DEFINED"",""window_count"":360}"
PATIENT_ERROR_RANKING_V2,"{""brier_score"":0.13224524920126915,""misclassification_count"":81,""misclassification_fraction"":0.225,""negative"":1,""patient_pseudonym"":""INT_PATIENT_005"",""positive"":359,""positive_F1"":0.8728414442700158,""positive_F1_status"":""DEFINED_POSITIVE_CLASS_DIAGNOSTIC"",""ranking_status"":""UNRANKED_EXTREME"",""sensitivity"":0.7743732590529248,""specificity"":1.0,""specificity_status"":""DEFINED"",""window_count"":360}"
PATIENT_ERROR_RANKING_V2,"{""brier_score"":0.371031922697688,""misclassification_count"":191,""misclassification_fraction"":0.5350140056022409,""negative"":73,""patient_pseudonym"":""INT_PATIENT_004"",""positive"":284,""positive_F1"":0.493368700265252,""positive_F1_status"":""DEFINED_POSITIVE_CLASS_DIAGNOSTIC"",""ranking_status"":""WORST_BY_BRIER"",""sensitivity"":0.3274647887323944,""specificity"":1.0,""specificity_status"":""DEFINED"",""window_count"":357}"
NOISE_TYPE_ERROR_ANALYSIS_V1,"{""AUPRC"":0.9308769980428082,""AUROC"":0.8491747296528174,""F1"":0.8048780487804879,""FN"":40,""FP"":168,""TN"":83,""TP"":429,""decision_changes_vs_clean"":2,""delta_AUPRC_vs_clean"":-7.494891149706362e-06,""mean_calibrated_probability"":0.8172766653880247,""negative"":251,""noise_source"":""bw"",""noise_type"":""BASELINE_WANDER"",""positive"":469,""precision"":0.7185929648241206,""sensitivity"":0.9147121535181236,""snr_db"":24,""source_records"":2,""specificity"":0.33067729083665337,""windows"":720}"
NOISE_TYPE_ERROR_ANALYSIS_V1,"{""AUPRC"":0.9305769680516749,""AUROC"":0.8483082594993162,""F1"":0.8071161048689138,""FN"":38,""FP"":168,""TN"":83,""TP"":431,""decision_changes_vs_clean"":4,""delta_AUPRC_vs_clean"":-0.0003075248822830279,""mean_calibrated_probability"":0.825068904504579,""negative"":251,""noise_source"":""bw"",""noise_type"":""BASELINE_WANDER"",""positive"":469,""precision"":0.7195325542570952,""sensitivity"":0.9189765458422174,""snr_db"":18,""source_records"":2,""specificity"":0.33067729083665337,""windows"":720}"
NOISE_TYPE_ERROR_ANALYSIS_V1,"{""AUPRC"":0.9276608248079102,""AUROC"":0.8429055632480738,""F1"":0.8085106382978723,""FN"":32,""FP"":175,""TN"":76,""TP"":437,""decision_changes_vs_clean"":19,""delta_AUPRC_vs_clean"":-0.003223668126047685,""mean_calibrated_probability"":0.8478459700899944,""negative"":251,""noise_source"":""bw"",""noise_type"":""BASELINE_WANDER"",""positive"":469,""precision"":0.7140522875816994,""sensitivity"":0.9317697228144989,""snr_db"":12,""source_records"":2,""specificity"":0.30278884462151395,""windows"":720}"
NOISE_TYPE_ERROR_ANALYSIS_V1,"{""AUPRC"":0.9174050352231604,""AUROC"":0.8259499316168163,""F1"":0.8096085409252669,""FN"":14,""FP"":200,""TN"":51,""TP"":455,""decision_changes_vs_clean"":58,""delta_AUPRC_vs_clean"":-0.013479457710797504,""mean_calibrated_probability"":0.9097786198891569,""negative"":251,""noise_source"":""bw"",""noise_type"":""BASELINE_WANDER"",""positive"":469,""precision"":0.6946564885496184,""sensitivity"":0.9701492537313433,""snr_db"":6,""source_records"":2,""specificity"":0.20318725099601595,""windows"":720}"
NOISE_TYPE_ERROR_ANALYSIS_V1,"{""AUPRC"":0.8247001162401177,""AUROC"":0.7096645401337083,""F1"":0.7902274641954508,""FN"":0,""FP"":249,""TN"":2,""TP"":469,""decision_changes_vs_clean"":121,""delta_AUPRC_vs_clean"":-0.10618437669384018,""mean_calibrated_probability"":0.9944264265393596,""negative"":251,""noise_source"":""bw"",""noise_type"":""BASELINE_WANDER"",""positive"":469,""precision"":0.6532033426183844,""sensitivity"":1.0,""snr_db"":0,""source_records"":2,""specificity"":0.00796812749003984,""windows"":720}"
NOISE_TYPE_ERROR_ANALYSIS_V1,"{""AUPRC"":0.6602449883627062,""AUROC"":0.5096288619509171,""F1"":0.7888982338099243,""FN"":0,""FP"":251,""TN"":0,""TP"":469,""decision_changes_vs_clean"":123,""delta_AUPRC_vs_clean"":-0.27063950457125174,""mean_calibrated_probability"":0.9998845326883058,""negative"":251,""noise_source"":""bw"",""noise_type"":""BASELINE_WANDER"",""positive"":469,""precision"":0.6513888888888889,""sensitivity"":1.0,""snr_db"":-6,""source_records"":2,""specificity"":0.0,""windows"":720}"
NOISE_TYPE_ERROR_ANALYSIS_V1,"{""AUPRC"":0.9310036777911993,""AUROC"":0.8497014075892593,""F1"":0.8048780487804879,""FN"":40,""FP"":168,""TN"":83,""TP"":429,""decision_changes_vs_clean"":2,""delta_AUPRC_vs_clean"":0.00011918485724138339,""mean_calibrated_probability"":0.8145619182204203,""negative"":251,""noise_source"":""em"",""noise_type"":""ELECTRODE_MOTION"",""positive"":469,""precision"":0.7185929648241206,""sensitivity"":0.9147121535181236,""snr_db"":24,""source_records"":2,""specificity"":0.33067729083665337,""windows"":720}"
NOISE_TYPE_ERROR_ANALYSIS_V1,"{""AUPRC"":0.9309605859068317,""AUROC"":0.8494210790101853,""F1"":0.8059981255857545,""FN"":39,""FP"":168,""TN"":83,""TP"":430,""decision_changes_vs_clean"":3,""delta_AUPRC_vs_clean"":7.609297287380912e-05,""mean_calibrated_probability"":0.8163400349712052,""negative"":251,""noise_source"":""em"",""noise_type"":""ELECTRODE_MOTION"",""positive"":469,""precision"":0.7190635451505016,""sensitivity"":0.9168443496801706,""snr_db"":18,""source_records"":2,""specificity"":0.33067729083665337,""windows"":720}"
NOISE_TYPE_ERROR_ANALYSIS_V1,"{""AUPRC"":0.9311874667519198,""AUROC"":0.8491492452365379,""F1"":0.8067542213883677,""FN"":39,""FP"":167,""TN"":84,""TP"":430,""decision_changes_vs_clean"":14,""delta_AUPRC_vs_clean"":0.0003029738179618491,""mean_calibrated_probability"":0.8232750099911621,""negative"":251,""noise_source"":""em"",""noise_type"":""ELECTRODE_MOTION"",""positive"":469,""precision"":0.7202680067001676,""sensitivity"":0.9168443496801706,""snr_db"":12,""source_records"":2,""specificity"":0.3346613545816733,""windows"":720}"
NOISE_TYPE_ERROR_ANALYSIS_V1,"{""AUPRC"":0.9310013182623798,""AUROC"":0.8499562517520536,""F1"":0.8026070763500931,""FN"":38,""FP"":174,""TN"":77,""TP"":431,""decision_changes_vs_clean"":36,""delta_AUPRC_vs_clean"":0.00011682532842183235,""mean_calibrated_probability"":0.8436817760200542,""negative"":251,""noise_source"":""em"",""noise_type"":""ELECTRODE_MOTION"",""positive"":469,""precision"":0.7123966942148761,""sensitivity"":0.9189765458422174,""snr_db"":6,""source_records"":2,""specificity"":0.30677290836653387,""windows"":720}"
NOISE_TYPE_ERROR_ANALYSIS_V1,"{""AUPRC"":0.8841619548585972,""AUROC"":0.7890994656767387,""F1"":0.8,""FN"":21,""FP"":203,""TN"":48,""TP"":448,""decision_changes_vs_clean"":78,""delta_AUPRC_vs_clean"":-0.04672253807536075,""mean_calibrated_probability"":0.9019062071426229,""negative"":251,""noise_source"":""em"",""noise_type"":""ELECTRODE_MOTION"",""positive"":469,""precision"":0.6881720430107527,""sensitivity"":0.9552238805970149,""snr_db"":0,""source_records"":2,""specificity"":0.19123505976095617,""windows"":720}"
NOISE_TYPE_ERROR_ANALYSIS_V1,"{""AUPRC"":0.717121978277778,""AUROC"":0.5868891173047681,""F1"":0.7928388746803069,""FN"":4,""FP"":239,""TN"":12,""TP"":465,""decision_changes_vs_clean"":117,""delta_AUPRC_vs_clean"":-0.2137625146561799,""mean_calibrated_probability"":0.9619379507931113,""negative"":251,""noise_source"":""em"",""noise_type"":""ELECTRODE_MOTION"",""positive"":469,""precision"":0.6605113636363636,""sensitivity"":0.9914712153518124,""snr_db"":-6,""source_records"":2,""specificity"":0.04780876494023904,""windows"":720}"
NOISE_TYPE_ERROR_ANALYSIS_V1,"{""AUPRC"":0.9326370639513735,""AUROC"":0.8527425479319397,""F1"":0.8067542213883677,""FN"":39,""FP"":167,""TN"":84,""TP"":430,""decision_changes_vs_clean"":2,""delta_AUPRC_vs_clean"":0.0017525710174155495,""mean_calibrated_probability"":0.8177552177397047,""negative"":251,""noise_source"":""ma"",""noise_type"":""MUSCLE_ARTIFACT"",""positive"":469,""precision"":0.7202680067001676,""sensitivity"":0.9168443496801706,""snr_db"":24,""source_records"":2,""specificity"":0.3346613545816733,""windows"":720}"
NOISE_TYPE_ERROR_ANALYSIS_V1,"{""AUPRC"":0.9331071953983021,""AUROC"":0.8531587933978372,""F1"":0.8104089219330854,""FN"":33,""FP"":171,""TN"":80,""TP"":436,""decision_changes_vs_clean"":12,""delta_AUPRC_vs_clean"":0.002222702464344195,""mean_calibrated_probability"":0.8322417957665743,""negative"":251,""noise_source"":""ma"",""noise_type"":""MUSCLE_ARTIFACT"",""positive"":469,""precision"":0.7182866556836903,""sensitivity"":0.929637526652452,""snr_db"":18,""source_records"":2,""specificity"":0.3187250996015936,""windows"":720}"
NOISE_TYPE_ERROR_ANALYSIS_V1,"{""AUPRC"":0.9319140077581032,""AUROC"":0.850296043969113,""F1"":0.8058608058608059,""FN"":29,""FP"":183,""TN"":68,""TP"":440,""decision_changes_vs_clean"":30,""delta_AUPRC_vs_clean"":0.0010295148241452612,""mean_calibrated_probability"":0.8704206789807456,""negative"":251,""noise_source"":""ma"",""noise_type"":""MUSCLE_ARTIFACT"",""positive"":469,""precision"":0.7062600321027287,""sensitivity"":0.9381663113006397,""snr_db"":12,""source_records"":2,""specificity"":0.27091633466135456,""windows"":720}"
NOISE_TYPE_ERROR_ANALYSIS_V1,"{""AUPRC"":0.9235338342021445,""AUROC"":0.8358888539657999,""F1"":0.801056338028169,""FN"":14,""FP"":212,""TN"":39,""TP"":455,""decision_changes_vs_clean"":76,""delta_AUPRC_vs_clean"":-0.007350658731813398,""mean_calibrated_probability"":0.9272640032283157,""negative"":251,""noise_source"":""ma"",""noise_type"":""MUSCLE_ARTIFACT"",""positive"":469,""precision"":0.6821589205397302,""sensitivity"":0.9701492537313433,""snr_db"":6,""source_records"":2,""specificity"":0.1553784860557769,""windows"":720}"
NOISE_TYPE_ERROR_ANALYSIS_V1,"{""AUPRC"":0.8240771844700896,""AUROC"":0.7105819791197683,""F1"":0.7938408896492729,""FN"":5,""FP"":236,""TN"":15,""TP"":464,""decision_changes_vs_clean"":119,""delta_AUPRC_vs_clean"":-0.10680730846386832,""mean_calibrated_probability"":0.9671241688220432,""negative"":251,""noise_source"":""ma"",""noise_type"":""MUSCLE_ARTIFACT"",""positive"":469,""precision"":0.6628571428571428,""sensitivity"":0.9893390191897654,""snr_db"":0,""source_records"":2,""specificity"":0.05976095617529881,""windows"":720}"
NOISE_TYPE_ERROR_ANALYSIS_V1,"{""AUPRC"":0.7049970366825657,""AUROC"":0.5603003763198804,""F1"":0.7826825127334465,""FN"":8,""FP"":248,""TN"":3,""TP"":461,""decision_changes_vs_clean"":134,""delta_AUPRC_vs_clean"":-0.22588745625139217,""mean_calibrated_probability"":0.9803226471423597,""negative"":251,""noise_source"":""ma"",""noise_type"":""MUSCLE_ARTIFACT"",""positive"":469,""precision"":0.6502115655853314,""sensitivity"":0.9829424307036247,""snr_db"":-6,""source_records"":2,""specificity"":0.01195219123505976,""windows"":720}"
