freeze_id,artifact_or_decision,version_id,current_status,freeze_gate,change_class_required,invalidated_tasks_if_changed,invalidated_experiments_if_changed,evidence_to_regenerate,notes
F01,source authority,SPEC_V2.2/PLAN_V1.0,FROZEN,G0,C,T002-T036,E01-E16,all downstream evidence,v2.2 and canonical execution-plan source hashes recorded; master prompt is planning input only.
F02,hardware/data contract,HARDWARE_DATA_CONTRACT_V1,NOT_FROZEN,G1,C,T005;T030;T032;T034,E07;E08;E16,contract and wearable/integration reports,Observed MongoDB V0 remains unverified until T004.
F03,dataset versions/manifests,DATASETS_V1,NOT_FROZEN,G3,C,T008-T031;T034-T036,E01-E14,data/model/evaluation/federated evidence,PTB-XL excluded from core scope.
F04,label mapping,AAMI_SVF_MAP_V1,FROZEN,G4,C,T009-T031;T034-T036,E01-E14,labels/models/evaluations/federated evidence,Mapping change requires a new explicit version.
F05,patient split,MITDB_SPLIT_V1,FROZEN,G5,C,T010-T031;T034-T036,E01-E14,split/model/evaluation/federated evidence,Patients and 201/202 grouping immutable after freeze.
F06,preprocessing,PREPROC_V1/GAP_POLICY_V1,FROZEN,G6,C,T014-T035,E01-E16,all derived caches/models/evaluations/deployment,"Any scientific transform change is Class C and invalidates dependent caches, models, evaluations, and deployment artifacts."
F07,baseline configuration,BASELINE_V1,FROZEN,G7,C,T015;T016;T035;T036,E01,baseline report and model artifacts,Majority and all learned transformations remain training-only.
F08,MODEL_V1,MODEL_V1,FROZEN,G8,C,T017-T034;T036,E02-E16,calibration/evaluation/FL/deployment/context evidence,Checkpoint/config/test vector hash required.
F09,calibration,CAL_V1,FROZEN,G10,C,T018-T034;T036,E03-E16,artifacts/CAL_V1.json and downstream thresholded/evaluation/API/dashboard evidence,Frozen evidence is artifacts/CAL_V1.json; MIT-BIH source-domain only; small-patient-sample uncertainty.
F10,internal test,INTERNAL_TEST_V1,FROZEN,G10,C,T019-T036,E04-E16,reports/internal_test.json and hash-bound predictions/bootstrap evidence,One guarded internal-test inference pass; statistical method frozen before access; no post-test tuning. Later error analysis may read frozen outputs but cannot retune MODEL_V1 or CAL_V1.
F11,external evaluation,INCART_EXT_V1,FROZEN,G10,C,T031;T035;T036,E06,reports/external_incart.json and hash-bound predictions/bootstrap evidence,One locked run before adaptation; no post-result tuning.
F12,federated configuration,FL_CONFIG_V1,NOT_FROZEN,G12,C,T027;T028;T035;T036,E09-E14,federated/privacy reports,Patient pool and matched budgets fixed.
F13,privacy configuration,SECAGG_CONFIG_V1,NOT_FROZEN,G14,C,T035;T036,E14,privacy report and claims,Class B only for interface-only revision; scientific/threat-model claim change is C.
F14,deployment artifact,GATEWAY_ARTIFACT_V1,NOT_FROZEN,G15,C,T030;T032-T036,E15;E16,edge/wearable/API/e2e evidence,MCU remains optional separate artifact.
F15,release package,RELEASE_V1,NOT_FROZEN,G22,C,,E01-E16,complete release evidence,No future artifact is frozen during T002.
