gate_id,gate_name,purpose,prerequisite_tasks,required_requirements,required_tests,required_artifacts,pass_criteria,fail_criteria,recovery_action,blocks_tasks,status,evidence_path
G0,Scope Freeze,"Freeze task, research questions, authority, and claim boundary.",T001;T002,R26;R27;CB01,T001 closure and T002 registry audits,reports/t001/closure_verification.json;manifests/requirements_v22.csv,Task and claim boundary explicit; closure evidence PASS.,Authority/scope ambiguity or closure not PASS.,Stop downstream implementation and repair source/coverage evidence.,T003;T004;T005;T006;T007;T008;T009;T010;T011;T012;T013;T014;T015;T016;T017;T018;T019;T020;T021;T022;T023;T024;T025;T026;T027;T028;T029;T030;T031;T032;T033;T034;T035;T036,PASS,reports/t001/closure_verification.json
G1,Hardware/Data Contract,Freeze canonical hardware/data semantics and firmware schema.,T003;T004,HW01;DC01;R06.1,Schema fixtures; bench timing/ADC/packet verification,contracts/HARDWARE_DATA_CONTRACT_V1.md;reports/hardware/contract_verification.json,"All required fields, types, clocks, provenance, and verified/unknown semantics defined.",Sensor semantics remain unknown without explicit evidence/status.,Bench hardware and inspect firmware/backend; version the contract.,T030,NOT_STARTED,reports/hardware/contract_verification.json
G2,Dataset Acquisition,Verify exact public dataset versions and immutable provenance.,T006;T007,R26.1;DS01,Checksum/license/parse smoke tests,manifests/datasets/,Exact declared versions download/parse with hashes and licenses.,"Missing, corrupt, or mis-versioned source.",Redownload or repair manifest; do not proceed on uncertain source.,T008,PASS,reports/data/acquisition_audit.json
G3,Dataset Validation,"Validate records, annotations, identifiers, and locked channel policy.",T006;T007,R03;R03.1;R26.1;DS01,Record/schema/channel/duplicate/symbol-census tests,reports/data/validation_report.json;manifests/datasets/channel_exclusions.csv,All expected fields and annotation/channel checks pass or documented version exception is approved.,Unexpected fields/counts or untracked exclusions.,Block labels/splits; repair validation or source version.,T008,PASS,reports/data/validation_report.json
G4,Label Freeze,Freeze AAMI_SVF_WINDOW_V1 and shared AAMI_SVF_MAP_V1.,T008,R01;R01.1;R01.2,Complete allowlist/unknown/paced/non-beat/window eligibility tests,contracts/LABEL_SCHEMA_V1.md;reports/labels/label_audit.json,Symbol mapping and target tests pass for both source datasets.,"Any ambiguous, inconsistent, or silently coerced target symbol.",Revise/version mapping before any training and regenerate dependent artifacts.,T009;T013;T014;T015,PASS,reports/labels/label_audit.json
G5,Split/Leakage Audit,Freeze patient partitions before windows/models.,T009;T010,R04;R04.1;R04.2,Disjoint participants; 201/202 grouping; post-split window build audit,manifests/splits/MITDB_SPLIT_V1.csv;reports/splits/split_audit.json,Zero patient overlap; 201/202 grouped; patient counts reported.,"Any leakage, role violation, or result-driven regeneration.",Regenerate before training and invalidate all dependent runs.,T010;T011;T012;T013;T014;T015;T025,NOT_STARTED,reports/splits/split_audit.json
G6,Preprocessing Pass,"Prove causal preprocessing, resampling, gaps, windows, and quality.",T010;T011;T012;T013,R02;R05;R05.1;R06;R06.1;SQ01,Future-append; impulse; chunk equivalence; gap; window; hard-quality tests,reports/preprocessing/causality_tests.json;reports/preprocessing/gap_tests.json,All future-append and chunk-equivalence tests pass; gap/window/quality contracts exact.,"Any future dependence, state mismatch, or gap/window contract defect.",Replace/version the transform and invalidate caches/downstream runs.,T014;T015;T021;T023;T030,NOT_STARTED,reports/preprocessing/causality_tests.json
G7,Baseline Pass,Establish pipeline sanity with locked trivial/classical baselines.,T014,R07,Training-only majority and feature fit-scope tests,reports/baselines/baseline_report.json,Pipeline produces reproducible metrics and majority predictor is train-derived.,"Pipeline failure, leakage, or held-out prevalence selection.",Debug data/features/model without using test outcomes.,T015,NOT_STARTED,reports/baselines/baseline_report.json
G8,ECG Model Lock,Freeze reproducible MODEL_V1 architecture/checkpoint/config.,T015;T016,R08;R08.1,Shape; fixed-vector logits; seed/config/checkpoint determinism,checkpoints/MODEL_V1.manifest.json,Validation acceptance and test-vector reproduction pass; checkpoint hash stored.,"Unstable model, interface drift, or unreproducible logits.","Simplify/tune only on train/validation, then version and re-gate.",T016;T017;T018;T019;T020;T025;T029;T031,NOT_STARTED,checkpoints/MODEL_V1.manifest.json
G9,Multimodal Context Pass,"Validate deterministic context, episode policy, and controlled quality-aware comparison.",T021;T022;T023,R13;R13.1;R14;R14.1;R15;R15.1;CB05,Synchronization; quality; state table; episode; deterministic perturbation tests,reports/bidmc_multimodal_engineering/report.json;reports/quality_aware_alert_robustness/report.json,Sync/quality/episode tests pass and controlled comparison reproduces without learned-fusion claim.,"False multimodal claim, undefined episode counting, or nondeterministic comparison.",Fix context/episode experiment; never invent predictive labels.,T033;T034;T036,NOT_STARTED,reports/quality_aware_alert_robustness/report.json
G10,Central Eval Freeze,"Freeze calibration, internal, noise, and external evidence without post-test tuning.",T017;T018,R09;R09.1;R10;R10.1;R11;R12;CB06,Calibration provenance; clustered statistics; checkpoint/threshold/no-adaptation audits,reports/calibration/calibration.json;reports/internal_test/report.json;reports/noise_robustness/report.json;reports/external_incart/report.json,Checkpoint/threshold locked and evaluations use declared patient-level uncertainty.,"Any post-test tuning, window CI, lead/map drift, or external adaptation.",Version bump and new untouched-test policy; never overwrite prior evidence.,T019;T020;T031;T036,NOT_STARTED,reports/internal_test/report.json
G11,FedAvg Pass,Validate analytical aggregation and frozen IID FedAvg baseline.,T024;T025,R16;R16.1;R17;R17.1;CB03,Toy weighted mean; client disjointness; round/config audit,reports/federated/fl_iid/report.json,Toy equivalence and stable locked-budget IID run pass.,Aggregation/serialization/patient-contamination defect.,Block FL extensions; repair toy and client-manifest logic first.,T026;T027;T028,NOT_STARTED,reports/federated/fl_iid/report.json
G12,Non-IID Pass,Validate controlled heterogeneity with patient integrity and matched budgets.,T026,R18;R18.1;R16.1,Client manifest and config-difference audit,reports/federated/non_iid_report.json,Patient integrity and declared matched-budget construction pass.,"Confounded clients, cross-site patients, or hidden budget changes.",Rebuild/version manifests and rerun affected experiments.,T027,NOT_STARTED,reports/federated/non_iid_report.json
G13,FedProx Pass,Freeze a matched FedAvg/FedProx comparison.,T027,R19;R10.1,mu=0 equivalence; config-match; paired statistic tests,reports/federated/fedprox_report.json,Only local objective differs and all comparison settings remain matched.,"Unmatched setting, failed mu=0 equivalence, or test-driven tuning.","Repair objective/config, retune only on federated validation, rerun.",T036,NOT_STARTED,reports/federated/fedprox_report.json
G14,Privacy Pass,"Validate scoped SecAgg+ correctness, visibility, and overhead.",T028,R20;R20.1;CB04,Aggregate correctness; dropout; server-visible objects; claim audit,reports/privacy_secagg/report.json,Individual clear update is absent at server aggregation interface and limitations are explicit.,Privacy claim unsupported or aggregate incorrect.,Fix reference workflow or remove implemented-privacy claim under fallback.,T036,NOT_STARTED,reports/privacy_secagg/report.json
G15,Edge Benchmark,Measure mandatory gateway feasibility.,T029,R21;R21.1,Prediction equivalence and >=1000-window resource benchmark,reports/edge_benchmark/report.json,"Model size, parameters, peak RAM, p50/p95 latency, and throughput measured.",No deployable gateway artifact or unexplained prediction delta.,Retain research model on gateway Python; omit unsupported optimization.,T030;T034,NOT_STARTED,reports/edge_benchmark/report.json
G16,Wearable Validation,Prove same canonical path accepts real synchronized hardware data.,T030,R22;R22.1;CB02,"Contract, clock/sync, quality, dropout, latency, and replay tests",reports/wearable_validation/report.json,Same contract/pipeline accepts consent-compliant wearable session with domain-only claims.,"Hidden separate pipeline, unverified semantics, or clinical efficacy claim.",Fix integration/contract or reduce claim; do not fabricate labels.,T034,NOT_STARTED,reports/wearable_validation/report.json
G17,Explainability,Validate EXPLAINABILITY_V1 diagnostics.,T031,R23;R23.1,"Method parameter, case-selection, and completeness-delta tests",reports/explainability/case_report.json,"Zero baseline, 64-step Gauss-Legendre, signed/absolute outputs, convergence and predeclared cases saved.","Method/parameter drift, attractive-case selection, or causal clinical wording.",Fix implementation or omit unstable method from core UI.,T036,NOT_STARTED,reports/explainability/case_report.json
G18,API Pass,Freeze versioned research-only runtime schema.,T032,R24;R24.1;CB01;CB06,"Schema, status code, version fields, REST/WebSocket equivalence",api/openapi.json;reports/api/contract_tests.json,Versioned outputs/errors and research semantics pass.,"Schema drift, missing IDs, diagnosis string, or alternate stream logic.",Fix before dashboard integration.,T033;T034,NOT_STARTED,reports/api/contract_tests.json
G19,Dashboard Pass,Validate state mapping and safe wording.,T033,R25;R25.1;CB01;CB06,"All-state mapping, required panels/metadata, prohibited-wording tests",reports/dashboard/state_tests.json,UI state wording exactly matches contract and exposes versions/domain.,Diagnostic wording or state/schema mismatch.,Block release; fix strings/state consumption.,T034,NOT_STARTED,reports/dashboard/state_tests.json
G20,Reproducibility,Prove clean supported-runtime recreation and artifact identity.,T035,R26;R26.1;R26.2;TEST01,"Clean environment, lock, command, manifest, seed, and hash verification",reports/reproducibility/clean_run.json,Smoke run reproduces artifact IDs/metrics within declared tolerance without manual dependency.,Missing lock/config/seed/hash or manual reconstruction.,Lock environment and regenerate evidence through scripts.,T036,NOT_STARTED,reports/reproducibility/clean_run.json
G21,Final Integration,Validate recorded stream through dashboard and evidence logs.,T034,R22;R24;R25;R28.9;R28.10,Recorded wearable replay end-to-end and log/version assertions,reports/integration/e2e_replay.json,Recorded stream -> quality -> inference -> fusion -> API -> dashboard works continuously with logs.,"Integration failure, hidden manual step, or unsafe state.",Use documented fallback level and repair the failing boundary.,T036,NOT_STARTED,reports/integration/e2e_replay.json
G22,Final Release,Freeze complete reproducible evidence package and defensible claims.,T036,R27;R27.1;R28;REL01;CB01;CB02;CB03;CB04;CB05;CB06,Release manifest existence/hash/gate/limitation/claim audit,release/release_manifest.json,All mandatory artifacts present and hashed; gate/fallback/limitations consistent.,"Missing evidence, silent gate skip, or unsupported claim.",Do not submit as complete; regenerate evidence or invoke explicit fallback.,,NOT_STARTED,release/release_manifest.json
