requirement_id,parent_requirement_id,requirement_type,short_name,requirement_text,source_document,source_version,source_section,source_page_or_locator,mandatory,implementation_tasks,planned_files_or_modules,validation_method,acceptance_criterion,gate_ids,evidence_artifacts,freeze_stage,change_class,claim_boundary,status,notes
R01,,SCIENTIFIC_TARGET,AAMI SVF target and map,Use AAMI_SVF_WINDOW_V1 with the identical explicit AAMI_SVF_MAP_V1 allowlist for MIT-BIH and INCART.,NHM_ML_Revised_Locked_Specification_v2.2.docx,2.2,Sections 9.1-9.2,Sections 9.1-9.2,TRUE,T003;T007,contracts/LABEL_SCHEMA_V1.md;datasets/labels.py,"Mapper unit tests cover every allowlisted, paced, unknown, unmapped, and non-beat symbol.",Both datasets use the same frozen pure mapper and no unlisted beat is coerced.,G4,reports/labels/label_audit.json,LABEL_MAPPING,C,,PLANNED,
R02,,SCIENTIFIC_TARGET,Window and cadence,Prediction uses a 10-second ECG window with 5-second stride and right-edge timestamp.,NHM_ML_Revised_Locked_Specification_v2.2.docx,2.2,Sections 8 and 9.4,Sections 8 and 9.4,TRUE,T003;T010,contracts/window_v1.schema.json;preprocessing/windows.py,Synthetic boundary and future-sample tests.,Exact 2500-sample windows at 250 Hz occur every 5 seconds with no sample after t.,G6,reports/preprocessing/window_tests.json,PREPROCESSING,C,,PLANNED,
R03,,DATASET_POLICY,Locked ECG channels,Use MIT-BIH channel named exactly MLII and INCART channel named exactly II.,NHM_ML_Revised_Locked_Specification_v2.2.docx,2.2,Section 6.2,Section 6.2,TRUE,T005;T006;T020,configs/datasets/*.yaml;datasets/channel_policy.py,Header-name selection and missing-channel exclusion tests.,Only locked named leads are used and exclusions precede split/evaluation.,G3;G10,manifests/datasets/channel_exclusions.csv,DATASET_VERSIONS,C,,PLANNED,
R04,,SPLIT_POLICY,Patient-disjoint split,Split patients before windows; group MIT-BIH records 201 and 202; keep patients indivisible across partitions.,NHM_ML_Revised_Locked_Specification_v2.2.docx,2.2,Section 11.1,Section 11.1,TRUE,T008,manifests/splits/MITDB_SPLIT_V1.csv;datasets/splits.py,Participant-set disjointness and 201/202 grouping assertions.,Zero patient overlap and records 201/202 share a group.,G5,reports/splits/split_audit.json,PATIENT_SPLIT,C,,PLANNED,
R05,,PREPROCESSING,Causal preprocessing,"All deployment transforms, including filtering and stateful rational/polyphase resampling, use current/past data only.",NHM_ML_Revised_Locked_Specification_v2.2.docx,2.2,Sections 2.4 and 8,Sections 2.4 and 8,TRUE,T009;T010,preprocessing/ecg.py;preprocessing/resample.py,"Future-append, impulse-causality, and chunk-equivalence tests.",Earlier outputs are invariant to arbitrary appended futures and chunking matches continuous streaming.,G6,reports/preprocessing/causality_tests.json,PREPROCESSING,C,,PLANNED,
R06,,PREPROCESSING,Causal gap policy,Gaps <=100 ms use last-value causal ZOH plus gap mask; gaps >100 ms are unfilled and break/reset state.,NHM_ML_Revised_Locked_Specification_v2.2.docx,2.2,Section 8.2,Section 8.2,TRUE,T009;T010,preprocessing/gaps.py;configs/GAP_POLICY_V1.yaml,Short/long synthetic gap tests with alternative futures.,Short fills exactly equal last pre-gap sample; long-gap spanning windows are UNUSABLE and state resets.,G6,reports/preprocessing/gap_tests.json,PREPROCESSING,C,,PLANNED,
R07,,MODEL,Training-only majority baseline,"Choose and freeze the majority class from training prevalence only, then evaluate unchanged everywhere.",NHM_ML_Revised_Locked_Specification_v2.2.docx,2.2,Sections 1.1 and 12,Sections 1.1 and 12,TRUE,T011,models/baselines.py;configs/baseline_v1.yaml,Fixture with held-out prevalence reversal.,Prediction class remains determined solely by training labels.,G7,reports/baselines/baseline_report.json,BASELINE_CONFIGURATION,C,,PLANNED,
R08,,MODEL,MODEL_V1 contract,Implement the locked 1D CNN architecture and training contract with train-only class weighting and fixed seeds.,NHM_ML_Revised_Locked_Specification_v2.2.docx,2.2,Sections 13.1-13.2,Sections 13.1-13.2,TRUE,T012,models/ecg_cnn.py;configs/model_v1.yaml;training/centralized.py,"Shape, deterministic test-vector, seed, config, and checkpoint-hash tests.",Frozen MODEL_V1 reproduces logits within tolerance and retains its SHA-256/config.,G8,checkpoints/MODEL_V1.manifest.json,MODEL_V1,C,,PLANNED,
R09,,CALIBRATION,Dedicated calibration,Fit temperature and F1 threshold only on the dedicated calibration partition after MODEL_V1 lock.,NHM_ML_Revised_Locked_Specification_v2.2.docx,2.2,Section 24,Section 24,TRUE,T017,evaluation/calibration.py;configs/calibration_v1.yaml,Partition provenance assertion and calibration regression tests.,Calibration artifact names patient count/domain and threshold is frozen before test/external use.,G10,reports/calibration/calibration.json,CALIBRATION,C,,PLANNED,
R10,,STATISTICS,Patient-cluster bootstrap,"Use 2,000 patient-cluster bootstrap resamples for internal/external CIs; prohibit window-level CIs.",NHM_ML_Revised_Locked_Specification_v2.2.docx,2.2,Sections 23.2-23.3,Sections 23.2-23.3,TRUE,T018;T020,evaluation/bootstrap.py;evaluation/metrics.py,Known clustered fixture and paired-resample tests.,Pooled metrics are recomputed using all windows of sampled patients and patient-macro F1 is computed per patient.,G10,reports/evaluation/bootstrap_audit.json,INTERNAL_TEST,C,,PLANNED,
R11,,EXPERIMENT,NSTDB robustness,Evaluate frozen MODEL_V1 under controlled MIT-BIH NSTDB noise without claiming universal robustness.,NHM_ML_Revised_Locked_Specification_v2.2.docx,2.2,Sections 6 and 16; Appendix A E05,Sections 6 and 16; Appendix A E05,TRUE,T019,evaluation/noise.py;experiments/E05.yaml,Frozen checkpoint/config provenance and SNR/noise-regime checks.,Noise degradation report is reproducible and limited to tested regimes.,G10,reports/noise_robustness/report.json,INTERNAL_TEST,C,,PLANNED,
R12,,EXPERIMENT,INCART external evaluation,"Run one locked INCART Lead II evaluation with frozen preprocessing, map, model, calibration, and threshold before adaptation.",NHM_ML_Revised_Locked_Specification_v2.2.docx,2.2,Sections 6.2 and 16; Appendix A E06,Sections 6.2 and 16; Appendix A E06,TRUE,T020,evaluation/external.py;experiments/E06.yaml,Checkpoint/map/channel hashes and no-adaptation audit.,External evaluation occurs once under frozen inputs with patient-cluster CIs.,G10,reports/external_incart/report.json,EXTERNAL_EVALUATION,C,,PLANNED,
R13,,MULTIMODAL,Context not learned arrhythmia fusion,"PPG, SpO2, and HR support deterministic quality/context and never form a learned AAMI-SVF classifier in core scope.",NHM_ML_Revised_Locked_Specification_v2.2.docx,2.2,Sections 14-15,Sections 14-15,TRUE,T013;T014;T016,preprocessing/ppg.py;fusion/context.py,Architecture and claim audit; missing-context/state tests.,Primary model input remains ECG only and multimodal reports make no predictive-gain claim.,G9,reports/bidmc_multimodal_engineering/report.json,MULTIMODAL_CONTEXT,C,No learned multimodal arrhythmia prediction.,PLANNED,
R14,,ALERTING,ALERT_POLICY_V1,Open after two consecutive VALID above-threshold windows; close after two VALID below; enforce 30-second cooldown.,NHM_ML_Revised_Locked_Specification_v2.2.docx,2.2,Section 15.1,Section 15.1,TRUE,T015,fusion/alert_policy.py;configs/ALERT_POLICY_V1.yaml,Scripted transition sequences including DEGRADED and UNUSABLE.,Exact K=2/M=2/cooldown=30 s transitions and episode counting reproduce.,G9,reports/fusion/alert_policy_tests.json,ALERT_POLICY,C,,PLANNED,
R15,,EXPERIMENT,Quality-aware comparison,Compare identical ECG-only and quality-aware monitors under frozen deterministic degradations.,NHM_ML_Revised_Locked_Specification_v2.2.docx,2.2,Section 15.2; Appendix A E08,Section 15.2; Appendix A E08,TRUE,T016,evaluation/context_alerts.py;experiments/E08.yaml,Paired clean/degraded deterministic replay with frozen seeds.,"Report excess episodes/hour, chattering, recheck, suppression, and reference-state preservation without sensitivity claims.",G9,reports/quality_aware_alert_robustness/report.json,MULTIMODAL_CONTEXT,C,,PLANNED,
R16,,FEDERATED,Eight simulated whole-patient sites,Construct eight controlled sites from whole training patients only; never call them hospitals or institutions.,NHM_ML_Revised_Locked_Specification_v2.2.docx,2.2,Section 17.1,Section 17.1,TRUE,T022,federated/partitioning.py;manifests/clients/,"Client disjointness, partition-role, and patient-count audit.",Each patient belongs to exactly one simulated training site; held-out patients are absent.,G11;G12,reports/federated/client_audit.json,FEDERATED_CONFIGURATION,C,"Synthetic research partitions, not real institutions.",PLANNED,
R17,,FEDERATED,Locked FedAvg,"Run the same MODEL_V1 with eight clients, 50 rounds, one local epoch, all clients/round, and sample-count weighted deltas.",NHM_ML_Revised_Locked_Specification_v2.2.docx,2.2,Section 17.2,Section 17.2,TRUE,T022;T023,federated/fedavg.py;configs/fedavg_v1.yaml,Two-client analytical aggregation and round-log tests.,Toy aggregate matches analytical mean and the IID run uses the locked budget.,G11,reports/federated/fl_iid/report.json,FEDERATED_CONFIGURATION,C,,PLANNED,
R18,,FEDERATED,Controlled non-IID conditions,"Evaluate IID, label, quantity, feature/noise, and combined conditions with whole-patient integrity and matched budgets.",NHM_ML_Revised_Locked_Specification_v2.2.docx,2.2,Section 18,Section 18,TRUE,T024,federated/partitioning.py;experiments/E10-E12.yaml,Manifest invariants and config-difference audit.,Only declared heterogeneity changes; patient pool/model/budgets remain matched.,G12,reports/federated/non_iid_report.json,FEDERATED_CONFIGURATION,C,,PLANNED,
R19,,FEDERATED,Matched FedProx,FedProx changes only the local proximal objective; tune declared mu candidates on federated validation then freeze.,NHM_ML_Revised_Locked_Specification_v2.2.docx,2.2,Section 19,Section 19,TRUE,T025,federated/fedprox.py;configs/fedprox_v1.yaml,mu=0 equivalence and matched-config tests.,mu=0 matches FedAvg objective and final comparisons differ only by proximal objective.,G13,reports/federated/fedprox_report.json,FEDERATED_CONFIGURATION,C,,PLANNED,
R20,,PRIVACY,Narrow SecAgg+ claim,Demonstrate configured Flower SecAgg+ server visibility and overhead only after FedAvg correctness.,NHM_ML_Revised_Locked_Specification_v2.2.docx,2.2,Section 20,Section 20,TRUE,T026,privacy/secagg.py;configs/secagg_v1.yaml,"Instrumented aggregate correctness, dropout, and server-visible-object audit.",Server aggregation interface lacks individual clear updates; report avoids complete-privacy claims.,G14,reports/privacy_secagg/report.json,PRIVACY_CONFIGURATION,C,Aggregation-visibility claim only; not complete privacy.,PLANNED,
R21,,DEPLOYMENT,Gateway deployment,CPU inference on the local gateway is mandatory; ESP32 remains acquisition/timestamp device unless separately benchmarked.,NHM_ML_Revised_Locked_Specification_v2.2.docx,2.2,Section 21,Section 21,TRUE,T027,deployment/export.py;deployment/benchmark.py,"At least 1,000 warmed windows for size/RAM/p50/p95/throughput and prediction-delta tests.",A deployable gateway artifact has measured resources and accuracy delta.,G15,reports/edge_benchmark/report.json,DEPLOYMENT_ARTIFACT,C,,PLANNED,
R22,,WEARABLE,WEARABLE_V1 domain validation,"Use real synchronized wearable sessions for engineering/domain validation only, without disease ground truth claims.",NHM_ML_Revised_Locked_Specification_v2.2.docx,2.2,Section 22,Section 22,TRUE,T028;T031,datasets/wearable.py;deployment/replay.py,"Canonical-contract, timing, quality, latency, and replay tests.",At least one consent-compliant session passes the same path; no sensitivity/specificity is reported.,G16;G21,reports/wearable_validation/report.json,WEARABLE_DATASET,C,"Domain validation only, not clinical validation.",PLANNED,
R23,,MODEL,Integrated Gradients V1,"Use IG on pre-sigmoid logit with zero normalized-input baseline, 64 Gauss-Legendre steps, signed export, and normalized absolute overlay.",NHM_ML_Revised_Locked_Specification_v2.2.docx,2.2,Section 25,Section 25,TRUE,T021,evaluation/explainability.py;configs/explainability_v1.yaml,"Completeness delta, eval-mode, parameters, and fixed-case-selection tests.",TP/TN/FP/FN cases follow predeclared selection and retain raw ECG/annotations.,G17,reports/explainability/case_report.json,MODEL_V1,C,,PLANNED,
R24,,API,Versioned safe API,"Expose /v1/infer-window with model/preprocess/contract/alert/calibration IDs, typed errors, and research-only probability semantics.",NHM_ML_Revised_Locked_Specification_v2.2.docx,2.2,Section 27,Section 27,TRUE,T003;T029,contracts/api_v1.schema.json;api/,Schema/status/version-field contract tests.,Valid/invalid/unusable inputs produce specified responses and no diagnosis string.,G18,api/openapi.json;reports/api/schema_tests.json,API_CONTRACT,B,"Probability for project target, not disease risk.",PLANNED,
R25,,DASHBOARD,Safe dashboard states,Render the five specified monitoring/system states and research-only metadata without diagnostic wording.,NHM_ML_Revised_Locked_Specification_v2.2.docx,2.2,Section 28,Section 28,TRUE,T030,frontend/src/;contracts/dashboard_states_v1.json,All-state UI mapping and prohibited-wording tests.,State labels exactly follow the contract and show quality/version/calibration domain.,G19,reports/dashboard/state_tests.json,DASHBOARD_CONTRACT,B,,PLANNED,
R26,,REPRODUCIBILITY,Run identity and hashes,"Use locked environments, versioned configs/manifests, SHA-256 artifact identities, seeds, and common run manifests.",NHM_ML_Revised_Locked_Specification_v2.2.docx,2.2,Sections 30-31,Sections 30-31,TRUE,T001;T002;T032;T033;T036,src/nhm/reproducibility.py;experiments/registry.csv;release/,"Clean-environment smoke, hash verification, and manifest schema tests.",Every retained result traces to commit/config/data/split/model/seed and hashes verify.,G20;G22,reports/reproducibility/clean_run.json,RELEASE_PACKAGE,B,,PLANNED,
R27,,GATE,Blocking gates,"Treat G0-G22 as blocking checkpoints with artifacts, pass/fail criteria, recovery, and downstream blocks.",NHM_ML_Revised_Locked_Specification_v2.2.docx,2.2,Section 37,Section 37,TRUE,T002;T035;T036,manifests/gate_registry_v1.csv;scripts/audit_coverage_t002.py,Registry completeness and release gate audit.,Exactly G0-G22 exist; no gate is silently skipped or pre-passed.,G0;G22,release/gate_status.json,RELEASE_PACKAGE,C,,PLANNED,
R28,,DEFINITION_OF_DONE,Definition of Done and release evidence,Satisfy every Section 44 clause and retain the Appendix B evidence package before final release.,NHM_ML_Revised_Locked_Specification_v2.2.docx,2.2,Section 44; Appendix B,Section 44; Appendix B,TRUE,T033;T034;T035;T036,manifests/evidence_registry_v1.csv;release/release_manifest.json,Evidence existence/hash/claim audit.,All mandatory evidence exists or an explicit approved fallback removes its claim.,G22,release/release_manifest.json,RELEASE_PACKAGE,C,,PLANNED,
R01.1,R01,LABEL_POLICY,Target eligibility,"Positive windows contain at least one mapped S/V/F and no Q/unknown; negatives contain only mapped N; paced/unmapped/Q, fewer than five mapped beats, and UNUSABLE training windows are excluded.",NHM_ML_Revised_Locked_Specification_v2.2.docx,2.2,Section 9.1,Section 9.1,TRUE,T007;T010,datasets/labels.py;contracts/LABEL_SCHEMA_V1.md,"Boundary fixtures for positive, negative, every exclusion, and annotation interval edges.",Every fixture receives the exact eligible label or exclusion reason.,G4;G6,reports/labels/window_target_tests.json,LABEL_MAPPING,C,,PLANNED,
R01.2,R01,CLAIM_BOUNDARY,Descriptive output,Model probability describes the observed project window target; it is neither a beat-classifier output nor disease/arrhythmia probability and is not a future forecast.,NHM_ML_Revised_Locked_Specification_v2.2.docx,2.2,Sections 9.3-9.4,Sections 9.3-9.4,TRUE,T007;T029;T030;T034,contracts/LABEL_SCHEMA_V1.md;contracts/api_v1.schema.json,API/UI/report prohibited-claim audit.,All exposed text identifies an observed-window research target and right-edge timestamp.,G4;G18;G19;G22,reports/claims/output_semantics.json,RELEASE_PACKAGE,C,No diagnosis or future-risk interpretation.,PLANNED,
R03.1,R03,DATASET_POLICY,No channel fallback,Exclude records missing the locked channel before split/evaluation; never select a fallback lead based on performance.,NHM_ML_Revised_Locked_Specification_v2.2.docx,2.2,Section 6.2,Section 6.2,TRUE,T006;T020,datasets/channel_policy.py;manifests/datasets/,Missing-channel fixtures and manifest timing audit.,Every exclusion is logged before downstream work and no alternate lead enters core results.,G3;G10,manifests/datasets/channel_exclusions.csv,DATASET_VERSIONS,C,,PLANNED,
R04.1,R04,LEAKAGE_INVARIANT,Partition role discipline,Train fits weights/scalers; validation selects; calibration calibrates/thresholds; internal and external tests never tune.,NHM_ML_Revised_Locked_Specification_v2.2.docx,2.2,Section 11.1,Section 11.1,TRUE,T008;T011;T012;T017;T018;T020,manifests/splits/;training/;evaluation/,Configuration-provenance and partition-access audit.,"No held-out partition influences training, selection, preprocessing, calibration, or threshold.",G5;G10,reports/splits/partition_role_audit.json,PATIENT_SPLIT,C,,PLANNED,
R04.2,R04,STATISTICS,Patient is statistical unit,Show eligible patient counts beside window counts for every split/site; overlapping windows never imply independent n.,NHM_ML_Revised_Locked_Specification_v2.2.docx,2.2,Section 11.1,Section 11.1,TRUE,T008;T018;T020;T022,evaluation/reporting.py;manifests/splits/;manifests/clients/,Report-schema assertion for patient and window counts.,Every evaluation/client report exposes patient counts and does not treat windows as independent sample size.,G5;G10;G12,reports/evaluation/sample_size_audit.json,INTERNAL_TEST,C,,PLANNED,
R05.1,R05,PREPROCESSING,Train-fit normalization and features,Per-window CNN normalization uses only that window; feature scalers fit on training only; no whole-record or full-dataset fitting.,NHM_ML_Revised_Locked_Specification_v2.2.docx,2.2,Section 8,Section 8,TRUE,T010;T011,preprocessing/normalize.py;features/ecg.py,Fit-scope and future-append tests.,Held-out/future modifications cannot change fitted transforms used for earlier/training-derived outputs.,G6;G7,reports/preprocessing/fit_scope_tests.json,PREPROCESSING,C,,PLANNED,
R06.1,R06,DATA_CONTRACT,Explicit missingness,"Represent missingness with null, validity/quality, and gap_mask fields; UNUSABLE suppresses physiological alerts and returns RECHECK_SENSOR.",NHM_ML_Revised_Locked_Specification_v2.2.docx,2.2,"Sections 5.2, 8.1, and 40 item 17","Sections 5.2, 8.1, and 40 item 17",TRUE,T003;T009;T010;T015;T029,contracts/sample_schema_v1.json;preprocessing/quality.py,Schema and end-to-end gap/state fixtures.,Missingness is never silently imputed and runtime behavior follows quality state.,G1;G6;G9;G18,reports/contracts/missingness_tests.json,HARDWARE_DATA_CONTRACT,B,,PLANNED,
R08.1,R08,MODEL,Training and seed policy,Use AdamW and locked hyperparameters; primary seed 20260927 and robustness seeds 20260928/20260929 cannot become selection hyperparameters.,NHM_ML_Revised_Locked_Specification_v2.2.docx,2.2,Section 13.2,Section 13.2,TRUE,T012,configs/model_v1.yaml;training/centralized.py,Config equality and experiment-registry provenance tests.,Release checkpoint uses predeclared selection and all seed results are reported without seed cherry-picking.,G8,reports/model/model_selection.json,MODEL_V1,C,,PLANNED,
R09.1,R09,CLAIM_BOUNDARY,Source-domain calibration only,"Expose calibration_domain=MIT-BIH-v1.0.0, calibration patient count, and uncertainty; never imply INCART/wearable/clinical calibration.",NHM_ML_Revised_Locked_Specification_v2.2.docx,2.2,Section 24,Section 24,TRUE,T017;T029;T030;T034,contracts/api_v1.schema.json;frontend/src/,API/UI/report claim and required-field tests.,"Every calibrated probability carries source domain, patient count, and calibration ID.",G10;G18;G19;G22,reports/calibration/claim_audit.json,CALIBRATION,C,MIT-BIH source-domain calibration only.,PLANNED,
R10.1,R10,STATISTICS,Pooled and paired metric rules,Within each patient-cluster bootstrap replicate recompute pooled AUPRC/AUROC/F1/sensitivity/specificity; pair model comparisons on identical sampled patient IDs and do not average per-patient AUPRC.,NHM_ML_Revised_Locked_Specification_v2.2.docx,2.2,Section 23.3,Section 23.3,TRUE,T018;T020;T025,evaluation/bootstrap.py;evaluation/comparison.py,Known clustered fixtures and identical-resample assertions.,Metrics and paired differences reproduce the specified clustered computation with zero_division=0 for patient F1.,G10;G13,reports/evaluation/statistics_tests.json,INTERNAL_TEST,C,,PLANNED,
R13.1,R13,DATASET_POLICY,BIDMC engineering role,"Use BIDMC only for synchronization, processing, rate agreement, missingness, quality, and failure behavior; document critical-care mismatch.",NHM_ML_Revised_Locked_Specification_v2.2.docx,2.2,Sections 6 and 14.1,Sections 6 and 14.1,TRUE,T013;T014,datasets/bidmc.py;reports/bidmc_multimodal_engineering/,Dataset-role and report-claim audit.,No BIDMC result is presented as supervised AAMI-SVF predictive evidence.,G9,reports/bidmc_multimodal_engineering/report.json,MULTIMODAL_CONTEXT,C,,PLANNED,
R14.1,R14,ALERTING,Quality-aware episode behavior,DEGRADED may show POSSIBLE_PATTERN but cannot open; UNUSABLE clears confirmation and pauses counting; context absence preserves valid ECG result.,NHM_ML_Revised_Locked_Specification_v2.2.docx,2.2,Sections 15-15.1,Sections 15-15.1,TRUE,T014;T015,fusion/context.py;fusion/alert_policy.py,Exhaustive scripted transition table.,All specified quality/context combinations produce the exact monitoring state and counter behavior.,G9,reports/fusion/state_table_tests.json,ALERT_POLICY,C,,PLANNED,
R15.1,R15,STATISTICS,Episode metric definitions,"Count open transitions per usable hour, excess alerts against aligned reference, state transitions excluding start/stop, recheck rate, and suppression rate exactly as defined.",NHM_ML_Revised_Locked_Specification_v2.2.docx,2.2,Section 15.1,Section 15.1,TRUE,T015;T016,evaluation/context_alerts.py,Hand-computed sequence fixtures.,Computed episode metrics exactly match reference sequences and overlapping positive windows count once.,G9,reports/quality_aware_alert_robustness/metric_tests.json,MULTIMODAL_CONTEXT,C,,PLANNED,
R16.1,R16,CLAIM_BOUNDARY,Federated sample-size disclosure,"Report patients per site and describe the eight-site design as a protocol/heterogeneity simulation, not institutional deployment.",NHM_ML_Revised_Locked_Specification_v2.2.docx,2.2,Section 17.1,Section 17.1,TRUE,T022;T023;T024;T025;T034,evaluation/federated_reporting.py;docs/,Terminology and report-schema audit.,All FL outputs show patient counts and contain no hospital/institution claims.,G11;G12;G13;G22,reports/federated/claim_audit.json,FEDERATED_CONFIGURATION,C,Synthetic sites only.,PLANNED,
R17.1,R17,FEDERATED,Federated evaluation discipline,Use frozen validation for development and test only after FL configuration freeze; store complete round logs and best-validation checkpoint.,NHM_ML_Revised_Locked_Specification_v2.2.docx,2.2,Section 17.2,Section 17.2,TRUE,T023;T024;T025,federated/server.py;experiments/,Partition-access and round-log completeness audit.,No test feedback alters FL configuration and every round/config/checkpoint is traceable.,G11;G12;G13,reports/federated/round_audit.json,FEDERATED_CONFIGURATION,C,,PLANNED,
R18.1,R18,LEAKAGE_INVARIANT,Noise skew training only,Feature/noise skew applies fixed NSTDB regimes to whole client training streams while primary validation/test remain clean.,NHM_ML_Revised_Locked_Specification_v2.2.docx,2.2,Section 18,Section 18,TRUE,T024,federated/partitioning.py;configs/non_iid_v1.yaml,Config and provenance assertions.,Noise is confined to declared training clients and held-out primary data hashes remain unchanged.,G12,reports/federated/non_iid_audit.json,FEDERATED_CONFIGURATION,C,,PLANNED,
R20.1,R20,CLAIM_BOUNDARY,Privacy threat model,"SecAgg+ does not establish anonymity, final-model attack resistance, access control, transport security, or realistic institutional-scale security; DP is extension-only.",NHM_ML_Revised_Locked_Specification_v2.2.docx,2.2,Sections 20.1-20.2,Sections 20.1-20.2,TRUE,T026;T034,privacy/THREAT_MODEL.md;reports/privacy_secagg/,Report/README/API prohibited-claim audit.,Only the implemented server update-visibility and measured-overhead claim remains.,G14;G22,reports/privacy_secagg/claim_audit.json,PRIVACY_CONFIGURATION,C,No broad privacy claim.,PLANNED,
R21.1,R21,DEPLOYMENT,MCU claim requires separate evidence,"Any ESP32 inference claim requires exact-board conversion, memory, operator-support, and latency evidence and is not mandatory.",NHM_ML_Revised_Locked_Specification_v2.2.docx,2.2,Section 21,Section 21,TRUE,T027;T034,deployment/mcu_optional/;docs/limitations.md,Release-claim audit conditioned on MCU artifact presence.,Without a separate benchmark the release claims gateway inference only.,G15;G22,reports/edge_benchmark/claim_audit.json,DEPLOYMENT_ARTIFACT,C,,PLANNED,
R22.1,R22,WEARABLE,Wearable ethics and protocol,"Use consenting adults under applicable institution/supervisor process, do not induce pathology, and record activity/placement ground truth only.",NHM_ML_Revised_Locked_Specification_v2.2.docx,2.2,Section 22,Section 22,TRUE,T028;T034,docs/wearable_protocol.md;manifests/wearable/,Consent/process checklist and manifest-field audit without storing private consent data in Git.,Collection starts only after approval and sessions contain permitted states/provenance.,G16;G22,reports/wearable_validation/ethics_check.json,WEARABLE_DATASET,C,,PLANNED,
R23.1,R23,CLAIM_BOUNDARY,Explainability diagnostic only,"IG is an engineering diagnostic, not causal clinical explanation; case selection is predeclared rather than visually selected.",NHM_ML_Revised_Locked_Specification_v2.2.docx,2.2,Section 25,Section 25,TRUE,T021;T034,evaluation/explainability.py;docs/limitations.md,Case-selection provenance and report-language audit.,"Saved explanations include convergence metadata, raw signal/annotations, and no causal claim.",G17;G22,reports/explainability/claim_audit.json,MODEL_V1,C,,PLANNED,
R24.1,R24,API,API error and shared-stream logic,"Return 400 for schema errors, 422 for unusable/incomplete windows, 500 only for server failure; WebSocket wraps the same schema and inference logic.",NHM_ML_Revised_Locked_Specification_v2.2.docx,2.2,Section 27.2,Section 27.2,TRUE,T029,api/;contracts/api_v1.schema.json,Valid/invalid/unusable/server-failure and REST/WebSocket equivalence tests.,Status codes and version fields are exact with no alternate streaming inference path.,G18,reports/api/contract_tests.json,API_CONTRACT,B,,PLANNED,
R25.1,R25,DASHBOARD,Persistent dashboard panels,"Show live waveforms, quality, episode state, technical metadata, and a clearly research-only probability/history panel with calibration_domain and alert_policy_id.",NHM_ML_Revised_Locked_Specification_v2.2.docx,2.2,Section 28,Section 28,TRUE,T030,frontend/src/,Component/state snapshot and accessibility tests.,All persistent panels and required identifiers render for every API state.,G19,reports/dashboard/panel_tests.json,DASHBOARD_CONTRACT,B,,PLANNED,
R26.1,R26,DATASET_POLICY,Versioned immutable data builds,Record exact source URL/version/hash/license/download date; keep raw immutable; standardize separately; build windows only after patient split.,NHM_ML_Revised_Locked_Specification_v2.2.docx,2.2,Sections 7 and 30,Sections 7 and 30,TRUE,T005;T006;T008;T010;T032,datasets/;manifests/datasets/;scripts/build_datasets.py,"Manifest schema, checksum, raw immutability, and build-order tests.",A clean scripted build reproduces versioned manifests/caches without cross-partition windows.,G2;G3;G5;G20,reports/data/build_audit.json,DATASET_VERSIONS,C,,PLANNED,
R26.2,R26,REPRODUCIBILITY,Experiment identity,"Use NHM-{date}-{track}-{NNN}; record hypothesis, data/split/config/checkpoint, metric, status, seed, owner, and allowed conclusion.",NHM_ML_Revised_Locked_Specification_v2.2.docx,2.2,Section 31,Section 31,TRUE,T002;T033,manifests/experiment_registry_v1.csv;experiments/,"Registry schema, ID pattern, referential-integrity, and hash tests.",Every core experiment is predeclared and traces to frozen dependencies and evidence.,G20;G22,reports/experiments/registry_audit.json,RELEASE_PACKAGE,B,,PLANNED,
R27.1,R27,GATE,Fallback does not hide failure,"Fallback cuts breadth before rigor; skipped/failed privacy or other claims are explicitly removed, never silently marked passed.",NHM_ML_Revised_Locked_Specification_v2.2.docx,2.2,Sections 39 and 44.1,Sections 39 and 44.1,TRUE,T034;T035;T036,release/gate_status.json;docs/limitations.md,Gate/fallback/claim consistency audit.,Every non-PASS mandatory gate has an approved fallback and corresponding claim removal.,G22,release/fallback_audit.json,RELEASE_PACKAGE,C,,PLANNED,
HW01,,DATA_CONTRACT,Observed hardware semantics verification,"Resolve sample semantics, timestamp origin, rates, ADC characteristics, units/scaling, identity, packet integrity, synchronization, BPM and SpO2 provenance; all remain VERIFICATION_REQUIRED until measured.",NHM_ML_Revised_Locked_Specification_v2.2.docx,2.2,Sections 4-5 and 43.1,Sections 4-5 and 43.1,TRUE,T003;T004,contracts/HARDWARE_DATA_CONTRACT_V1.md;firmware evidence,"Bench measurements, firmware/backend inspection, schema fixtures, timing/jitter and packet tests.",G1 cannot pass until each required field has evidence or an explicit unavailable status/versioned limitation.,G1,reports/hardware/contract_verification.json,HARDWARE_DATA_CONTRACT,B,,PLANNED,Preserves OBSERVED_MONGODB_SCHEMA_V0 without assigning units or physiological meaning.
DC01,,DATA_CONTRACT,Canonical session and waveform schemas,Version participant/session/device/firmware/config/timestamp/sample/raw/derived/quality/provenance/missingness fields under HARDWARE_DATA_CONTRACT_V1.,NHM_ML_Revised_Locked_Specification_v2.2.docx,2.2,Sections 5.1-5.3,Sections 5.1-5.3,TRUE,T003;T004,contracts/session_manifest_v1.schema.json;contracts/sample_schema_v1.json,JSON Schema fixtures and backward-incompatible-change tests.,All required fields/types/clock meanings are explicit and observed MongoDB V0 is not silently treated as canonical.,G1,reports/contracts/schema_tests.json,HARDWARE_DATA_CONTRACT,B,,PLANNED,
DS01,,DATASET_POLICY,Dataset role separation,"MIT-BIH is core, INCART external, NSTDB noise, BIDMC engineering, WEARABLE_V1 domain validation; PTB-XL is removed from executable v2.2 scope.",NHM_ML_Revised_Locked_Specification_v2.2.docx,2.2,Sections 6-6.1,Sections 6-6.1,TRUE,T002;T005;T006;T013;T019;T020;T028;T034,manifests/datasets/;docs/claims.md,Dataset-role registry and report-input audit.,No result crosses its dataset's allowed conclusion and PTB-XL is absent from core execution configs.,G2;G3;G22,reports/data/dataset_role_audit.json,DATASET_VERSIONS,C,,PLANNED,
SQ01,,DATA_CONTRACT,Quality states,Use VALID/DEGRADED/UNUSABLE; tune engineering thresholds on training/noise-development resources only; held-out tests cannot tune.,NHM_ML_Revised_Locked_Specification_v2.2.docx,2.2,Section 8.1,Section 8.1,TRUE,T003;T010;T014,contracts/quality_states_v1.json;configs/QUALITY_V1.yaml,"Hard-failure, threshold-provenance, and runtime-action tests.",UNUSABLE suppresses physiological alert; DEGRADED lowers trust; thresholds have non-clinical provenance.,G6;G9,reports/quality/quality_tests.json,PREPROCESSING,C,,PLANNED,
TEST01,,REPRODUCIBILITY,Mandatory test matrix,"Implement all data, timing, windows, synchronization, causal preprocessing/resampling, quality, label, split, model, FL, privacy, API, episode, dashboard, reproducibility, and e2e tests.",NHM_ML_Revised_Locked_Specification_v2.2.docx,2.2,Section 29,Section 29,TRUE,T004;T006;T007;T008;T009;T010;T012;T014;T015;T022;T025;T026;T029;T030;T031;T032,tests/,Full offline/unit/integration/leakage/e2e suite plus component gate reports.,Every mandatory matrix row passes or blocks its named gate.,G1;G3;G4;G5;G6;G8;G9;G11;G13;G14;G18;G19;G20;G21,reports/test_report.json,RELEASE_PACKAGE,B,,PLANNED,
REL01,,RELEASE,Final evidence checklist,"Retain every Section 41 and Appendix B contract, manifest, audit, model, evaluation, FL, privacy, deployment, wearable, API/dashboard, test, reproduction, limitation, and viva artifact.",NHM_ML_Revised_Locked_Specification_v2.2.docx,2.2,Section 41; Appendix B,Section 41; Appendix B,TRUE,T033;T034;T035;T036,manifests/evidence_registry_v1.csv;release/release_manifest.json,"Existence, status, SHA-256, gate, and requirement linkage audit.",Release manifest has every mandatory artifact/hash/gate/limitation and no fabricated future hash.,G22,release/release_manifest.json,RELEASE_PACKAGE,C,,PLANNED,
CB01,,CLAIM_BOUNDARY,Research prototype only,"The system is a research prototype, not diagnostic, clinical decision support, treatment advice, safety evidence, or clinical readiness.",NHM_ML_Revised_Locked_Specification_v2.2.docx,2.2,Document Control; Sections 2.3 and 9.3,Document Control; Sections 2.3 and 9.3,TRUE,T001;T002;T024;T029;T030;T034;T036,README.md;api/;frontend/;docs/claims.md,Repository/API/UI/report prohibited-claim scan and human review.,No committed or generated user-facing artifact makes a prohibited clinical claim.,G0;G18;G19;G22,reports/claims/clinical_boundary.json,RELEASE_PACKAGE,C,Research-only; not diagnostic or clinical decision support.,PLANNED,
CB02,,CLAIM_BOUNDARY,Wearable engineering domain only,Wearable validation lacks disease ground truth and cannot support clinical sensitivity/specificity or calibration claims.,NHM_ML_Revised_Locked_Specification_v2.2.docx,2.2,Sections 6 and 22,Sections 6 and 22,TRUE,T028;T034;T036,reports/wearable_validation/;docs/claims.md,Wearable report metric/wording audit.,Only quality/timing/latency/output-distribution/domain compatibility conclusions appear.,G16;G22,reports/claims/wearable_boundary.json,WEARABLE_DATASET,C,No wearable clinical validation claim.,PLANNED,
CB03,,CLAIM_BOUNDARY,Simulated FL sites,"Federated clients are synthetic research partitions and are never represented as real hospitals, clinics, institutions, or deployed populations.",NHM_ML_Revised_Locked_Specification_v2.2.docx,2.2,Section 17.1,Section 17.1,TRUE,T022;T023;T024;T025;T026;T034;T036,federated/;reports/federated/;docs/claims.md,"Terminology scan across code, schemas, logs, figures, API, and reports.",All site labels and claims explicitly say simulated research partitions.,G11;G12;G13;G14;G22,reports/claims/fl_boundary.json,FEDERATED_CONFIGURATION,C,No real-institution FL claim.,PLANNED,
CB04,,CLAIM_BOUNDARY,Scoped secure aggregation,"SecAgg+ supports only the implemented server aggregation-visibility claim, not complete privacy, anonymity, or all-attack protection.",NHM_ML_Revised_Locked_Specification_v2.2.docx,2.2,Sections 20.1-20.2,Sections 20.1-20.2,TRUE,T026;T034;T036,privacy/THREAT_MODEL.md;reports/privacy_secagg/,Privacy-claim checklist and server-object instrumentation.,Every privacy statement is bounded by configured simulation evidence and limitations.,G14;G22,reports/claims/privacy_boundary.json,PRIVACY_CONFIGURATION,C,No broad privacy claim.,PLANNED,
CB05,,CLAIM_BOUNDARY,No learned multimodal arrhythmia,"PPG/SpO2/HR provide deterministic quality/context, synchronization, and operational robustness—not learned arrhythmia prediction.",NHM_ML_Revised_Locked_Specification_v2.2.docx,2.2,Sections 14-15.2,Sections 14-15.2,TRUE,T013;T014;T015;T016;T034;T036,fusion/;reports/quality_aware_alert_robustness/,Model-input/schema and report-claim audit.,No PPG/SpO2/HR feature enters the learned AAMI-SVF classifier and no predictive-gain claim is made.,G9;G22,reports/claims/multimodal_boundary.json,MULTIMODAL_CONTEXT,C,Deterministic context only.,PLANNED,
CB06,,CLAIM_BOUNDARY,Source calibration boundary,Calibration is MIT-BIH source-domain under small-patient uncertainty and is not wearable-domain or clinical calibration.,NHM_ML_Revised_Locked_Specification_v2.2.docx,2.2,Section 24,Section 24,TRUE,T017;T029;T030;T034;T036,reports/calibration/;api/;frontend/,Required metadata and prohibited-claim tests.,"Calibration domain, patient count, and ID accompany probability everywhere.",G10;G18;G19;G22,reports/claims/calibration_boundary.json,CALIBRATION,C,No wearable/clinical calibration claim.,PLANNED,
R28.1,R28,DEFINITION_OF_DONE,Definition of Done clause 1,G0-G22 are PASS or explicitly downgraded under documented fallback; no gate is silently skipped.,NHM_ML_Revised_Locked_Specification_v2.2.docx,2.2,Section 44 item 1,Section 44 item 1,TRUE,T035;T036,release/;reports/;docs/,Release evidence and gate consistency audit.,G0-G22 are PASS or explicitly downgraded under documented fallback; no gate is silently skipped.,G22,release/gate_status.json,RELEASE_PACKAGE,C,,PLANNED,
R28.2,R28,DEFINITION_OF_DONE,Definition of Done clause 2,"Dataset, split, client, preprocessing, model, calibration, API, and release artifacts have immutable IDs/hashes.",NHM_ML_Revised_Locked_Specification_v2.2.docx,2.2,Section 44 item 2,Section 44 item 2,TRUE,T005;T008;T022;T032;T033;T036,release/;reports/;docs/,Release evidence and gate consistency audit.,"Dataset, split, client, preprocessing, model, calibration, API, and release artifacts have immutable IDs/hashes.",G20;G22,release/release_manifest.json,RELEASE_PACKAGE,C,,PLANNED,
R28.3,R28,DEFINITION_OF_DONE,Definition of Done clause 3,A clean environment runs tests and the CPU smoke pipeline from documented commands.,NHM_ML_Revised_Locked_Specification_v2.2.docx,2.2,Section 44 item 3,Section 44 item 3,TRUE,T032,release/;reports/;docs/,Release evidence and gate consistency audit.,A clean environment runs tests and the CPU smoke pipeline from documented commands.,G20,reports/reproducibility/clean_run.json,RELEASE_PACKAGE,C,,PLANNED,
R28.4,R28,DEFINITION_OF_DONE,Definition of Done clause 4,"MODEL_V1 has internal, noise, and external evaluation with patient-level uncertainty.",NHM_ML_Revised_Locked_Specification_v2.2.docx,2.2,Section 44 item 4,Section 44 item 4,TRUE,T018;T019;T020,release/;reports/;docs/,Release evidence and gate consistency audit.,"MODEL_V1 has internal, noise, and external evaluation with patient-level uncertainty.",G10,reports/evaluation/model_v1_evidence.json,RELEASE_PACKAGE,C,,PLANNED,
R28.5,R28,DEFINITION_OF_DONE,Definition of Done clause 5,"PPG/SpO2/HR, synchronization, quality, episode, and quality-aware comparison pass without learned multimodal claims.",NHM_ML_Revised_Locked_Specification_v2.2.docx,2.2,Section 44 item 5,Section 44 item 5,TRUE,T013;T014;T015;T016,release/;reports/;docs/,Release evidence and gate consistency audit.,"PPG/SpO2/HR, synchronization, quality, episode, and quality-aware comparison pass without learned multimodal claims.",G9,reports/quality_aware_alert_robustness/report.json,RELEASE_PACKAGE,C,,PLANNED,
R28.6,R28,DEFINITION_OF_DONE,Definition of Done clause 6,"FedAvg, non-IID, and matched FedProx are reproducible with whole-patient client integrity.",NHM_ML_Revised_Locked_Specification_v2.2.docx,2.2,Section 44 item 6,Section 44 item 6,TRUE,T022;T023;T024;T025,release/;reports/;docs/,Release evidence and gate consistency audit.,"FedAvg, non-IID, and matched FedProx are reproducible with whole-patient client integrity.",G11;G12;G13,reports/federated/final_summary.json,RELEASE_PACKAGE,C,,PLANNED,
R28.7,R28,DEFINITION_OF_DONE,Definition of Done clause 7,SecAgg+ passes correctness or its implemented-privacy claim is explicitly removed under emergency fallback.,NHM_ML_Revised_Locked_Specification_v2.2.docx,2.2,Section 44 item 7,Section 44 item 7,TRUE,T026;T034;T036,release/;reports/;docs/,Release evidence and gate consistency audit.,SecAgg+ passes correctness or its implemented-privacy claim is explicitly removed under emergency fallback.,G14;G22,reports/privacy_secagg/report.json,RELEASE_PACKAGE,C,,PLANNED,
R28.8,R28,DEFINITION_OF_DONE,Definition of Done clause 8,"Gateway size, memory, and latency are measured; any ESP32 inference claim has separate exact-board evidence.",NHM_ML_Revised_Locked_Specification_v2.2.docx,2.2,Section 44 item 8,Section 44 item 8,TRUE,T027;T034,release/;reports/;docs/,Release evidence and gate consistency audit.,"Gateway size, memory, and latency are measured; any ESP32 inference claim has separate exact-board evidence.",G15,reports/edge_benchmark/report.json,RELEASE_PACKAGE,C,,PLANNED,
R28.9,R28,DEFINITION_OF_DONE,Definition of Done clause 9,At least one real synchronized wearable session passes the canonical path and replay/live demo.,NHM_ML_Revised_Locked_Specification_v2.2.docx,2.2,Section 44 item 9,Section 44 item 9,TRUE,T028;T031,release/;reports/;docs/,Release evidence and gate consistency audit.,At least one real synchronized wearable session passes the canonical path and replay/live demo.,G16;G21,reports/wearable_validation/report.json,RELEASE_PACKAGE,C,,PLANNED,
R28.10,R28,DEFINITION_OF_DONE,Definition of Done clause 10,API/dashboard wording is research-only and exposes quality/model/calibration/policy versions.,NHM_ML_Revised_Locked_Specification_v2.2.docx,2.2,Section 44 item 10,Section 44 item 10,TRUE,T029;T030;T034,release/;reports/;docs/,Release evidence and gate consistency audit.,API/dashboard wording is research-only and exposes quality/model/calibration/policy versions.,G18;G19,reports/application/claim_audit.json,RELEASE_PACKAGE,C,,PLANNED,
R28.11,R28,DEFINITION_OF_DONE,Definition of Done clause 11,"Final repository contains evidence checklist, experiment registry, limitations, and viva defense map.",NHM_ML_Revised_Locked_Specification_v2.2.docx,2.2,Section 44 item 11,Section 44 item 11,TRUE,T033;T034;T036,release/;reports/;docs/,Release evidence and gate consistency audit.,"Final repository contains evidence checklist, experiment registry, limitations, and viva defense map.",G22,release/release_manifest.json,RELEASE_PACKAGE,C,,PLANNED,
R28.12,R28,DEFINITION_OF_DONE,Definition of Done clause 12,"The team distinguishes system scope/non-scope, source facts, engineering decisions, experiments, and remaining risks.",NHM_ML_Revised_Locked_Specification_v2.2.docx,2.2,Section 44 item 12,Section 44 item 12,TRUE,T034;T036,release/;reports/;docs/,Release evidence and gate consistency audit.,"The team distinguishes system scope/non-scope, source facts, engineering decisions, experiments, and remaining risks.",G22,docs/viva_defense_map.md,RELEASE_PACKAGE,C,,PLANNED,
R10.2,R10,STATISTICS,Locked metric set,"Use AUPRC as primary threshold-independent metric and report AUROC, F1, sensitivity, specificity, precision, confusion matrix, alert episodes/hour, and patient-macro F1 as applicable.",NHM_ML_Revised_Locked_Specification_v2.2.docx,2.2,Section 23.1,Section 23.1,TRUE,T018;T019;T020;T025,evaluation/metrics.py;evaluation/reporting.py,"Known-score fixtures, threshold provenance, and report-schema tests.",Each experiment reports its predeclared metrics with the frozen threshold and correct statistical unit.,G10;G13,reports/evaluation/metric_tests.json,INTERNAL_TEST,C,,PLANNED,Added during the manual second audit; metric coverage was implicit in the first draft.
R23.2,R23,EXPERIMENT,Required error-analysis slices,"Analyze patient, S/V/F composition, quality, noise/SNR, training-defined HR bins, dataset, threshold region, and wearable output/quality-only slices without identity disclosure.",NHM_ML_Revised_Locked_Specification_v2.2.docx,2.2,Section 26,Section 26,TRUE,T021,evaluation/error_analysis.py;reports/error_analysis/,"Slice-definition, identity-redaction, and training-bin provenance tests.",All specified slices are reported; wearable slice contains no labeled-accuracy claim.,G17;G22,reports/error_analysis/report.json,MODEL_V1,C,,PLANNED,Added during the manual second audit.
R26.3,R26,REPRODUCIBILITY,Clean builds and private-data policy,Public builds are scripted from URLs/checksums; private wearable raw data is never committed; split/client manifests have no manual spreadsheet edits; documented one-command test/build/train/FL/evaluate surfaces exist.,NHM_ML_Revised_Locked_Specification_v2.2.docx,2.2,Section 30 items 3-6,Section 30 items 3-6,TRUE,T005;T008;T022;T028;T032;T036,scripts/;Makefile;.gitignore;manifests/,"Clean checkout command tests, Git tracked-file scan, and generated-manifest provenance audit.","A clean CPU environment reproduces smoke/evidence without MongoDB, private data, or undocumented manual steps.",G20;G22,reports/reproducibility/clean_run.json,RELEASE_PACKAGE,B,,PLANNED,Added during the manual second audit.
OOS01,,DATASET_POLICY,PTB-XL excluded,PTB-XL is removed from executable v2.2 core scope and cannot become a core dependency without a versioned Class C revision.,NHM_ML_Revised_Locked_Specification_v2.2.docx,2.2,Sections 1.1 and 6.1,Sections 1.1 and 6.1,FALSE,T002;T034,manifests/requirements_v22.csv;docs/claims.md,Core config/input scan.,No core experiment or gate consumes PTB-XL.,G0;G22,reports/claims/dataset_scope.json,SOURCE_AUTHORITY,C,PTB-XL not in executable core scope.,OUT_OF_SCOPE_BY_SPEC,Existing local files are preserved but not consumed.
OOS02,,MULTIMODAL,Learned multimodal classifier excluded,A learned ECG+PPG+SpO2/HR AAMI-SVF classifier is out of scope because compatible supervised labels do not exist.,NHM_ML_Revised_Locked_Specification_v2.2.docx,2.2,Sections 1.1 and 14-15,Sections 1.1 and 14-15,FALSE,T002;T034,manifests/requirements_v22.csv;docs/claims.md,Model-input and experiment-registry scan.,No planned or released learned primary classifier consumes context modalities.,G9;G22,reports/claims/multimodal_boundary.json,SOURCE_AUTHORITY,C,No learned multimodal arrhythmia fusion.,OUT_OF_SCOPE_BY_SPEC,
OOS03,,PRIVACY,Differential privacy extension only,Differential privacy is outside Level-1 mandatory scope and may be added only as a separately versioned extension after core gates.,NHM_ML_Revised_Locked_Specification_v2.2.docx,2.2,Section 20.2,Section 20.2,FALSE,T002;T034,manifests/requirements_v22.csv;docs/claims.md,Privacy configuration and claim scan.,No mandatory gate or core conclusion depends on DP.,G14;G22,reports/claims/privacy_boundary.json,SOURCE_AUTHORITY,C,No unimplemented DP claim.,OUT_OF_SCOPE_BY_SPEC,
OOS04,,DEPLOYMENT,Mandatory MCU inference excluded,ESP32 inference is not required; it may be claimed only after separately versioned exact-board evidence.,NHM_ML_Revised_Locked_Specification_v2.2.docx,2.2,Section 21,Section 21,FALSE,T002;T027;T034,manifests/requirements_v22.csv;deployment/mcu_optional/,Deployment registry and release-claim scan.,Mandatory deployment remains gateway and no MCU claim exists without separate benchmark.,G15;G22,reports/edge_benchmark/claim_audit.json,SOURCE_AUTHORITY,C,No mandatory ESP32 inference claim.,OUT_OF_SCOPE_BY_SPEC,
