task_id,phase_family,task_name,prerequisites,gate_impact,status,implemented_at_commit,evidence_path,notes
T001,FOUNDATION,"Repository bootstrap, reproducible shell, and source-authority lock",,G0,PASS,0069fdf4c75609bf02b3a8bc34d8889f1702c5c9,reports/t001/closure_verification.json,Verified closure evidence records G0 PASS and Python 3.11 CI.
T002,FOUNDATION,"Requirement registry, coverage map, freeze map, and do-not-start enforcement",T001;G0,G0,PASS,,reports/t002/coverage_audit.json,Status becomes PASS only after the second coverage audit and phase2 gate succeed.
T003,CONTRACTS,Canonical hardware/data/API/label contract skeletons,T002;G0,G1;G4;G18,NOT_STARTED,,,Exact next task supplied by the implementation sequence authority.
T004,HARDWARE,Hardware semantics verification and data-contract freeze,T003,G1,NOT_STARTED,,,T002 operational decomposition derived from v2.2 Sections 3/36/37 and the solo-plan critical path; the local plan source does not enumerate named T004-T036 packets.
T005,DATA,Public dataset acquisition manifests and immutable raw provenance,T003;G1,G2,NOT_STARTED,,,T002 operational decomposition derived from v2.2 Sections 3/36/37 and the solo-plan critical path; the local plan source does not enumerate named T004-T036 packets.
T006,DATA,"Dataset validation, locked channels, and symbol census",T005;G2,G3,NOT_STARTED,,,T002 operational decomposition derived from v2.2 Sections 3/36/37 and the solo-plan critical path; the local plan source does not enumerate named T004-T036 packets.
T007,LABELS,AAMI_SVF_MAP_V1 mapper and window-target freeze,T006;G3,G4,NOT_STARTED,,,T002 operational decomposition derived from v2.2 Sections 3/36/37 and the solo-plan critical path; the local plan source does not enumerate named T004-T036 packets.
T008,SPLITS,"Patient grouping, split freeze, and leakage audit",T007;G4,G5,NOT_STARTED,,,T002 operational decomposition derived from v2.2 Sections 3/36/37 and the solo-plan critical path; the local plan source does not enumerate named T004-T036 packets.
T009,PREPROCESSING,Causal resampler and GAP_POLICY_V1,T008;G5,G6,NOT_STARTED,,,T002 operational decomposition derived from v2.2 Sections 3/36/37 and the solo-plan critical path; the local plan source does not enumerate named T004-T036 packets.
T010,PREPROCESSING,"ECG filtering, windows, and quality-state pipeline",T009,G6,NOT_STARTED,,,T002 operational decomposition derived from v2.2 Sections 3/36/37 and the solo-plan critical path; the local plan source does not enumerate named T004-T036 packets.
T011,CENTRALIZED_ML,Classical features and training-only baselines,T010;G6,G7,NOT_STARTED,,,T002 operational decomposition derived from v2.2 Sections 3/36/37 and the solo-plan critical path; the local plan source does not enumerate named T004-T036 packets.
T012,CENTRALIZED_ML,"MODEL_V1 training, selection, and checkpoint lock",T011;G7,G8,NOT_STARTED,,,T002 operational decomposition derived from v2.2 Sections 3/36/37 and the solo-plan critical path; the local plan source does not enumerate named T004-T036 packets.
T013,MULTIMODAL,"BIDMC PPG, pulse, SpO2 provenance, and engineering validation",T003;G1,G9,NOT_STARTED,,,T002 operational decomposition derived from v2.2 Sections 3/36/37 and the solo-plan critical path; the local plan source does not enumerate named T004-T036 packets.
T014,MULTIMODAL,"Synchronization, signal quality, and deterministic context rules",T010;T013,G9,NOT_STARTED,,,T002 operational decomposition derived from v2.2 Sections 3/36/37 and the solo-plan critical path; the local plan source does not enumerate named T004-T036 packets.
T015,MULTIMODAL,ALERT_POLICY_V1 episode-state implementation,T014,G9,NOT_STARTED,,,T002 operational decomposition derived from v2.2 Sections 3/36/37 and the solo-plan critical path; the local plan source does not enumerate named T004-T036 packets.
T016,MULTIMODAL,Controlled ECG-only versus quality-aware experiment,T012;T015;G8,G9,NOT_STARTED,,,T002 operational decomposition derived from v2.2 Sections 3/36/37 and the solo-plan critical path; the local plan source does not enumerate named T004-T036 packets.
T017,EVALUATION,Source-domain calibration and frozen threshold,T012;G8,G10,NOT_STARTED,,,T002 operational decomposition derived from v2.2 Sections 3/36/37 and the solo-plan critical path; the local plan source does not enumerate named T004-T036 packets.
T018,EVALUATION,Locked internal evaluation and patient-cluster statistics,T017,G10,NOT_STARTED,,,T002 operational decomposition derived from v2.2 Sections 3/36/37 and the solo-plan critical path; the local plan source does not enumerate named T004-T036 packets.
T019,EVALUATION,NSTDB controlled noise robustness evaluation,T018;G10,G10,NOT_STARTED,,,T002 operational decomposition derived from v2.2 Sections 3/36/37 and the solo-plan critical path; the local plan source does not enumerate named T004-T036 packets.
T020,EVALUATION,Locked INCART external evaluation,T018;G10,G10,NOT_STARTED,,,T002 operational decomposition derived from v2.2 Sections 3/36/37 and the solo-plan critical path; the local plan source does not enumerate named T004-T036 packets.
T021,EVALUATION,Integrated Gradients and predeclared error analysis,T018;G10,G17,NOT_STARTED,,,T002 operational decomposition derived from v2.2 Sections 3/36/37 and the solo-plan critical path; the local plan source does not enumerate named T004-T036 packets.
T022,FEDERATED,Whole-patient client manifests and analytical aggregation,T008;T012;G8,G11,NOT_STARTED,,,T002 operational decomposition derived from v2.2 Sections 3/36/37 and the solo-plan critical path; the local plan source does not enumerate named T004-T036 packets.
T023,FEDERATED,FedAvg IID experiment,T022,G11,NOT_STARTED,,,T002 operational decomposition derived from v2.2 Sections 3/36/37 and the solo-plan critical path; the local plan source does not enumerate named T004-T036 packets.
T024,FEDERATED,Controlled non-IID experiments,T023;G11,G12,NOT_STARTED,,,T002 operational decomposition derived from v2.2 Sections 3/36/37 and the solo-plan critical path; the local plan source does not enumerate named T004-T036 packets.
T025,FEDERATED,Matched FedProx comparison,T024;G12,G13,NOT_STARTED,,,T002 operational decomposition derived from v2.2 Sections 3/36/37 and the solo-plan critical path; the local plan source does not enumerate named T004-T036 packets.
T026,PRIVACY,"SecAgg+ correctness, visibility, and overhead experiment",T023;G11,G14,NOT_STARTED,,,T002 operational decomposition derived from v2.2 Sections 3/36/37 and the solo-plan critical path; the local plan source does not enumerate named T004-T036 packets.
T027,DEPLOYMENT,Gateway export and measured resource benchmark,T012;G8,G15,NOT_STARTED,,,T002 operational decomposition derived from v2.2 Sections 3/36/37 and the solo-plan critical path; the local plan source does not enumerate named T004-T036 packets.
T028,WEARABLE,"WEARABLE_V1 ingest, synchronization, and domain validation",T004;T014;T027;G1,G16,NOT_STARTED,,,T002 operational decomposition derived from v2.2 Sections 3/36/37 and the solo-plan critical path; the local plan source does not enumerate named T004-T036 packets.
T029,APPLICATION,Versioned research-only inference API,T003;T017;T027,G18,NOT_STARTED,,,T002 operational decomposition derived from v2.2 Sections 3/36/37 and the solo-plan critical path; the local plan source does not enumerate named T004-T036 packets.
T030,APPLICATION,Dashboard state semantics and contract tests,T015;T029;G18,G19,NOT_STARTED,,,T002 operational decomposition derived from v2.2 Sections 3/36/37 and the solo-plan critical path; the local plan source does not enumerate named T004-T036 packets.
T031,INTEGRATION,Recorded-stream end-to-end gateway replay,T028;T029;T030,G21,NOT_STARTED,,,T002 operational decomposition derived from v2.2 Sections 3/36/37 and the solo-plan critical path; the local plan source does not enumerate named T004-T036 packets.
T032,REPRODUCIBILITY,Clean-environment reproduction and command surface,T018;T023;T029,G20,NOT_STARTED,,,T002 operational decomposition derived from v2.2 Sections 3/36/37 and the solo-plan critical path; the local plan source does not enumerate named T004-T036 packets.
T033,EVIDENCE,Experiment/evidence registry consolidation and artifact hashing,T016;T019;T020;T025;T026;T028,G20;G21,NOT_STARTED,,,T002 operational decomposition derived from v2.2 Sections 3/36/37 and the solo-plan critical path; the local plan source does not enumerate named T004-T036 packets.
T034,RELEASE,"Claim, limitation, ethics, and viva-defense audit",T021;T033,G21,NOT_STARTED,,,T002 operational decomposition derived from v2.2 Sections 3/36/37 and the solo-plan critical path; the local plan source does not enumerate named T004-T036 packets.
T035,RELEASE,Final integration audit and release-candidate verification,T031;T032;T033;T034,G21;G22,NOT_STARTED,,,T002 operational decomposition derived from v2.2 Sections 3/36/37 and the solo-plan critical path; the local plan source does not enumerate named T004-T036 packets.
T036,RELEASE,Final reproducible release and evidence package,T035;G21,G22,NOT_STARTED,,,T002 operational decomposition derived from v2.2 Sections 3/36/37 and the solo-plan critical path; the local plan source does not enumerate named T004-T036 packets.
