experiment_id,architecture_id,outer_fold,seed,epoch,train_loss,inner_validation_loss,inner_validation_auprc,learning_rate,improved,non_improvement_count
V2-004-D2-MEANMAX-F04-S20260929,MODEL_V2_TCN_MEANMAX,4,20260929,1,0.7604470933253065,0.7400091451364798,0.6776686015729698,0.001,True,0
V2-004-D2-MEANMAX-F04-S20260929,MODEL_V2_TCN_MEANMAX,4,20260929,2,0.3542786765246888,0.6113390582424777,0.7201142613572304,0.001,True,0
V2-004-D2-MEANMAX-F04-S20260929,MODEL_V2_TCN_MEANMAX,4,20260929,3,0.2712255480106845,0.546617145138187,0.8110984593536447,0.001,True,0
V2-004-D2-MEANMAX-F04-S20260929,MODEL_V2_TCN_MEANMAX,4,20260929,4,0.21026469919581436,0.6164752887679147,0.8139111614863024,0.001,True,0
V2-004-D2-MEANMAX-F04-S20260929,MODEL_V2_TCN_MEANMAX,4,20260929,5,0.17115985659844768,0.5370913372798399,0.8803511680461918,0.001,True,0
V2-004-D2-MEANMAX-F04-S20260929,MODEL_V2_TCN_MEANMAX,4,20260929,6,0.1512268808868773,0.5693099066094085,0.8532028401122614,0.001,False,1
V2-004-D2-MEANMAX-F04-S20260929,MODEL_V2_TCN_MEANMAX,4,20260929,7,0.1296934353294862,0.35033284529939396,0.8903033179989027,0.001,True,0
V2-004-D2-MEANMAX-F04-S20260929,MODEL_V2_TCN_MEANMAX,4,20260929,8,0.12194660005288584,0.3113916140336257,0.9171451854249779,0.001,True,0
V2-004-D2-MEANMAX-F04-S20260929,MODEL_V2_TCN_MEANMAX,4,20260929,9,0.10902878831185597,1.279119356862315,0.652624291968063,0.001,False,1
V2-004-D2-MEANMAX-F04-S20260929,MODEL_V2_TCN_MEANMAX,4,20260929,10,0.09657477394939859,0.43001700064519066,0.9606678743864547,0.001,True,0
V2-004-D2-MEANMAX-F04-S20260929,MODEL_V2_TCN_MEANMAX,4,20260929,11,0.089939834281779,0.40988981340314956,0.8990083920831166,0.001,False,1
V2-004-D2-MEANMAX-F04-S20260929,MODEL_V2_TCN_MEANMAX,4,20260929,12,0.07848691147684031,0.2891785882569693,0.955374305644851,0.001,False,2
V2-004-D2-MEANMAX-F04-S20260929,MODEL_V2_TCN_MEANMAX,4,20260929,13,0.08440295986796427,0.8813548835007461,0.695063078650085,0.001,False,3
V2-004-D2-MEANMAX-F04-S20260929,MODEL_V2_TCN_MEANMAX,4,20260929,14,0.0670268398201206,0.2807901790508857,0.9483839996769325,0.001,False,4
V2-004-D2-MEANMAX-F04-S20260929,MODEL_V2_TCN_MEANMAX,4,20260929,15,0.06789888069381239,0.4194935095893753,0.8943685757008341,0.001,False,5
V2-004-D2-MEANMAX-F04-S20260929,MODEL_V2_TCN_MEANMAX,4,20260929,16,0.05660694604898871,0.4705967392954793,0.8709037538194321,0.001,False,6
V2-004-D2-MEANMAX-F04-S20260929,MODEL_V2_TCN_MEANMAX,4,20260929,17,0.06008469556106333,0.19712584721562745,0.9727720088488788,0.001,True,0
V2-004-D2-MEANMAX-F04-S20260929,MODEL_V2_TCN_MEANMAX,4,20260929,18,0.05653075568992094,0.8728192002623232,0.7730816775437795,0.001,False,1
V2-004-D2-MEANMAX-F04-S20260929,MODEL_V2_TCN_MEANMAX,4,20260929,19,0.050356763019045445,0.3497372425102687,0.9307002013754321,0.001,False,2
V2-004-D2-MEANMAX-F04-S20260929,MODEL_V2_TCN_MEANMAX,4,20260929,20,0.049613312616637255,0.7368051723583595,0.824651837772524,0.001,False,3
V2-004-D2-MEANMAX-F04-S20260929,MODEL_V2_TCN_MEANMAX,4,20260929,21,0.042376142055445105,1.1444437033425157,0.8706136488111368,0.001,False,4
V2-004-D2-MEANMAX-F04-S20260929,MODEL_V2_TCN_MEANMAX,4,20260929,22,0.04247074750647482,0.6632409384200623,0.8009842568672922,0.001,False,5
V2-004-D2-MEANMAX-F04-S20260929,MODEL_V2_TCN_MEANMAX,4,20260929,23,0.04531998938386956,0.872473925310415,0.8250516691109258,0.001,False,6
V2-004-D2-MEANMAX-F04-S20260929,MODEL_V2_TCN_MEANMAX,4,20260929,24,0.03115095180889496,0.5872756989685806,0.8873507790298243,0.001,False,7
