id,claim,value,lane,evidence_file,evidence_sha256_if_single_file,caveat
T01,Centralized V2 AUPRC on INTERNAL_TEST,0.999473,B+H,reports/model_v2/v2_fl_eval_001/historical_frozen_centralized_references.json,642b98fd62a0e16f2cd212db9bfbb0f4d6caf0353a52c931dd8a1dbda3bb91af,frozen reference; not re-run
T02,Federated V2 FedAvg IID AUPRC on INTERNAL_TEST,0.998931,B,reports/model_v2/v2_fl_eval_001/internal_test_statistics.json,b5364f1a84e9f981f1f07572838fe06f67e1e8396923ca0d81d506f5a8206d7d,6 clusters
T03,Centralized V2 AUPRC on INCART,0.970004,B+H,reports/model_v2/v2_fl_eval_001/historical_frozen_centralized_references.json,642b98fd62a0e16f2cd212db9bfbb0f4d6caf0353a52c931dd8a1dbda3bb91af,frozen reference; not re-run
T04,Federated V2 FedAvg IID AUPRC on INCART,0.976604,B,reports/model_v2/v2_fl_eval_001/incart_statistics.json,cb181f645900770e5e1ca70c9a9248b342e95527430f0abaf2e1bf350eec6264,post-freeze second look; project-exposed
T05,"Federated minus centralized AUPRC, INTERNAL_TEST / INCART",-0.000542 / +0.006600,B+H,reports/final_showcase/publication/tables/TAB2_MAIN_COMPARISON.csv,cd39eed231295b92110f7eca135234b998dccb7a02632d76e582c0f4156dbbb4,derived subtraction; no paired interval
T06,V2 FedAvg label-skew AUPRC (INTERNAL_TEST / INCART),0.998915 / 0.974988,B,reports/model_v2/v2_fl_eval_001/*_statistics.json,,nominal intervals
T07,V2 FedProx label-skew AUPRC (INTERNAL_TEST / INCART),0.992838 / 0.967849,B,reports/model_v2/v2_fl_eval_001/*_statistics.json,,mu = 0.1; no significance test
T08,Synthetic holdout round-0 AUPRC / AUROC,0.6355 / 0.7382,C,reports/final_showcase/synth_fl_eval/synth_fl_eval_results.json,df8fe2fbd2492e1ac6de695395bca48d89b1f7d5df07588065717496a538e572,SYNTHETIC ENGINEERING-EVENT CLASSIFICATION — NOT AAMI-SVF OR CLINICAL VALIDATION
T09,Synthetic holdout round-3 candidate AUPRC / AUROC,0.6953 / 0.8135,C,reports/final_showcase/synth_fl_eval/synth_fl_eval_results.json,df8fe2fbd2492e1ac6de695395bca48d89b1f7d5df07588065717496a538e572,SYNTHETIC ENGINEERING-EVENT CLASSIFICATION — NOT AAMI-SVF OR CLINICAL VALIDATION
T10,Round-3 candidate at the fixed 0.5 threshold: recall / specificity / F1,1.0000 / 0.0000 / 0.3493,C,reports/final_showcase/synth_fl_eval/synth_fl_eval_results.json,df8fe2fbd2492e1ac6de695395bca48d89b1f7d5df07588065717496a538e572,predicts every window positive; reported as measured
T11,Round-3 AUPRC nominal 95% participant-cluster interval,"[0.6621, 0.7620]",C,reports/final_showcase/synth_fl_eval/synth_fl_eval_results.json,df8fe2fbd2492e1ac6de695395bca48d89b1f7d5df07588065717496a538e572,8 clusters; nominal only
T12,Live-monitored SITE_00 windows / inference HTTP 200,93 / 93,A+C,reports/final_showcase/live_link/live_link_result.json,21e405c5ae3bbff85570e8a507d19e556566cf5655927756c558eda109ecf9a7,fresh released inference process
T13,Live dataset identical to canonical SITE_00 dataset,True,C,reports/final_showcase/live_link/live_link_result.json,21e405c5ae3bbff85570e8a507d19e556566cf5655927756c558eda109ecf9a7,"observed, not assumed"
T14,Live-source candidate digest equals canonical,True,C,reports/final_showcase/live_link/live_link_result.json,21e405c5ae3bbff85570e8a507d19e556566cf5655927756c558eda109ecf9a7,"observed, not assumed"
T15,Live-source synthetic evaluation metrics equal canonical-run metrics,True,C,reports/final_showcase/live_link/synth_eval/synth_fl_eval_results.json,a5b0db8b6db8b4f9ecd17c555e892929c24f1df066933706658149e0cc6088ea,consequence of equal digests
