experiment_id,architecture_id,schedule_id,outer_fold,seed,epoch,train_loss,inner_validation_loss,inner_validation_auprc,learning_rate,improved,non_improvement_count
V2-006-OPT-CORR-F00-S20260927,MODEL_V2_TCN_MEANMAX,MODEL_V2_OPTIMIZER_CORRECTED_V1,0,20260927,1,0.37453800426352707,0.4793744860333878,0.7950641121559623,0.001,True,0
V2-006-OPT-CORR-F00-S20260927,MODEL_V2_TCN_MEANMAX,MODEL_V2_OPTIMIZER_CORRECTED_V1,0,20260927,2,0.1583352252941497,0.5443025294956303,0.8324203789932136,0.001,True,0
V2-006-OPT-CORR-F00-S20260927,MODEL_V2_TCN_MEANMAX,MODEL_V2_OPTIMIZER_CORRECTED_V1,0,20260927,3,0.120589979586142,0.9594753715034309,0.7877230279018751,0.001,False,1
V2-006-OPT-CORR-F00-S20260927,MODEL_V2_TCN_MEANMAX,MODEL_V2_OPTIMIZER_CORRECTED_V1,0,20260927,4,0.08611946115075689,0.5569341522453137,0.9368587969459993,0.001,True,0
V2-006-OPT-CORR-F00-S20260927,MODEL_V2_TCN_MEANMAX,MODEL_V2_OPTIMIZER_CORRECTED_V1,0,20260927,5,0.07437526832988416,0.7877695436278979,0.8846597406445947,0.001,False,1
V2-006-OPT-CORR-F00-S20260927,MODEL_V2_TCN_MEANMAX,MODEL_V2_OPTIMIZER_CORRECTED_V1,0,20260927,6,0.06418264809114052,1.5861807885778498,0.7364742077618517,0.001,False,2
V2-006-OPT-CORR-F00-S20260927,MODEL_V2_TCN_MEANMAX,MODEL_V2_OPTIMIZER_CORRECTED_V1,0,20260927,7,0.0601102557994804,0.7862919278266207,0.9065468959220946,0.001,False,3
V2-006-OPT-CORR-F00-S20260927,MODEL_V2_TCN_MEANMAX,MODEL_V2_OPTIMIZER_CORRECTED_V1,0,20260927,8,0.05500866819083014,0.9449757785020679,0.8620103666394014,0.001,False,4
V2-006-OPT-CORR-F00-S20260927,MODEL_V2_TCN_MEANMAX,MODEL_V2_OPTIMIZER_CORRECTED_V1,0,20260927,9,0.03250759117581657,0.8576812527065829,0.915273346065,0.0003,False,5
V2-006-OPT-CORR-F00-S20260927,MODEL_V2_TCN_MEANMAX,MODEL_V2_OPTIMIZER_CORRECTED_V1,0,20260927,10,0.02579983421962149,1.1408497496914622,0.8778721921769148,0.0003,False,6
V2-006-OPT-CORR-F00-S20260927,MODEL_V2_TCN_MEANMAX,MODEL_V2_OPTIMIZER_CORRECTED_V1,0,20260927,11,0.022769906277734456,1.007974936067019,0.9051280407476566,0.0003,False,7
V2-006-OPT-CORR-F00-S20260927,MODEL_V2_TCN_MEANMAX,MODEL_V2_OPTIMIZER_CORRECTED_V1,0,20260927,12,0.023120724721097018,1.0976184418313257,0.87083239148949,0.0003,False,8
