model,seed,participant_group_id,brier,status
MODEL_V1,20260927,MITDB_P101,0.05178075662897759,AVAILABLE
MODEL_V1,20260927,MITDB_P103,0.2230567494118827,AVAILABLE
MODEL_V1,20260927,MITDB_P105,0.5176850994135337,AVAILABLE
MODEL_V1,20260927,MITDB_P111,0.3547877111536632,AVAILABLE
MODEL_V1,20260927,MITDB_P113,0.4119859834483596,AVAILABLE
MODEL_V1,20260927,MITDB_P114,0.33301489842207005,AVAILABLE
MODEL_V1,20260927,MITDB_P117,0.8232882144473541,AVAILABLE
MODEL_V1,20260927,MITDB_P118,0.5660957509105142,AVAILABLE
MODEL_V1,20260927,MITDB_P119,0.008200149315837575,AVAILABLE
MODEL_V1,20260927,MITDB_P121,0.3343612788867387,AVAILABLE
MODEL_V1,20260927,MITDB_P122,0.05103271303349865,AVAILABLE
MODEL_V1,20260927,MITDB_P124,0.8844060973859816,AVAILABLE
MODEL_V1,20260927,MITDB_P203,0.15644329036968643,AVAILABLE
MODEL_V1,20260927,MITDB_P205,0.09747764951971011,AVAILABLE
MODEL_V1,20260927,MITDB_P207,0.7832806129104852,AVAILABLE
MODEL_V1,20260927,MITDB_P208,0.09896920072368476,AVAILABLE
MODEL_V1,20260927,MITDB_P209,0.40488699658655936,AVAILABLE
MODEL_V1,20260927,MITDB_P210,0.1268541887578382,AVAILABLE
MODEL_V1,20260927,MITDB_P212,0.7764298665083796,AVAILABLE
MODEL_V1,20260927,MITDB_P215,0.2364136530415742,AVAILABLE
MODEL_V1,20260927,MITDB_P220,0.20571917867362977,AVAILABLE
MODEL_V1,20260927,MITDB_P221,0.1386983882644708,AVAILABLE
MODEL_V1,20260927,MITDB_P222,0.6193407165722716,AVAILABLE
MODEL_V1,20260927,MITDB_P223,0.2210797414745966,AVAILABLE
MODEL_V1,20260927,MITDB_P228,0.16834476935375745,AVAILABLE
MODEL_V1,20260927,MITDB_P230,0.5339717009565109,AVAILABLE
MODEL_V1,20260927,MITDB_P232,0.23571221525204542,AVAILABLE
MODEL_V1,20260928,MITDB_P101,0.25555915937392076,AVAILABLE
MODEL_V1,20260928,MITDB_P103,0.13461411431787004,AVAILABLE
MODEL_V1,20260928,MITDB_P105,0.19230891414853232,AVAILABLE
MODEL_V1,20260928,MITDB_P111,0.2277479305680703,AVAILABLE
MODEL_V1,20260928,MITDB_P113,0.29193284412582865,AVAILABLE
MODEL_V1,20260928,MITDB_P114,0.2686901209739106,AVAILABLE
MODEL_V1,20260928,MITDB_P117,0.9010864274311009,AVAILABLE
MODEL_V1,20260928,MITDB_P118,0.26668555848240877,AVAILABLE
MODEL_V1,20260928,MITDB_P119,0.18824024439777381,AVAILABLE
MODEL_V1,20260928,MITDB_P121,0.3016295401458761,AVAILABLE
MODEL_V1,20260928,MITDB_P122,0.2688692304893435,AVAILABLE
MODEL_V1,20260928,MITDB_P124,0.8670481223014178,AVAILABLE
MODEL_V1,20260928,MITDB_P203,0.13484705274536146,AVAILABLE
MODEL_V1,20260928,MITDB_P205,0.07724780564579567,AVAILABLE
MODEL_V1,20260928,MITDB_P207,0.3824394637583729,AVAILABLE
MODEL_V1,20260928,MITDB_P208,0.20241137745556143,AVAILABLE
MODEL_V1,20260928,MITDB_P209,0.24665124596061078,AVAILABLE
MODEL_V1,20260928,MITDB_P210,0.23642867477505108,AVAILABLE
MODEL_V1,20260928,MITDB_P212,0.29746829352553844,AVAILABLE
MODEL_V1,20260928,MITDB_P215,0.27855373799076033,AVAILABLE
MODEL_V1,20260928,MITDB_P220,0.19233706183820815,AVAILABLE
MODEL_V1,20260928,MITDB_P221,0.09164025920357882,AVAILABLE
MODEL_V1,20260928,MITDB_P222,0.3722053941531114,AVAILABLE
MODEL_V1,20260928,MITDB_P223,0.23454170254226792,AVAILABLE
MODEL_V1,20260928,MITDB_P228,0.11867088823136669,AVAILABLE
MODEL_V1,20260928,MITDB_P230,0.685908195545868,AVAILABLE
MODEL_V1,20260928,MITDB_P232,0.36048951187867695,AVAILABLE
MODEL_V1,20260929,MITDB_P101,0.19970409359862776,AVAILABLE
MODEL_V1,20260929,MITDB_P103,0.23915487275114783,AVAILABLE
MODEL_V1,20260929,MITDB_P105,0.5969483627204674,AVAILABLE
MODEL_V1,20260929,MITDB_P111,0.05217123892352318,AVAILABLE
MODEL_V1,20260929,MITDB_P113,0.6093206965107284,AVAILABLE
MODEL_V1,20260929,MITDB_P114,0.2615068122763787,AVAILABLE
MODEL_V1,20260929,MITDB_P117,0.8152967102033482,AVAILABLE
MODEL_V1,20260929,MITDB_P118,0.2722945193418039,AVAILABLE
MODEL_V1,20260929,MITDB_P119,0.19870240399073616,AVAILABLE
MODEL_V1,20260929,MITDB_P121,0.280422907434452,AVAILABLE
MODEL_V1,20260929,MITDB_P122,0.2249202492195574,AVAILABLE
MODEL_V1,20260929,MITDB_P124,0.8667431468730585,AVAILABLE
MODEL_V1,20260929,MITDB_P203,0.15703436427298945,AVAILABLE
MODEL_V1,20260929,MITDB_P205,0.09727777948960695,AVAILABLE
MODEL_V1,20260929,MITDB_P207,0.3652090887954179,AVAILABLE
MODEL_V1,20260929,MITDB_P208,0.20507055483293943,AVAILABLE
MODEL_V1,20260929,MITDB_P209,0.4055699365850931,AVAILABLE
MODEL_V1,20260929,MITDB_P210,0.24309120491476624,AVAILABLE
MODEL_V1,20260929,MITDB_P212,0.8356042831323908,AVAILABLE
MODEL_V1,20260929,MITDB_P215,0.3580276752032412,AVAILABLE
MODEL_V1,20260929,MITDB_P220,0.5710282351290061,AVAILABLE
MODEL_V1,20260929,MITDB_P221,0.14864041193378102,AVAILABLE
MODEL_V1,20260929,MITDB_P222,0.6187790807335535,AVAILABLE
MODEL_V1,20260929,MITDB_P223,0.23601063827583058,AVAILABLE
MODEL_V1,20260929,MITDB_P228,0.14600039541990428,AVAILABLE
MODEL_V1,20260929,MITDB_P230,0.5856235636942214,AVAILABLE
MODEL_V1,20260929,MITDB_P232,0.15911706718722032,AVAILABLE
RF_ALL,,MITDB_P101,0.11208121170759783,AVAILABLE
RF_ALL,,MITDB_P103,0.053702314142687106,AVAILABLE
RF_ALL,,MITDB_P105,0.18421938026869747,AVAILABLE
RF_ALL,,MITDB_P111,0.10345948175481873,AVAILABLE
RF_ALL,,MITDB_P113,0.25338728695834406,AVAILABLE
RF_ALL,,MITDB_P114,0.1347265045087687,AVAILABLE
RF_ALL,,MITDB_P117,0.5752656341670028,AVAILABLE
RF_ALL,,MITDB_P118,0.16819995167956467,AVAILABLE
RF_ALL,,MITDB_P119,0.04783866571585522,AVAILABLE
RF_ALL,,MITDB_P121,0.08017331268843274,AVAILABLE
RF_ALL,,MITDB_P122,0.008051589006123275,AVAILABLE
RF_ALL,,MITDB_P124,0.24146555072850862,AVAILABLE
RF_ALL,,MITDB_P203,0.1431402015225473,AVAILABLE
RF_ALL,,MITDB_P205,0.13795394037841938,AVAILABLE
RF_ALL,,MITDB_P207,0.22717842157542098,AVAILABLE
RF_ALL,,MITDB_P208,0.1855310114264037,AVAILABLE
RF_ALL,,MITDB_P209,0.2578823175622965,AVAILABLE
RF_ALL,,MITDB_P210,0.2477443738967278,AVAILABLE
RF_ALL,,MITDB_P212,0.17887797715096584,AVAILABLE
RF_ALL,,MITDB_P215,0.2028264209576527,AVAILABLE
RF_ALL,,MITDB_P220,0.1899865130583848,AVAILABLE
RF_ALL,,MITDB_P221,0.23836131021513193,AVAILABLE
RF_ALL,,MITDB_P222,0.23044085962503993,AVAILABLE
RF_ALL,,MITDB_P223,0.19550784117050612,AVAILABLE
RF_ALL,,MITDB_P228,0.09377292434553273,AVAILABLE
RF_ALL,,MITDB_P230,0.5212469468427885,AVAILABLE
RF_ALL,,MITDB_P232,0.2522971573397262,AVAILABLE
MODEL_V1,,MITDB_P100,,MISSING_FROZEN_SOURCE
MODEL_V1,,MITDB_P106,,MISSING_FROZEN_SOURCE
MODEL_V1,,MITDB_P108,,MISSING_FROZEN_SOURCE
MODEL_V1,,MITDB_P109,,MISSING_FROZEN_SOURCE
MODEL_V1,,MITDB_P112,,MISSING_FROZEN_SOURCE
MODEL_V1,,MITDB_P201_202,,MISSING_FROZEN_SOURCE
MODEL_V1,,MITDB_P231,,MISSING_FROZEN_SOURCE
RF,,MITDB_P100,,MISSING_FROZEN_SOURCE
RF,,MITDB_P106,,MISSING_FROZEN_SOURCE
RF,,MITDB_P108,,MISSING_FROZEN_SOURCE
RF,,MITDB_P109,,MISSING_FROZEN_SOURCE
RF,,MITDB_P112,,MISSING_FROZEN_SOURCE
RF,,MITDB_P201_202,,MISSING_FROZEN_SOURCE
RF,,MITDB_P231,,MISSING_FROZEN_SOURCE
