gateway,repetition,index,latency_ns
v2,1,0,1813500
v2,1,1,1824125
v2,1,2,1842459
v2,1,3,1833875
v2,1,4,1850000
v2,1,5,1830000
v2,1,6,1812083
v2,1,7,1821750
v2,1,8,1816750
v2,1,9,1816583
v2,1,10,1816125
v2,1,11,1821750
v2,1,12,1813792
v2,1,13,1863875
v2,1,14,1864458
v2,1,15,1830125
v2,1,16,1820083
v2,1,17,1826083
v2,1,18,1832583
v2,1,19,1818125
v2,1,20,1820291
v2,1,21,1828000
v2,1,22,1838083
v2,1,23,1824041
v2,1,24,1855416
v2,1,25,1839167
v2,1,26,1828875
v2,1,27,1842875
v2,1,28,1839125
v2,1,29,1841208
v2,1,30,1839959
v2,1,31,1818959
v2,1,32,1802375
v2,1,33,1810708
v2,1,34,1812500
v2,1,35,1843542
v2,1,36,1828416
v2,1,37,1804209
v2,1,38,1804959
v2,1,39,1812625
v2,1,40,1843458
v2,1,41,1824458
v2,1,42,1850458
v2,1,43,1835792
v2,1,44,1814333
v2,1,45,1831792
v2,1,46,1833250
v2,1,47,1850416
v2,1,48,1833167
v2,1,49,1844500
v2,1,50,1807583
v2,1,51,1857250
v2,1,52,1845917
v2,1,53,1808542
v2,1,54,1819750
v2,1,55,1803250
v2,1,56,1801833
v2,1,57,1864958
v2,1,58,1835208
v2,1,59,1806250
v2,1,60,1809416
v2,1,61,1811417
v2,1,62,1873000
v2,1,63,1855792
v2,1,64,1841209
v2,1,65,1824958
v2,1,66,1815583
v2,1,67,1828708
v2,1,68,1833917
v2,1,69,1827916
v2,1,70,1809625
v2,1,71,1812625
v2,1,72,1826375
v2,1,73,1833208
v2,1,74,1843500
v2,1,75,1833083
v2,1,76,1814250
v2,1,77,1841375
v2,1,78,1834875
v2,1,79,1832875
v2,1,80,1823125
v2,1,81,1844625
v2,1,82,1826167
v2,1,83,1820375
v2,1,84,1841542
v2,1,85,1809584
v2,1,86,1827042
v2,1,87,1836666
v2,1,88,1851625
v2,1,89,1871667
v2,1,90,1829083
v2,1,91,1807833
v2,1,92,1837708
v2,1,93,1822292
v2,1,94,1810041
v2,1,95,1840292
v2,1,96,1847709
v2,1,97,1825542
v2,1,98,1821750
v2,1,99,1815333
v2,1,100,1856750
v2,1,101,1847917
v2,1,102,1848375
v2,1,103,1843667
v2,1,104,1825417
v2,1,105,1803792
v2,1,106,1847833
v2,1,107,1829250
v2,1,108,1820583
v2,1,109,1839583
v2,1,110,1820500
v2,1,111,1840542
v2,1,112,1835417
v2,1,113,1837083
v2,1,114,1838959
v2,1,115,1823083
v2,1,116,1825833
v2,1,117,1849833
v2,1,118,1814375
v2,1,119,1830959
v2,1,120,1852041
v2,1,121,1811625
v2,1,122,1863459
v2,1,123,1843375
v2,1,124,1830917
v2,1,125,1860250
v2,1,126,1803167
v2,1,127,1825042
v2,1,128,1836667
v2,1,129,1839000
v2,1,130,1821458
v2,1,131,1844542
v2,1,132,1815292
v2,1,133,1857875
v2,1,134,1836833
v2,1,135,1827375
v2,1,136,1850083
v2,1,137,1832083
v2,1,138,1842125
v2,1,139,1841417
v2,1,140,1852459
v2,1,141,1815042
v2,1,142,1816250
v2,1,143,1808750
v2,1,144,1847666
v2,1,145,1812583
v2,1,146,1809542
v2,1,147,1828584
v2,1,148,1801125
v2,1,149,1840833
v2,1,150,1828500
v2,1,151,1813625
v2,1,152,1824541
v2,1,153,1808250
v2,1,154,1831583
v2,1,155,1860250
v2,1,156,1818916
v2,1,157,1829750
v2,1,158,1803250
v2,1,159,1814834
v2,1,160,1825958
v2,1,161,1811333
v2,1,162,1806541
v2,1,163,1826041
v2,1,164,1799625
v2,1,165,1806416
v2,1,166,1836917
v2,1,167,1813459
v2,1,168,1837750
v2,1,169,1835916
v2,1,170,1818083
v2,1,171,1823917
v2,1,172,1827042
v2,1,173,1846625
v2,1,174,1822292
v2,1,175,1813708
v2,1,176,1823875
v2,1,177,1829833
v2,1,178,1809958
v2,1,179,1827542
v2,1,180,1814333
v2,1,181,1806208
v2,1,182,1820292
v2,1,183,1823083
v2,1,184,1809167
v2,1,185,1828375
v2,1,186,1828042
v2,1,187,1815625
v2,1,188,1829750
v2,1,189,1829292
v2,1,190,1819500
v2,1,191,1846000
v2,1,192,1815083
v2,1,193,1834666
v2,1,194,1811292
v2,1,195,1856958
v2,1,196,1832250
v2,1,197,1835417
v2,1,198,1834875
v2,1,199,1827334
v2,1,200,1846125
v2,1,201,1830083
v2,1,202,1823375
v2,1,203,1822459
v2,1,204,1876250
v2,1,205,1815875
v2,1,206,1806792
v2,1,207,1801250
v2,1,208,1810917
v2,1,209,1852000
v2,1,210,1845875
v2,1,211,1831000
v2,1,212,1811834
v2,1,213,1824417
v2,1,214,1831625
v2,1,215,1843458
v2,1,216,1808750
v2,1,217,1837000
v2,1,218,1809375
v2,1,219,1830000
v2,1,220,1832417
v2,1,221,1829959
v2,1,222,1804667
v2,1,223,1820458
v2,1,224,1838417
v2,1,225,1797875
v2,1,226,1836792
v2,1,227,1851959
v2,1,228,1847292
v2,1,229,1835167
v2,1,230,1828666
v2,1,231,1815125
v2,1,232,1858583
v2,1,233,1868083
v2,1,234,1820208
v2,1,235,1821042
v2,1,236,1839959
v2,1,237,1829084
v2,1,238,1806000
v2,1,239,1823792
v2,1,240,1813208
v2,1,241,1832875
v2,1,242,1858792
v2,1,243,1837167
v2,1,244,1825458
v2,1,245,1837916
v2,1,246,1819208
v2,1,247,1818125
v2,1,248,1831291
v2,1,249,1833833
v2,1,250,1829500
v2,1,251,1832625
v2,1,252,1830583
v2,1,253,1816958
v2,1,254,1846333
v2,1,255,1830042
v2,1,256,1815250
v2,1,257,1806708
v2,1,258,1814125
v2,1,259,1837875
v2,1,260,1828125
v2,1,261,1824334
v2,1,262,1816041
v2,1,263,1825459
v2,1,264,1837166
v2,1,265,1858916
v2,1,266,1813459
v2,1,267,1838166
v2,1,268,1840417
v2,1,269,1824291
v2,1,270,1833084
v2,1,271,1826416
v2,1,272,1815791
v2,1,273,1819291
v2,1,274,1824375
v2,1,275,1819375
v2,1,276,1835458
v2,1,277,1840000
v2,1,278,1829542
v2,1,279,1826250
v2,1,280,1820917
v2,1,281,1874042
v2,1,282,1846416
v2,1,283,1811250
v2,1,284,1833333
v2,1,285,1839625
v2,1,286,1845583
v2,1,287,1828417
v2,1,288,1828917
v2,1,289,1832333
v2,1,290,1836666
v2,1,291,1848166
v2,1,292,1828541
v2,1,293,1839750
v2,1,294,1821792
v2,1,295,1836833
v2,1,296,1831500
v2,1,297,1835792
v2,1,298,1813792
v2,1,299,1822875
v2,1,300,1861917
v2,1,301,1821292
v2,1,302,1818875
v2,1,303,1851959
v2,1,304,1825125
v2,1,305,1813250
v2,1,306,1855833
v2,1,307,1821084
v2,1,308,1815958
v2,1,309,1828208
v2,1,310,1808292
v2,1,311,1831417
v2,1,312,1818917
v2,1,313,1810167
v2,1,314,1857917
v2,1,315,1847417
v2,1,316,1835208
v2,1,317,1847750
v2,1,318,1852833
v2,1,319,1857042
v2,1,320,1808541
v2,1,321,1813291
v2,1,322,1834584
v2,1,323,1829959
v2,1,324,1817750
v2,1,325,1849584
v2,1,326,1813917
v2,1,327,1849875
v2,1,328,1810292
v2,1,329,1804959
v2,1,330,1832458
v2,1,331,1831084
v2,1,332,1830750
v2,1,333,1827166
v2,1,334,1814458
v2,1,335,1836958
v2,1,336,1848875
v2,1,337,1818084
v2,1,338,1822833
v2,1,339,1820250
v2,1,340,1802625
v2,1,341,1817750
v2,1,342,1805125
v2,1,343,1801541
v2,1,344,1817333
v2,1,345,1807041
v2,1,346,1808500
v2,1,347,1849625
v2,1,348,1825292
v2,1,349,1820125
v2,1,350,1839958
v2,1,351,1827166
v2,1,352,1837416
v2,1,353,1816125
v2,1,354,1861208
v2,1,355,1815291
v2,1,356,1805875
v2,1,357,1836375
v2,1,358,1835875
v2,1,359,1809208
v2,1,360,1820125
v2,1,361,1804750
v2,1,362,1800958
v2,1,363,1831834
v2,1,364,1816125
v2,1,365,1810708
v2,1,366,1827458
v2,1,367,1819083
v2,1,368,1827834
v2,1,369,1834875
v2,1,370,1862584
v2,1,371,1828042
v2,1,372,1813125
v2,1,373,1852917
v2,1,374,1840334
v2,1,375,1829709
v2,1,376,1824750
v2,1,377,1830875
v2,1,378,1819125
v2,1,379,1833875
v2,1,380,1836375
v2,1,381,1811583
v2,1,382,1848875
v2,1,383,1810209
v2,1,384,1805000
v2,1,385,1814333
v2,1,386,1815375
v2,1,387,1823209
v2,1,388,1842666
v2,1,389,1828750
v2,1,390,1801708
v2,1,391,1872500
v2,1,392,1853041
v2,1,393,1823166
v2,1,394,1827041
v2,1,395,1832125
v2,1,396,1854375
v2,1,397,1818042
v2,1,398,1831042
v2,1,399,1816250
v2,1,400,1846000
v2,1,401,1835750
v2,1,402,1806875
v2,1,403,1804584
v2,1,404,1822458
v2,1,405,1827083
v2,1,406,1817333
v2,1,407,1845459
v2,1,408,1819959
v2,1,409,1828542
v2,1,410,1797750
v2,1,411,1804833
v2,1,412,1825125
v2,1,413,1825917
v2,1,414,1860166
v2,1,415,1814708
v2,1,416,1817292
v2,1,417,1833333
v2,1,418,1843167
v2,1,419,1821875
v2,1,420,1822584
v2,1,421,1820917
v2,1,422,1832459
v2,1,423,1857125
v2,1,424,1821791
v2,1,425,1832166
v2,1,426,1837666
v2,1,427,1839166
v2,1,428,1812583
v2,1,429,1841000
v2,1,430,1850208
v2,1,431,1832500
v2,1,432,1833291
v2,1,433,1826500
v2,1,434,1859292
v2,1,435,1815042
v2,1,436,1834333
v2,1,437,1846375
v2,1,438,1816541
v2,1,439,1822666
v2,1,440,1847958
v2,1,441,1818584
v2,1,442,1831250
v2,1,443,1873041
v2,1,444,1838291
v2,1,445,1836375
v2,1,446,1829291
v2,1,447,1827458
v2,1,448,1826291
v2,1,449,1839916
v2,1,450,1837125
v2,1,451,1829958
v2,1,452,1831333
v2,1,453,1820542
v2,1,454,1826250
v2,1,455,1823167
v2,1,456,1849334
v2,1,457,1812875
v2,1,458,1830459
v2,1,459,1811875
v2,1,460,1804417
v2,1,461,1869541
v2,1,462,1807000
v2,1,463,1812000
v2,1,464,1824750
v2,1,465,1805625
v2,1,466,1806167
v2,1,467,1832541
v2,1,468,1845291
v2,1,469,1837625
v2,1,470,1815167
v2,1,471,1812000
v2,1,472,1811333
v2,1,473,1847000
v2,1,474,1821458
v2,1,475,1816208
v2,1,476,1827625
v2,1,477,1822333
v2,1,478,1854708
v2,1,479,1814333
v2,1,480,1822875
v2,1,481,1839708
v2,1,482,1807208
v2,1,483,1818791
v2,1,484,1863458
v2,1,485,1822500
v2,1,486,1818375
v2,1,487,1837584
v2,1,488,1818042
v2,1,489,1837917
v2,1,490,1831125
v2,1,491,1808666
v2,1,492,1808375
v2,1,493,1817084
v2,1,494,1823708
v2,1,495,1843916
v2,1,496,1856916
v2,1,497,1826583
v2,1,498,1850833
v2,1,499,1837291
v2,1,500,1840250
v2,1,501,1810750
v2,1,502,1809458
v2,1,503,1837083
v2,1,504,1810167
v2,1,505,1826667
v2,1,506,1851583
v2,1,507,1808334
v2,1,508,1816917
v2,1,509,1818250
v2,1,510,1826000
v2,1,511,1823084
v2,1,512,1842583
v2,1,513,1808791
v2,1,514,1833541
v2,1,515,1830666
v2,1,516,1860583
v2,1,517,1824750
v2,1,518,1809542
v2,1,519,1831625
v2,1,520,1811541
v2,1,521,1822542
v2,1,522,1839125
v2,1,523,1806459
v2,1,524,1816083
v2,1,525,1832792
v2,1,526,1831875
v2,1,527,1824625
v2,1,528,1830083
v2,1,529,1826500
v2,1,530,1833583
v2,1,531,1831584
v2,1,532,1840500
v2,1,533,1841583
v2,1,534,1872000
v2,1,535,1853292
v2,1,536,1807042
v2,1,537,1812042
v2,1,538,1826250
v2,1,539,1820708
v2,1,540,1813250
v2,1,541,1827166
v2,1,542,1810167
v2,1,543,1833833
v2,1,544,1872375
v2,1,545,1804625
v2,1,546,1800917
v2,1,547,1804000
v2,1,548,1803375
v2,1,549,1843750
v2,1,550,1841000
v2,1,551,1821958
v2,1,552,1800958
v2,1,553,1815500
v2,1,554,1834125
v2,1,555,1845000
v2,1,556,1821458
v2,1,557,1843834
v2,1,558,1823959
v2,1,559,1819542
v2,1,560,1868834
v2,1,561,1827667
v2,1,562,1832625
v2,1,563,1831000
v2,1,564,1801833
v2,1,565,1803041
v2,1,566,1837875
v2,1,567,1817625
v2,1,568,1805125
v2,1,569,1827708
v2,1,570,1806584
v2,1,571,1872875
v2,1,572,1824334
v2,1,573,1816709
v2,1,574,1801167
v2,1,575,1803667
v2,1,576,1816334
v2,1,577,1842625
v2,1,578,1833834
v2,1,579,1823083
v2,1,580,1828875
v2,1,581,1813042
v2,1,582,1820375
v2,1,583,1818959
v2,1,584,1805542
v2,1,585,1815292
v2,1,586,1814750
v2,1,587,1835042
v2,1,588,1843500
v2,1,589,1855209
v2,1,590,1801375
v2,1,591,1810250
v2,1,592,1808000
v2,1,593,1825417
v2,1,594,1838500
v2,1,595,1845416
v2,1,596,1842291
v2,1,597,1822875
v2,1,598,1830084
v2,1,599,1847667
v2,1,600,1824708
v2,1,601,1833583
v2,1,602,1800292
v2,1,603,1806292
v2,1,604,1829791
v2,1,605,1841541
v2,1,606,1830542
v2,1,607,1864625
v2,1,608,1824375
v2,1,609,1803125
v2,1,610,1833541
v2,1,611,1832167
v2,1,612,1815042
v2,1,613,1798667
v2,1,614,1817750
v2,1,615,1848834
v2,1,616,1844625
v2,1,617,1851000
v2,1,618,1824792
v2,1,619,1826416
v2,1,620,1824667
v2,1,621,1859709
v2,1,622,1810750
v2,1,623,1817416
v2,1,624,1836125
v2,1,625,1800875
v2,1,626,1852959
v2,1,627,1831750
v2,1,628,1810166
v2,1,629,1825458
v2,1,630,1834167
v2,1,631,1813584
v2,1,632,1831833
v2,1,633,1845292
v2,1,634,1810625
v2,1,635,1808708
v2,1,636,1852250
v2,1,637,1822500
v2,1,638,1798750
v2,1,639,1806792
v2,1,640,1803833
v2,1,641,1805083
v2,1,642,1843250
v2,1,643,1881333
v2,1,644,1835167
v2,1,645,1815959
v2,1,646,1825291
v2,1,647,1811208
v2,1,648,1848000
v2,1,649,1834250
v2,1,650,1820583
v2,1,651,1814083
v2,1,652,1822333
v2,1,653,1803667
v2,1,654,1827417
v2,1,655,1834709
v2,1,656,1813750
v2,1,657,1806125
v2,1,658,1811583
v2,1,659,1824583
v2,1,660,1828334
v2,1,661,1850542
v2,1,662,1840625
v2,1,663,1826583
v2,1,664,1802333
v2,1,665,1860375
v2,1,666,1800792
v2,1,667,1800625
v2,1,668,1813208
v2,1,669,1811333
v2,1,670,1850208
v2,1,671,1838833
v2,1,672,1810875
v2,1,673,1801000
v2,1,674,1801541
v2,1,675,1801958
v2,1,676,1838000
v2,1,677,1839333
v2,1,678,1851000
v2,1,679,1822541
v2,1,680,1807166
v2,1,681,1875625
v2,1,682,1835833
v2,1,683,1836208
v2,1,684,1843541
v2,1,685,1813666
v2,1,686,1836625
v2,1,687,1826250
v2,1,688,1839125
v2,1,689,1816166
v2,1,690,1820250
v2,1,691,1824333
v2,1,692,1843167
v2,1,693,1836667
v2,1,694,1806709
v2,1,695,1803833
v2,1,696,1811042
v2,1,697,1817042
v2,1,698,1804500
v2,1,699,1824583
v2,1,700,1843708
v2,1,701,1825041
v2,1,702,1824541
v2,1,703,1846417
v2,1,704,1813333
v2,1,705,1816333
v2,1,706,1839208
v2,1,707,1831708
v2,1,708,1831917
v2,1,709,1837167
v2,1,710,1804375
v2,1,711,1811125
v2,1,712,1804542
v2,1,713,1821750
v2,1,714,1841250
v2,1,715,1836834
v2,1,716,1809917
v2,1,717,1820417
v2,1,718,1821042
v2,1,719,1835375
v2,1,720,1835500
v2,1,721,1823125
v2,1,722,1844084
v2,1,723,1815750
v2,1,724,1831917
v2,1,725,1829667
v2,1,726,1812417
v2,1,727,1821250
v2,1,728,1817708
v2,1,729,1815708
v2,1,730,1836250
v2,1,731,1826667
v2,1,732,1857625
v2,1,733,1875042
v2,1,734,1856625
v2,1,735,1892292
v2,1,736,1887042
v2,1,737,1840708
v2,1,738,1855375
v2,1,739,1827459
v2,1,740,1815375
v2,1,741,1829125
v2,1,742,1824333
v2,1,743,1820542
v2,1,744,1826875
v2,1,745,1810416
v2,1,746,1828125
v2,1,747,1867000
v2,1,748,1818333
v2,1,749,1819958
v2,1,750,1818791
v2,1,751,1809708
v2,1,752,1837500
v2,1,753,1826000
v2,1,754,1830208
v2,1,755,1843791
v2,1,756,1823000
v2,1,757,1813458
v2,1,758,1844875
v2,1,759,1828875
v2,1,760,1869708
v2,1,761,1829291
v2,1,762,1839291
v2,1,763,1843416
v2,1,764,1823625
v2,1,765,1831916
v2,1,766,1820416
v2,1,767,1830583
v2,1,768,1839625
v2,1,769,1835791
v2,1,770,1837542
v2,1,771,1821917
v2,1,772,1860333
v2,1,773,1834541
v2,1,774,1861292
v2,1,775,1828417
v2,1,776,1842292
v2,1,777,1814875
v2,1,778,1816833
v2,1,779,1861791
v2,1,780,1827166
v2,1,781,1843875
v2,1,782,1831791
v2,1,783,1812000
v2,1,784,1807125
v2,1,785,1847500
v2,1,786,1808542
v2,1,787,1874708
v2,1,788,1856959
v2,1,789,1811458
v2,1,790,1870958
v2,1,791,1859750
v2,1,792,1839291
v2,1,793,1819625
v2,1,794,1819791
v2,1,795,1824250
v2,1,796,1854042
v2,1,797,1872208
v2,1,798,1851542
v2,1,799,1817334
v2,1,800,1822709
v2,1,801,1847625
v2,1,802,1820500
v2,1,803,1826666
v2,1,804,1825833
v2,1,805,1815042
v2,1,806,1842042
v2,1,807,1841959
v2,1,808,1854292
v2,1,809,1828458
v2,1,810,1822041
v2,1,811,1835458
v2,1,812,1835250
v2,1,813,1825666
v2,1,814,1858584
v2,1,815,1834542
v2,1,816,1815125
v2,1,817,1824375
v2,1,818,1844458
v2,1,819,1836750
v2,1,820,1859167
v2,1,821,1821750
v2,1,822,1838125
v2,1,823,1838083
v2,1,824,1808209
v2,1,825,1815292
v2,1,826,1840833
v2,1,827,1833375
v2,1,828,1832792
v2,1,829,1823667
v2,1,830,1832000
v2,1,831,1815833
v2,1,832,1819750
v2,1,833,1857250
v2,1,834,1840084
v2,1,835,1821083
v2,1,836,1826875
v2,1,837,1827542
v2,1,838,1810917
v2,1,839,1831416
v2,1,840,1819792
v2,1,841,1872500
v2,1,842,1849916
v2,1,843,1837042
v2,1,844,1835791
v2,1,845,1854083
v2,1,846,1870333
v2,1,847,1817416
v2,1,848,1825083
v2,1,849,1850042
v2,1,850,1849625
v2,1,851,1848042
v2,1,852,1843333
v2,1,853,1816208
v2,1,854,1811750
v2,1,855,1831958
v2,1,856,1836333
v2,1,857,1830833
v2,1,858,1841750
v2,1,859,1824083
v2,1,860,1832041
v2,1,861,1839042
v2,1,862,1839875
v2,1,863,1816417
v2,1,864,1837459
v2,1,865,1838500
v2,1,866,1819167
v2,1,867,1826625
v2,1,868,1843334
v2,1,869,1813375
v2,1,870,1823833
v2,1,871,1812791
v2,1,872,1822916
v2,1,873,1821333
v2,1,874,1843542
v2,1,875,1811541
v2,1,876,1799541
v2,1,877,1810292
v2,1,878,1835167
v2,1,879,1824541
v2,1,880,1852583
v2,1,881,1829250
v2,1,882,1833833
v2,1,883,1856833
v2,1,884,1825791
v2,1,885,1827666
v2,1,886,1811916
v2,1,887,1844833
v2,1,888,1847167
v2,1,889,1845500
v2,1,890,1831958
v2,1,891,1824750
v2,1,892,1830583
v2,1,893,1829625
v2,1,894,1834875
v2,1,895,1819750
v2,1,896,1829292
v2,1,897,1826167
v2,1,898,1825209
v2,1,899,1806625
v2,1,900,1843792
v2,1,901,1827209
v2,1,902,1816458
v2,1,903,1841250
v2,1,904,1808750
v2,1,905,1822333
v2,1,906,1820041
v2,1,907,1806041
v2,1,908,1801583
v2,1,909,1809083
v2,1,910,1802125
v2,1,911,1841416
v2,1,912,1843208
v2,1,913,1842458
v2,1,914,1831667
v2,1,915,1829917
v2,1,916,1836459
v2,1,917,1856917
v2,1,918,1844209
v2,1,919,1822584
v2,1,920,1863584
v2,1,921,1824708
v2,1,922,1854541
v2,1,923,1825917
v2,1,924,1847875
v2,1,925,1818416
v2,1,926,1818167
v2,1,927,1849750
v2,1,928,1831667
v2,1,929,1820334
v2,1,930,1817792
v2,1,931,1819375
v2,1,932,1855125
v2,1,933,1819042
v2,1,934,1822750
v2,1,935,1814541
v2,1,936,1813291
v2,1,937,1817333
v2,1,938,1847709
v2,1,939,1811583
v2,1,940,1816167
v2,1,941,1843417
v2,1,942,1824667
v2,1,943,1815875
v2,1,944,1808500
v2,1,945,1812167
v2,1,946,1799958
v2,1,947,1817666
v2,1,948,1809958
v2,1,949,1837125
v2,1,950,1849792
v2,1,951,1833541
v2,1,952,1815333
v2,1,953,1848542
v2,1,954,1825875
v2,1,955,1819084
v2,1,956,1824250
v2,1,957,1818333
v2,1,958,1815084
v2,1,959,1812833
v2,1,960,1842833
v2,1,961,1823708
v2,1,962,1821208
v2,1,963,1863458
v2,1,964,1816209
v2,1,965,1847792
v2,1,966,1838625
v2,1,967,1834417
v2,1,968,1814542
v2,1,969,1826625
v2,1,970,1806708
v2,1,971,1835958
v2,1,972,1835584
v2,1,973,1822458
v2,1,974,1816041
v2,1,975,1814208
v2,1,976,1837708
v2,1,977,1807917
v2,1,978,1804750
v2,1,979,1821458
v2,1,980,1805250
v2,1,981,1823000
v2,1,982,1852292
v2,1,983,1841000
v2,1,984,1812667
v2,1,985,1822667
v2,1,986,1827459
v2,1,987,1835042
v2,1,988,1833542
v2,1,989,1821875
v2,1,990,1833166
v2,1,991,1846458
v2,1,992,1820666
v2,1,993,1854041
v2,1,994,1836416
v2,1,995,1833833
v2,1,996,1825708
v2,1,997,1847250
v2,1,998,1856583
v2,1,999,1836834
v1,1,0,121041
v1,1,1,121333
v1,1,2,120125
v1,1,3,122333
v1,1,4,121417
v1,1,5,132042
v1,1,6,148167
v1,1,7,121416
v1,1,8,201500
v1,1,9,200417
v1,1,10,202958
v1,1,11,199709
v1,1,12,200209
v1,1,13,242041
v1,1,14,223750
v1,1,15,212834
v1,1,16,207417
v1,1,17,208334
v1,1,18,207875
v1,1,19,213667
v1,1,20,207667
v1,1,21,206250
v1,1,22,203500
v1,1,23,207166
v1,1,24,203042
v1,1,25,206917
v1,1,26,211583
v1,1,27,208583
v1,1,28,209792
v1,1,29,209166
v1,1,30,205667
v1,1,31,203542
v1,1,32,204625
v1,1,33,205208
v1,1,34,207625
v1,1,35,206291
v1,1,36,206375
v1,1,37,204000
v1,1,38,205500
v1,1,39,209667
v1,1,40,203834
v1,1,41,209125
v1,1,42,204167
v1,1,43,204125
v1,1,44,207000
v1,1,45,205000
v1,1,46,203917
v1,1,47,205916
v1,1,48,203709
v1,1,49,203000
v1,1,50,204292
v1,1,51,204375
v1,1,52,206792
v1,1,53,205125
v1,1,54,204666
v1,1,55,205375
v1,1,56,206500
v1,1,57,204792
v1,1,58,207292
v1,1,59,212208
v1,1,60,217625
v1,1,61,233125
v1,1,62,213875
v1,1,63,207083
v1,1,64,205000
v1,1,65,206417
v1,1,66,207583
v1,1,67,215083
v1,1,68,206750
v1,1,69,214834
v1,1,70,202084
v1,1,71,203709
v1,1,72,202542
v1,1,73,200292
v1,1,74,201833
v1,1,75,202417
v1,1,76,205125
v1,1,77,203500
v1,1,78,200208
v1,1,79,200875
v1,1,80,204291
v1,1,81,205625
v1,1,82,200500
v1,1,83,203625
v1,1,84,202458
v1,1,85,247459
v1,1,86,221291
v1,1,87,209209
v1,1,88,212708
v1,1,89,203792
v1,1,90,201875
v1,1,91,201041
v1,1,92,204000
v1,1,93,201833
v1,1,94,203791
v1,1,95,200750
v1,1,96,200875
v1,1,97,200875
v1,1,98,207792
v1,1,99,202667
v1,1,100,201000
v1,1,101,200625
v1,1,102,202917
v1,1,103,205833
v1,1,104,198875
v1,1,105,198625
v1,1,106,204417
v1,1,107,203250
v1,1,108,201042
v1,1,109,201916
v1,1,110,218875
v1,1,111,204916
v1,1,112,202125
v1,1,113,216666
v1,1,114,205792
v1,1,115,203167
v1,1,116,202291
v1,1,117,202042
v1,1,118,201750
v1,1,119,203333
v1,1,120,201375
v1,1,121,201167
v1,1,122,203167
v1,1,123,200083
v1,1,124,202084
v1,1,125,200709
v1,1,126,205292
v1,1,127,200541
v1,1,128,200208
v1,1,129,201750
v1,1,130,201209
v1,1,131,201375
v1,1,132,200583
v1,1,133,199375
v1,1,134,203541
v1,1,135,202708
v1,1,136,201000
v1,1,137,200333
v1,1,138,200500
v1,1,139,207833
v1,1,140,211208
v1,1,141,205500
v1,1,142,204208
v1,1,143,199167
v1,1,144,201791
v1,1,145,201959
v1,1,146,199083
v1,1,147,200583
v1,1,148,198166
v1,1,149,200583
v1,1,150,199958
v1,1,151,201666
v1,1,152,201250
v1,1,153,199375
v1,1,154,201000
v1,1,155,202167
v1,1,156,200292
v1,1,157,199667
v1,1,158,200292
v1,1,159,215250
v1,1,160,206292
v1,1,161,202125
v1,1,162,201916
v1,1,163,209792
v1,1,164,200375
v1,1,165,213000
v1,1,166,202000
v1,1,167,212292
v1,1,168,202291
v1,1,169,199917
v1,1,170,218959
v1,1,171,203542
v1,1,172,209833
v1,1,173,200792
v1,1,174,197750
v1,1,175,198250
v1,1,176,197917
v1,1,177,199666
v1,1,178,199375
v1,1,179,198833
v1,1,180,203833
v1,1,181,202209
v1,1,182,200084
v1,1,183,198209
v1,1,184,199667
v1,1,185,201750
v1,1,186,203375
v1,1,187,200000
v1,1,188,201041
v1,1,189,198958
v1,1,190,202459
v1,1,191,199709
v1,1,192,200375
v1,1,193,199083
v1,1,194,198875
v1,1,195,199541
v1,1,196,198792
v1,1,197,200584
v1,1,198,197875
v1,1,199,201042
v1,1,200,200625
v1,1,201,199708
v1,1,202,199625
v1,1,203,211584
v1,1,204,199625
v1,1,205,200750
v1,1,206,200917
v1,1,207,200291
v1,1,208,208750
v1,1,209,223916
v1,1,210,202958
v1,1,211,205125
v1,1,212,202959
v1,1,213,204584
v1,1,214,212667
v1,1,215,204667
v1,1,216,203500
v1,1,217,201833
v1,1,218,204208
v1,1,219,208917
v1,1,220,203375
v1,1,221,207459
v1,1,222,214875
v1,1,223,212125
v1,1,224,201375
v1,1,225,200708
v1,1,226,202125
v1,1,227,216958
v1,1,228,198875
v1,1,229,203167
v1,1,230,201750
v1,1,231,200459
v1,1,232,198417
v1,1,233,198250
v1,1,234,201458
v1,1,235,202459
v1,1,236,203542
v1,1,237,202167
v1,1,238,202708
v1,1,239,201208
v1,1,240,202000
v1,1,241,201583
v1,1,242,198750
v1,1,243,210416
v1,1,244,199667
v1,1,245,199417
v1,1,246,199750
v1,1,247,199250
v1,1,248,200833
v1,1,249,199958
v1,1,250,197292
v1,1,251,197416
v1,1,252,199125
v1,1,253,197667
v1,1,254,197375
v1,1,255,198791
v1,1,256,204750
v1,1,257,203959
v1,1,258,230500
v1,1,259,210833
v1,1,260,210167
v1,1,261,206417
v1,1,262,208792
v1,1,263,201917
v1,1,264,205625
v1,1,265,206708
v1,1,266,202667
v1,1,267,204750
v1,1,268,206584
v1,1,269,205000
v1,1,270,206291
v1,1,271,203208
v1,1,272,210083
v1,1,273,205666
v1,1,274,206041
v1,1,275,204417
v1,1,276,207291
v1,1,277,206958
v1,1,278,206416
v1,1,279,203708
v1,1,280,205917
v1,1,281,205792
v1,1,282,205416
v1,1,283,212458
v1,1,284,208167
v1,1,285,203542
v1,1,286,202459
v1,1,287,202667
v1,1,288,206250
v1,1,289,204834
v1,1,290,202334
v1,1,291,203750
v1,1,292,202542
v1,1,293,205083
v1,1,294,202791
v1,1,295,203584
v1,1,296,203167
v1,1,297,202166
v1,1,298,206292
v1,1,299,204583
v1,1,300,202375
v1,1,301,205042
v1,1,302,201458
v1,1,303,206667
v1,1,304,204417
v1,1,305,205458
v1,1,306,204916
v1,1,307,224875
v1,1,308,206375
v1,1,309,206625
v1,1,310,201958
v1,1,311,206250
v1,1,312,220625
v1,1,313,203041
v1,1,314,200833
v1,1,315,203542
v1,1,316,201792
v1,1,317,200417
v1,1,318,198125
v1,1,319,200708
v1,1,320,200500
v1,1,321,203958
v1,1,322,216083
v1,1,323,207709
v1,1,324,199584
v1,1,325,206667
v1,1,326,200125
v1,1,327,200584
v1,1,328,197542
v1,1,329,209833
v1,1,330,199375
v1,1,331,201084
v1,1,332,202709
v1,1,333,198542
v1,1,334,199000
v1,1,335,199333
v1,1,336,199625
v1,1,337,204292
v1,1,338,199542
v1,1,339,203583
v1,1,340,204958
v1,1,341,205500
v1,1,342,199167
v1,1,343,201958
v1,1,344,209209
v1,1,345,200209
v1,1,346,198292
v1,1,347,200958
v1,1,348,201125
v1,1,349,202250
v1,1,350,203333
v1,1,351,199541
v1,1,352,201625
v1,1,353,204250
v1,1,354,198209
v1,1,355,200959
v1,1,356,224542
v1,1,357,203875
v1,1,358,204000
v1,1,359,203875
v1,1,360,207208
v1,1,361,202042
v1,1,362,206125
v1,1,363,204375
v1,1,364,217166
v1,1,365,205792
v1,1,366,205084
v1,1,367,207292
v1,1,368,201375
v1,1,369,220125
v1,1,370,207083
v1,1,371,200041
v1,1,372,199167
v1,1,373,209167
v1,1,374,198334
v1,1,375,207500
v1,1,376,200750
v1,1,377,203042
v1,1,378,207666
v1,1,379,200042
v1,1,380,208417
v1,1,381,198833
v1,1,382,198791
v1,1,383,202583
v1,1,384,201375
v1,1,385,214208
v1,1,386,210875
v1,1,387,198417
v1,1,388,200292
v1,1,389,201083
v1,1,390,201083
v1,1,391,198583
v1,1,392,199791
v1,1,393,200250
v1,1,394,200375
v1,1,395,199500
v1,1,396,199708
v1,1,397,201375
v1,1,398,198750
v1,1,399,197750
v1,1,400,197375
v1,1,401,198708
v1,1,402,199000
v1,1,403,200000
v1,1,404,198458
v1,1,405,231541
v1,1,406,206000
v1,1,407,202167
v1,1,408,204000
v1,1,409,200500
v1,1,410,199459
v1,1,411,200125
v1,1,412,197708
v1,1,413,202959
v1,1,414,197500
v1,1,415,201833
v1,1,416,202000
v1,1,417,202792
v1,1,418,201166
v1,1,419,201833
v1,1,420,200750
v1,1,421,199583
v1,1,422,199750
v1,1,423,201334
v1,1,424,201042
v1,1,425,201875
v1,1,426,206875
v1,1,427,216542
v1,1,428,203333
v1,1,429,200917
v1,1,430,199875
v1,1,431,201834
v1,1,432,200708
v1,1,433,203291
v1,1,434,205125
v1,1,435,204500
v1,1,436,202291
v1,1,437,199542
v1,1,438,204542
v1,1,439,202500
v1,1,440,202208
v1,1,441,200625
v1,1,442,202000
v1,1,443,201084
v1,1,444,199959
v1,1,445,200750
v1,1,446,200292
v1,1,447,202750
v1,1,448,200792
v1,1,449,201375
v1,1,450,201458
v1,1,451,202416
v1,1,452,201625
v1,1,453,199542
v1,1,454,198667
v1,1,455,207625
v1,1,456,198166
v1,1,457,201875
v1,1,458,200709
v1,1,459,202000
v1,1,460,200917
v1,1,461,201041
v1,1,462,202833
v1,1,463,199791
v1,1,464,201083
v1,1,465,199167
v1,1,466,199875
v1,1,467,204708
v1,1,468,210375
v1,1,469,204500
v1,1,470,197541
v1,1,471,200833
v1,1,472,198917
v1,1,473,200625
v1,1,474,202042
v1,1,475,198625
v1,1,476,201792
v1,1,477,201292
v1,1,478,201834
v1,1,479,198959
v1,1,480,199500
v1,1,481,200625
v1,1,482,209291
v1,1,483,200000
v1,1,484,216791
v1,1,485,203166
v1,1,486,200708
v1,1,487,201667
v1,1,488,199625
v1,1,489,200333
v1,1,490,200042
v1,1,491,201708
v1,1,492,198750
v1,1,493,198459
v1,1,494,200708
v1,1,495,200458
v1,1,496,201500
v1,1,497,198750
v1,1,498,200917
v1,1,499,202208
v1,1,500,200541
v1,1,501,198708
v1,1,502,201167
v1,1,503,202625
v1,1,504,223500
v1,1,505,202250
v1,1,506,200083
v1,1,507,200916
v1,1,508,202500
v1,1,509,198500
v1,1,510,208375
v1,1,511,200292
v1,1,512,200583
v1,1,513,227542
v1,1,514,209500
v1,1,515,207000
v1,1,516,204417
v1,1,517,205584
v1,1,518,202333
v1,1,519,204833
v1,1,520,207167
v1,1,521,202666
v1,1,522,208750
v1,1,523,202708
v1,1,524,203041
v1,1,525,201333
v1,1,526,213417
v1,1,527,209834
v1,1,528,210167
v1,1,529,202000
v1,1,530,202708
v1,1,531,204584
v1,1,532,201625
v1,1,533,200083
v1,1,534,202583
v1,1,535,203292
v1,1,536,202084
v1,1,537,205000
v1,1,538,204042
v1,1,539,201708
v1,1,540,205292
v1,1,541,206709
v1,1,542,204209
v1,1,543,202042
v1,1,544,203250
v1,1,545,202541
v1,1,546,204250
v1,1,547,200875
v1,1,548,202334
v1,1,549,221334
v1,1,550,208875
v1,1,551,212334
v1,1,552,205084
v1,1,553,209208
v1,1,554,217375
v1,1,555,215334
v1,1,556,211000
v1,1,557,201708
v1,1,558,202375
v1,1,559,202167
v1,1,560,202000
v1,1,561,201375
v1,1,562,201291
v1,1,563,203625
v1,1,564,202333
v1,1,565,200500
v1,1,566,201459
v1,1,567,209209
v1,1,568,203292
v1,1,569,208708
v1,1,570,203958
v1,1,571,202292
v1,1,572,203333
v1,1,573,201291
v1,1,574,198875
v1,1,575,203834
v1,1,576,202792
v1,1,577,203625
v1,1,578,202250
v1,1,579,202333
v1,1,580,200291
v1,1,581,203333
v1,1,582,203208
v1,1,583,204042
v1,1,584,201250
v1,1,585,201708
v1,1,586,201458
v1,1,587,202708
v1,1,588,201250
v1,1,589,201208
v1,1,590,205167
v1,1,591,200375
v1,1,592,205334
v1,1,593,202875
v1,1,594,201459
v1,1,595,200958
v1,1,596,202375
v1,1,597,201500
v1,1,598,206833
v1,1,599,204458
v1,1,600,200292
v1,1,601,203250
v1,1,602,230000
v1,1,603,209708
v1,1,604,205375
v1,1,605,203792
v1,1,606,204250
v1,1,607,201875
v1,1,608,202417
v1,1,609,202125
v1,1,610,202666
v1,1,611,203208
v1,1,612,205084
v1,1,613,202792
v1,1,614,200500
v1,1,615,203291
v1,1,616,201166
v1,1,617,205417
v1,1,618,203667
v1,1,619,202666
v1,1,620,204333
v1,1,621,203250
v1,1,622,200916
v1,1,623,202208
v1,1,624,198958
v1,1,625,199667
v1,1,626,231333
v1,1,627,208166
v1,1,628,198708
v1,1,629,198416
v1,1,630,200667
v1,1,631,209125
v1,1,632,200792
v1,1,633,200458
v1,1,634,201958
v1,1,635,203042
v1,1,636,199083
v1,1,637,200041
v1,1,638,199000
v1,1,639,198625
v1,1,640,198292
v1,1,641,200791
v1,1,642,198750
v1,1,643,198250
v1,1,644,201916
v1,1,645,199000
v1,1,646,200792
v1,1,647,199416
v1,1,648,201042
v1,1,649,199583
v1,1,650,199541
v1,1,651,218458
v1,1,652,203458
v1,1,653,210125
v1,1,654,223209
v1,1,655,211500
v1,1,656,200084
v1,1,657,199417
v1,1,658,199625
v1,1,659,201500
v1,1,660,200666
v1,1,661,203958
v1,1,662,202292
v1,1,663,198750
v1,1,664,200292
v1,1,665,199750
v1,1,666,197792
v1,1,667,201500
v1,1,668,199375
v1,1,669,197750
v1,1,670,201875
v1,1,671,199333
v1,1,672,203791
v1,1,673,198542
v1,1,674,197917
v1,1,675,209000
v1,1,676,200625
v1,1,677,200583
v1,1,678,197417
v1,1,679,202292
v1,1,680,198500
v1,1,681,198291
v1,1,682,201167
v1,1,683,213667
v1,1,684,199000
v1,1,685,198334
v1,1,686,203459
v1,1,687,197875
v1,1,688,213208
v1,1,689,200833
v1,1,690,198916
v1,1,691,203458
v1,1,692,197625
v1,1,693,200375
v1,1,694,202000
v1,1,695,200417
v1,1,696,203334
v1,1,697,201792
v1,1,698,200834
v1,1,699,203334
v1,1,700,213459
v1,1,701,218959
v1,1,702,207583
v1,1,703,204916
v1,1,704,204416
v1,1,705,204083
v1,1,706,204583
v1,1,707,201708
v1,1,708,202167
v1,1,709,206084
v1,1,710,202959
v1,1,711,204709
v1,1,712,226417
v1,1,713,208542
v1,1,714,209916
v1,1,715,207875
v1,1,716,198834
v1,1,717,202792
v1,1,718,199291
v1,1,719,201125
v1,1,720,203583
v1,1,721,199541
v1,1,722,201500
v1,1,723,198209
v1,1,724,205333
v1,1,725,201333
v1,1,726,198666
v1,1,727,201292
v1,1,728,197209
v1,1,729,213959
v1,1,730,200709
v1,1,731,201959
v1,1,732,200750
v1,1,733,200208
v1,1,734,199792
v1,1,735,198750
v1,1,736,197917
v1,1,737,200292
v1,1,738,197583
v1,1,739,197750
v1,1,740,206500
v1,1,741,202375
v1,1,742,206625
v1,1,743,201125
v1,1,744,198417
v1,1,745,202250
v1,1,746,197375
v1,1,747,198875
v1,1,748,201958
v1,1,749,198334
v1,1,750,226834
v1,1,751,204417
v1,1,752,202417
v1,1,753,205583
v1,1,754,202833
v1,1,755,204708
v1,1,756,202833
v1,1,757,203125
v1,1,758,207000
v1,1,759,200417
v1,1,760,205375
v1,1,761,202084
v1,1,762,202542
v1,1,763,202375
v1,1,764,204167
v1,1,765,202834
v1,1,766,203250
v1,1,767,201792
v1,1,768,203709
v1,1,769,215875
v1,1,770,203416
v1,1,771,201875
v1,1,772,202625
v1,1,773,204208
v1,1,774,203417
v1,1,775,204292
v1,1,776,200791
v1,1,777,200625
v1,1,778,208750
v1,1,779,204500
v1,1,780,202834
v1,1,781,206000
v1,1,782,200708
v1,1,783,203333
v1,1,784,204833
v1,1,785,201542
v1,1,786,199416
v1,1,787,201125
v1,1,788,205542
v1,1,789,201042
v1,1,790,201708
v1,1,791,204458
v1,1,792,201084
v1,1,793,200792
v1,1,794,201417
v1,1,795,208708
v1,1,796,200333
v1,1,797,203958
v1,1,798,203584
v1,1,799,205250
v1,1,800,203542
v1,1,801,201375
v1,1,802,201708
v1,1,803,199708
v1,1,804,202458
v1,1,805,199917
v1,1,806,200791
v1,1,807,202500
v1,1,808,203083
v1,1,809,203000
v1,1,810,200042
v1,1,811,204500
v1,1,812,200875
v1,1,813,207500
v1,1,814,218542
v1,1,815,202666
v1,1,816,201667
v1,1,817,215292
v1,1,818,200625
v1,1,819,206625
v1,1,820,217791
v1,1,821,201417
v1,1,822,204709
v1,1,823,199625
v1,1,824,204000
v1,1,825,204125
v1,1,826,209667
v1,1,827,203417
v1,1,828,201792
v1,1,829,212041
v1,1,830,205500
v1,1,831,202583
v1,1,832,204125
v1,1,833,202791
v1,1,834,199667
v1,1,835,206500
v1,1,836,203417
v1,1,837,202459
v1,1,838,202542
v1,1,839,199791
v1,1,840,204666
v1,1,841,200542
v1,1,842,203834
v1,1,843,204500
v1,1,844,199792
v1,1,845,203917
v1,1,846,199750
v1,1,847,200708
v1,1,848,222541
v1,1,849,202750
v1,1,850,206708
v1,1,851,202958
v1,1,852,202208
v1,1,853,205416
v1,1,854,217917
v1,1,855,199292
v1,1,856,200042
v1,1,857,201291
v1,1,858,200625
v1,1,859,197458
v1,1,860,200083
v1,1,861,199333
v1,1,862,208584
v1,1,863,199917
v1,1,864,199333
v1,1,865,197958
v1,1,866,199375
v1,1,867,199209
v1,1,868,200208
v1,1,869,202792
v1,1,870,202375
v1,1,871,199917
v1,1,872,201459
v1,1,873,199125
v1,1,874,198792
v1,1,875,202042
v1,1,876,199041
v1,1,877,206792
v1,1,878,210750
v1,1,879,200208
v1,1,880,199791
v1,1,881,199292
v1,1,882,200125
v1,1,883,203209
v1,1,884,200125
v1,1,885,199167
v1,1,886,198417
v1,1,887,200083
v1,1,888,200166
v1,1,889,204292
v1,1,890,198584
v1,1,891,207625
v1,1,892,202875
v1,1,893,198083
v1,1,894,200500
v1,1,895,199417
v1,1,896,201083
v1,1,897,200208
v1,1,898,221083
v1,1,899,201791
v1,1,900,202958
v1,1,901,203333
v1,1,902,203625
v1,1,903,205375
v1,1,904,200958
v1,1,905,201500
v1,1,906,202375
v1,1,907,203042
v1,1,908,205000
v1,1,909,204458
v1,1,910,205625
v1,1,911,203416
v1,1,912,216917
v1,1,913,199584
v1,1,914,198167
v1,1,915,198500
v1,1,916,199209
v1,1,917,201625
v1,1,918,201375
v1,1,919,198291
v1,1,920,200500
v1,1,921,200417
v1,1,922,200750
v1,1,923,197958
v1,1,924,198375
v1,1,925,199833
v1,1,926,198583
v1,1,927,201042
v1,1,928,200125
v1,1,929,198125
v1,1,930,198458
v1,1,931,199167
v1,1,932,198250
v1,1,933,198792
v1,1,934,198500
v1,1,935,198792
v1,1,936,200959
v1,1,937,198459
v1,1,938,199417
v1,1,939,198375
v1,1,940,198667
v1,1,941,201833
v1,1,942,200125
v1,1,943,199250
v1,1,944,206208
v1,1,945,199375
v1,1,946,197958
v1,1,947,219166
v1,1,948,205833
v1,1,949,203750
v1,1,950,205750
v1,1,951,199375
v1,1,952,202958
v1,1,953,202417
v1,1,954,201292
v1,1,955,201917
v1,1,956,203167
v1,1,957,201041
v1,1,958,203042
v1,1,959,202167
v1,1,960,210583
v1,1,961,202041
v1,1,962,199667
v1,1,963,200000
v1,1,964,202375
v1,1,965,203666
v1,1,966,203916
v1,1,967,201667
v1,1,968,202667
v1,1,969,207541
v1,1,970,200125
v1,1,971,204833
v1,1,972,202750
v1,1,973,203500
v1,1,974,202958
v1,1,975,204291
v1,1,976,214167
v1,1,977,203459
v1,1,978,202917
v1,1,979,204458
v1,1,980,203250
v1,1,981,203625
v1,1,982,203542
v1,1,983,203083
v1,1,984,201709
v1,1,985,202875
v1,1,986,202875
v1,1,987,202333
v1,1,988,199750
v1,1,989,205458
v1,1,990,203250
v1,1,991,201625
v1,1,992,204333
v1,1,993,202125
v1,1,994,202291
v1,1,995,201417
v1,1,996,225584
v1,1,997,204708
v1,1,998,218083
v1,1,999,202875
v2,2,0,1827125
v2,2,1,1844458
v2,2,2,1834375
v2,2,3,1840083
v2,2,4,1872833
v2,2,5,1830167
v2,2,6,1826333
v2,2,7,1858833
v2,2,8,1832917
v2,2,9,1845083
v2,2,10,1826750
v2,2,11,1820542
v2,2,12,1853792
v2,2,13,1823875
v2,2,14,1831792
v2,2,15,1823667
v2,2,16,1837083
v2,2,17,1819292
v2,2,18,1853375
v2,2,19,1835125
v2,2,20,1818917
v2,2,21,1816084
v2,2,22,1820292
v2,2,23,1847750
v2,2,24,1884333
v2,2,25,1859625
v2,2,26,1823333
v2,2,27,1832167
v2,2,28,1837542
v2,2,29,1897833
v2,2,30,1862333
v2,2,31,1854625
v2,2,32,1842625
v2,2,33,1835208
v2,2,34,1849916
v2,2,35,1814083
v2,2,36,1805708
v2,2,37,1809750
v2,2,38,1825417
v2,2,39,1812125
v2,2,40,1873333
v2,2,41,1871625
v2,2,42,1825042
v2,2,43,1833667
v2,2,44,1829292
v2,2,45,1852958
v2,2,46,1831250
v2,2,47,1840000
v2,2,48,1816584
v2,2,49,1812875
v2,2,50,1825333
v2,2,51,1832583
v2,2,52,1845000
v2,2,53,1829667
v2,2,54,1847125
v2,2,55,1833458
v2,2,56,1844250
v2,2,57,1840625
v2,2,58,1864333
v2,2,59,1866917
v2,2,60,1844583
v2,2,61,1863000
v2,2,62,1814292
v2,2,63,1810834
v2,2,64,1807583
v2,2,65,1808125
v2,2,66,1847875
v2,2,67,1822833
v2,2,68,1811000
v2,2,69,1838333
v2,2,70,1836083
v2,2,71,1814708
v2,2,72,1846125
v2,2,73,1833042
v2,2,74,1809250
v2,2,75,1811708
v2,2,76,1837625
v2,2,77,1853708
v2,2,78,1869334
v2,2,79,1865542
v2,2,80,1824209
v2,2,81,1824917
v2,2,82,1830917
v2,2,83,1849166
v2,2,84,1842625
v2,2,85,1835416
v2,2,86,1872791
v2,2,87,1805250
v2,2,88,1815375
v2,2,89,1843750
v2,2,90,1832000
v2,2,91,1834000
v2,2,92,1856000
v2,2,93,1836958
v2,2,94,1857416
v2,2,95,1864583
v2,2,96,1831375
v2,2,97,1842875
v2,2,98,1840375
v2,2,99,1858500
v2,2,100,1838667
v2,2,101,1834959
v2,2,102,1836708
v2,2,103,1805333
v2,2,104,1816833
v2,2,105,1835583
v2,2,106,1833250
v2,2,107,1837083
v2,2,108,1817750
v2,2,109,1818834
v2,2,110,1821209
v2,2,111,1863666
v2,2,112,1819167
v2,2,113,1840334
v2,2,114,1929958
v2,2,115,1841958
v2,2,116,1845041
v2,2,117,1844916
v2,2,118,1817958
v2,2,119,1816250
v2,2,120,1833083
v2,2,121,1854167
v2,2,122,1846542
v2,2,123,1862417
v2,2,124,1842959
v2,2,125,1845709
v2,2,126,1834875
v2,2,127,1837583
v2,2,128,1829833
v2,2,129,1858750
v2,2,130,1842709
v2,2,131,1865292
v2,2,132,1874666
v2,2,133,1813291
v2,2,134,1816625
v2,2,135,1810125
v2,2,136,1815792
v2,2,137,1813250
v2,2,138,1873875
v2,2,139,1833292
v2,2,140,1808541
v2,2,141,1810292
v2,2,142,1821959
v2,2,143,1856500
v2,2,144,1830208
v2,2,145,1836666
v2,2,146,1816917
v2,2,147,1841083
v2,2,148,1807708
v2,2,149,1901458
v2,2,150,1845750
v2,2,151,1861583
v2,2,152,1834041
v2,2,153,1819083
v2,2,154,1829834
v2,2,155,1831042
v2,2,156,1843042
v2,2,157,1815542
v2,2,158,1828250
v2,2,159,1868584
v2,2,160,1841667
v2,2,161,1846958
v2,2,162,1857792
v2,2,163,1835333
v2,2,164,1845833
v2,2,165,1865166
v2,2,166,1831583
v2,2,167,1858791
v2,2,168,1846458
v2,2,169,1846792
v2,2,170,1872708
v2,2,171,1809334
v2,2,172,1802834
v2,2,173,1821958
v2,2,174,1829417
v2,2,175,1805250
v2,2,176,1844542
v2,2,177,1830584
v2,2,178,1819959
v2,2,179,1836875
v2,2,180,1837125
v2,2,181,1868667
v2,2,182,1848125
v2,2,183,1850958
v2,2,184,1819750
v2,2,185,1805625
v2,2,186,1810375
v2,2,187,1856291
v2,2,188,1853333
v2,2,189,1852333
v2,2,190,1820125
v2,2,191,1827584
v2,2,192,1863584
v2,2,193,1844333
v2,2,194,1825208
v2,2,195,1824375
v2,2,196,1840875
v2,2,197,1820333
v2,2,198,1842292
v2,2,199,1834084
v2,2,200,1835167
v2,2,201,1825541
v2,2,202,1864000
v2,2,203,1894334
v2,2,204,1856375
v2,2,205,1858417
v2,2,206,1819167
v2,2,207,1811708
v2,2,208,1817833
v2,2,209,1825833
v2,2,210,1806750
v2,2,211,1814208
v2,2,212,1812834
v2,2,213,1813708
v2,2,214,1850667
v2,2,215,1854500
v2,2,216,1831875
v2,2,217,1834167
v2,2,218,1855166
v2,2,219,1850667
v2,2,220,1857417
v2,2,221,1834708
v2,2,222,1840209
v2,2,223,1842542
v2,2,224,1838708
v2,2,225,1856750
v2,2,226,1832000
v2,2,227,1856625
v2,2,228,1820167
v2,2,229,1820541
v2,2,230,1858750
v2,2,231,1821250
v2,2,232,1811042
v2,2,233,1821667
v2,2,234,1828750
v2,2,235,1813958
v2,2,236,1915875
v2,2,237,1855042
v2,2,238,1808125
v2,2,239,1805208
v2,2,240,1832375
v2,2,241,1858042
v2,2,242,1845625
v2,2,243,1843667
v2,2,244,1809166
v2,2,245,1823667
v2,2,246,1811750
v2,2,247,1869083
v2,2,248,1818833
v2,2,249,1824916
v2,2,250,1830958
v2,2,251,1835208
v2,2,252,1839167
v2,2,253,1824542
v2,2,254,1813709
v2,2,255,1829959
v2,2,256,1807084
v2,2,257,1803666
v2,2,258,1886417
v2,2,259,1846375
v2,2,260,1810625
v2,2,261,1806041
v2,2,262,1815750
v2,2,263,1852000
v2,2,264,1841250
v2,2,265,1853208
v2,2,266,1833500
v2,2,267,1833667
v2,2,268,1874625
v2,2,269,1817958
v2,2,270,1810083
v2,2,271,1805417
v2,2,272,1823833
v2,2,273,1810208
v2,2,274,1859584
v2,2,275,1862250
v2,2,276,1840709
v2,2,277,1816250
v2,2,278,1812500
v2,2,279,1832292
v2,2,280,1817083
v2,2,281,1846750
v2,2,282,1823709
v2,2,283,1848833
v2,2,284,1830708
v2,2,285,1895084
v2,2,286,1858375
v2,2,287,2000000
v2,2,288,1893000
v2,2,289,1816542
v2,2,290,1842417
v2,2,291,1876375
v2,2,292,1899667
v2,2,293,1837333
v2,2,294,1864000
v2,2,295,1839459
v2,2,296,1839334
v2,2,297,1851000
v2,2,298,1841125
v2,2,299,1835125
v2,2,300,1854000
v2,2,301,1892167
v2,2,302,1846042
v2,2,303,1853375
v2,2,304,1820791
v2,2,305,1822209
v2,2,306,1849708
v2,2,307,1830584
v2,2,308,1819667
v2,2,309,1836125
v2,2,310,1856208
v2,2,311,1821625
v2,2,312,1896958
v2,2,313,1832000
v2,2,314,1819583
v2,2,315,1830500
v2,2,316,1831875
v2,2,317,1833250
v2,2,318,1839375
v2,2,319,1870792
v2,2,320,1823959
v2,2,321,1839250
v2,2,322,1833750
v2,2,323,1837000
v2,2,324,1820250
v2,2,325,1840166
v2,2,326,1824333
v2,2,327,1845667
v2,2,328,1864541
v2,2,329,1856583
v2,2,330,1837666
v2,2,331,1837541
v2,2,332,1841666
v2,2,333,1845666
v2,2,334,1852000
v2,2,335,1850333
v2,2,336,1841417
v2,2,337,1848959
v2,2,338,1840917
v2,2,339,1849625
v2,2,340,1853375
v2,2,341,1834834
v2,2,342,1824125
v2,2,343,1821750
v2,2,344,1839541
v2,2,345,1848958
v2,2,346,1828709
v2,2,347,1853167
v2,2,348,1833583
v2,2,349,1850958
v2,2,350,1831375
v2,2,351,1816458
v2,2,352,1822125
v2,2,353,1833375
v2,2,354,1813417
v2,2,355,1819417
v2,2,356,1835709
v2,2,357,1864625
v2,2,358,1822250
v2,2,359,1821917
v2,2,360,1833875
v2,2,361,1844666
v2,2,362,1845666
v2,2,363,1863375
v2,2,364,1833625
v2,2,365,1835416
v2,2,366,1839917
v2,2,367,1849458
v2,2,368,1820542
v2,2,369,1841375
v2,2,370,1835916
v2,2,371,1828291
v2,2,372,1851458
v2,2,373,1826083
v2,2,374,1832584
v2,2,375,1831292
v2,2,376,1830750
v2,2,377,1820625
v2,2,378,1833500
v2,2,379,1830708
v2,2,380,1822041
v2,2,381,1830667
v2,2,382,1845292
v2,2,383,1877792
v2,2,384,1878084
v2,2,385,1906416
v2,2,386,1850208
v2,2,387,1827000
v2,2,388,1830875
v2,2,389,1833375
v2,2,390,1817417
v2,2,391,1826166
v2,2,392,1849416
v2,2,393,1816583
v2,2,394,1876500
v2,2,395,1867708
v2,2,396,1855000
v2,2,397,1848125
v2,2,398,1841166
v2,2,399,1845667
v2,2,400,1822000
v2,2,401,1875667
v2,2,402,1830125
v2,2,403,1836584
v2,2,404,1898875
v2,2,405,1862833
v2,2,406,1832375
v2,2,407,1859167
v2,2,408,1824042
v2,2,409,1828000
v2,2,410,1871083
v2,2,411,1831084
v2,2,412,1882917
v2,2,413,1836667
v2,2,414,1842125
v2,2,415,1862541
v2,2,416,1838875
v2,2,417,1830625
v2,2,418,1819666
v2,2,419,1848250
v2,2,420,1825750
v2,2,421,1860250
v2,2,422,1841125
v2,2,423,1851500
v2,2,424,1821083
v2,2,425,1813167
v2,2,426,1815333
v2,2,427,1816250
v2,2,428,1839000
v2,2,429,1828917
v2,2,430,1830792
v2,2,431,1823500
v2,2,432,1869500
v2,2,433,1834292
v2,2,434,1840916
v2,2,435,1836500
v2,2,436,1824375
v2,2,437,1866916
v2,2,438,1872500
v2,2,439,1866416
v2,2,440,1822500
v2,2,441,1819917
v2,2,442,1849125
v2,2,443,1861375
v2,2,444,1835583
v2,2,445,1850416
v2,2,446,1851333
v2,2,447,1841750
v2,2,448,1888000
v2,2,449,1824875
v2,2,450,1830833
v2,2,451,1848500
v2,2,452,1850375
v2,2,453,1849125
v2,2,454,1868333
v2,2,455,1841250
v2,2,456,1832667
v2,2,457,1824833
v2,2,458,1848458
v2,2,459,1853042
v2,2,460,1834041
v2,2,461,1852292
v2,2,462,1826584
v2,2,463,1831167
v2,2,464,1863875
v2,2,465,1834166
v2,2,466,1829917
v2,2,467,1829083
v2,2,468,1822875
v2,2,469,1821084
v2,2,470,1863417
v2,2,471,1821750
v2,2,472,1818041
v2,2,473,1836333
v2,2,474,1814084
v2,2,475,1861250
v2,2,476,1827667
v2,2,477,1825917
v2,2,478,1827417
v2,2,479,1827042
v2,2,480,1833958
v2,2,481,1839875
v2,2,482,1818291
v2,2,483,1848791
v2,2,484,1833833
v2,2,485,1826250
v2,2,486,1851333
v2,2,487,1819458
v2,2,488,1841875
v2,2,489,1834458
v2,2,490,1823458
v2,2,491,1834125
v2,2,492,1835708
v2,2,493,1867375
v2,2,494,1833209
v2,2,495,1836209
v2,2,496,1858083
v2,2,497,1849875
v2,2,498,1812208
v2,2,499,1810541
v2,2,500,1805708
v2,2,501,1838000
v2,2,502,1817292
v2,2,503,1841833
v2,2,504,1821958
v2,2,505,1851500
v2,2,506,1830708
v2,2,507,1867750
v2,2,508,1836792
v2,2,509,1826542
v2,2,510,1837625
v2,2,511,1846667
v2,2,512,1829917
v2,2,513,1818959
v2,2,514,1871958
v2,2,515,1825000
v2,2,516,1821917
v2,2,517,1826416
v2,2,518,1828458
v2,2,519,1848958
v2,2,520,1831000
v2,2,521,1856792
v2,2,522,1835667
v2,2,523,1834333
v2,2,524,1851625
v2,2,525,1832167
v2,2,526,1822083
v2,2,527,1842208
v2,2,528,1817917
v2,2,529,1828875
v2,2,530,1823333
v2,2,531,1807208
v2,2,532,1852959
v2,2,533,1827792
v2,2,534,1828333
v2,2,535,1840500
v2,2,536,1837250
v2,2,537,1860458
v2,2,538,1827250
v2,2,539,1831375
v2,2,540,1830833
v2,2,541,1862666
v2,2,542,1836334
v2,2,543,1836000
v2,2,544,1821250
v2,2,545,1820000
v2,2,546,1868417
v2,2,547,1840042
v2,2,548,1847917
v2,2,549,1846459
v2,2,550,1852584
v2,2,551,1832167
v2,2,552,1842458
v2,2,553,1843250
v2,2,554,1829958
v2,2,555,1833334
v2,2,556,1828167
v2,2,557,1848459
v2,2,558,1807375
v2,2,559,1845791
v2,2,560,1838792
v2,2,561,1823917
v2,2,562,1831167
v2,2,563,1857167
v2,2,564,1859709
v2,2,565,1839125
v2,2,566,1846542
v2,2,567,1804167
v2,2,568,1846959
v2,2,569,1808250
v2,2,570,1803666
v2,2,571,1810000
v2,2,572,1815000
v2,2,573,1835459
v2,2,574,1847958
v2,2,575,1856000
v2,2,576,1819958
v2,2,577,1834083
v2,2,578,1822500
v2,2,579,1854833
v2,2,580,1828042
v2,2,581,1829291
v2,2,582,1829583
v2,2,583,1854500
v2,2,584,1887917
v2,2,585,1825000
v2,2,586,1843667
v2,2,587,1838333
v2,2,588,1808833
v2,2,589,1809500
v2,2,590,1847875
v2,2,591,1855416
v2,2,592,1829667
v2,2,593,1848000
v2,2,594,1850166
v2,2,595,1861417
v2,2,596,1840042
v2,2,597,1822500
v2,2,598,1808917
v2,2,599,1818209
v2,2,600,1822875
v2,2,601,1849917
v2,2,602,1819792
v2,2,603,1851500
v2,2,604,1823208
v2,2,605,1818125
v2,2,606,1846792
v2,2,607,1832917
v2,2,608,1839959
v2,2,609,1860917
v2,2,610,1852583
v2,2,611,1831875
v2,2,612,1846042
v2,2,613,1843333
v2,2,614,1852166
v2,2,615,1828750
v2,2,616,1835917
v2,2,617,1865166
v2,2,618,1844084
v2,2,619,1827167
v2,2,620,1824292
v2,2,621,1824291
v2,2,622,1840625
v2,2,623,1851542
v2,2,624,1833750
v2,2,625,1844083
v2,2,626,1813500
v2,2,627,1807958
v2,2,628,1829667
v2,2,629,1809625
v2,2,630,1815875
v2,2,631,1830750
v2,2,632,1830292
v2,2,633,1848708
v2,2,634,1855709
v2,2,635,1835250
v2,2,636,1811250
v2,2,637,1813750
v2,2,638,1811042
v2,2,639,1861083
v2,2,640,1874875
v2,2,641,1835667
v2,2,642,1810458
v2,2,643,1812875
v2,2,644,1838250
v2,2,645,1831833
v2,2,646,1831583
v2,2,647,1861583
v2,2,648,1833875
v2,2,649,1841250
v2,2,650,1846584
v2,2,651,1837625
v2,2,652,1830000
v2,2,653,1841375
v2,2,654,1838625
v2,2,655,1861292
v2,2,656,1832375
v2,2,657,1864208
v2,2,658,1838958
v2,2,659,1814792
v2,2,660,1838500
v2,2,661,1841209
v2,2,662,1844708
v2,2,663,1835708
v2,2,664,1865625
v2,2,665,1827875
v2,2,666,1835917
v2,2,667,1854917
v2,2,668,1849750
v2,2,669,1836583
v2,2,670,1809833
v2,2,671,1828083
v2,2,672,1833750
v2,2,673,1839291
v2,2,674,1804333
v2,2,675,1846792
v2,2,676,1835292
v2,2,677,1869958
v2,2,678,1833250
v2,2,679,1834417
v2,2,680,1847500
v2,2,681,1831250
v2,2,682,1862875
v2,2,683,1862667
v2,2,684,1835333
v2,2,685,1861166
v2,2,686,1804166
v2,2,687,1844125
v2,2,688,1841083
v2,2,689,1821791
v2,2,690,1807541
v2,2,691,1826583
v2,2,692,1804000
v2,2,693,1810334
v2,2,694,1888667
v2,2,695,1847917
v2,2,696,1810250
v2,2,697,1809209
v2,2,698,1831917
v2,2,699,1827833
v2,2,700,1819542
v2,2,701,1820167
v2,2,702,1821042
v2,2,703,1821416
v2,2,704,1846041
v2,2,705,1834500
v2,2,706,1831166
v2,2,707,1856708
v2,2,708,1830500
v2,2,709,1835250
v2,2,710,1833166
v2,2,711,1835458
v2,2,712,1857709
v2,2,713,1833750
v2,2,714,1841500
v2,2,715,1856125
v2,2,716,1842750
v2,2,717,1840125
v2,2,718,1836125
v2,2,719,1820375
v2,2,720,1834375
v2,2,721,1860041
v2,2,722,1832000
v2,2,723,1845417
v2,2,724,1824209
v2,2,725,1831875
v2,2,726,1838750
v2,2,727,1836125
v2,2,728,1813625
v2,2,729,1844000
v2,2,730,1818916
v2,2,731,1807708
v2,2,732,1837792
v2,2,733,1819292
v2,2,734,1824084
v2,2,735,1823792
v2,2,736,1821959
v2,2,737,1863250
v2,2,738,1833709
v2,2,739,1855959
v2,2,740,1822208
v2,2,741,1805583
v2,2,742,1815834
v2,2,743,1831500
v2,2,744,1813250
v2,2,745,1817708
v2,2,746,1819333
v2,2,747,1833750
v2,2,748,1877708
v2,2,749,1815291
v2,2,750,1827500
v2,2,751,1807083
v2,2,752,1830209
v2,2,753,1808917
v2,2,754,1846084
v2,2,755,1847084
v2,2,756,1807375
v2,2,757,1816041
v2,2,758,1811875
v2,2,759,1896375
v2,2,760,1836708
v2,2,761,1834708
v2,2,762,1808834
v2,2,763,1804542
v2,2,764,1816333
v2,2,765,1849125
v2,2,766,1850792
v2,2,767,1866583
v2,2,768,1833833
v2,2,769,1828125
v2,2,770,1838041
v2,2,771,1835583
v2,2,772,1844958
v2,2,773,1849958
v2,2,774,1841958
v2,2,775,1855916
v2,2,776,1821875
v2,2,777,1826084
v2,2,778,1839458
v2,2,779,1819583
v2,2,780,1827708
v2,2,781,1851875
v2,2,782,1850958
v2,2,783,1835834
v2,2,784,1843500
v2,2,785,1803208
v2,2,786,1835709
v2,2,787,1836500
v2,2,788,1828250
v2,2,789,1831334
v2,2,790,1837416
v2,2,791,1849166
v2,2,792,1851916
v2,2,793,1870042
v2,2,794,1827208
v2,2,795,1821375
v2,2,796,1862208
v2,2,797,1840458
v2,2,798,1816959
v2,2,799,1856917
v2,2,800,1835375
v2,2,801,1821000
v2,2,802,1846459
v2,2,803,1844125
v2,2,804,1828916
v2,2,805,1843833
v2,2,806,1830458
v2,2,807,1822792
v2,2,808,1837292
v2,2,809,1868584
v2,2,810,1833167
v2,2,811,1852125
v2,2,812,1873417
v2,2,813,1850959
v2,2,814,1865292
v2,2,815,1826333
v2,2,816,1810750
v2,2,817,1804834
v2,2,818,1826583
v2,2,819,1825750
v2,2,820,1813125
v2,2,821,1860000
v2,2,822,1819000
v2,2,823,1808917
v2,2,824,1821667
v2,2,825,1847542
v2,2,826,1815375
v2,2,827,1830167
v2,2,828,1854375
v2,2,829,1850583
v2,2,830,1840583
v2,2,831,1843291
v2,2,832,1851333
v2,2,833,1835084
v2,2,834,1833333
v2,2,835,1851750
v2,2,836,1828125
v2,2,837,1837916
v2,2,838,1841833
v2,2,839,1832666
v2,2,840,1829833
v2,2,841,1851791
v2,2,842,1843208
v2,2,843,1824666
v2,2,844,1828750
v2,2,845,1819292
v2,2,846,1884250
v2,2,847,1845791
v2,2,848,1850833
v2,2,849,1814917
v2,2,850,1822583
v2,2,851,1807292
v2,2,852,1867875
v2,2,853,1831375
v2,2,854,1805667
v2,2,855,1815500
v2,2,856,1827667
v2,2,857,1841417
v2,2,858,1829250
v2,2,859,1836708
v2,2,860,1822875
v2,2,861,1809750
v2,2,862,1811875
v2,2,863,1850500
v2,2,864,1841583
v2,2,865,1851833
v2,2,866,1840125
v2,2,867,1852167
v2,2,868,1850334
v2,2,869,1827959
v2,2,870,1817792
v2,2,871,1825875
v2,2,872,1808125
v2,2,873,1819917
v2,2,874,1841708
v2,2,875,1844792
v2,2,876,1809334
v2,2,877,1805458
v2,2,878,1820916
v2,2,879,1840625
v2,2,880,1823208
v2,2,881,1827375
v2,2,882,1830625
v2,2,883,1833667
v2,2,884,1832750
v2,2,885,1839042
v2,2,886,1856042
v2,2,887,1811875
v2,2,888,1840500
v2,2,889,1830459
v2,2,890,1834958
v2,2,891,1880792
v2,2,892,1875125
v2,2,893,1828500
v2,2,894,1841625
v2,2,895,1855625
v2,2,896,1820291
v2,2,897,1835333
v2,2,898,1829458
v2,2,899,1822375
v2,2,900,1841375
v2,2,901,1839667
v2,2,902,1830833
v2,2,903,1834042
v2,2,904,1825000
v2,2,905,1817958
v2,2,906,1848541
v2,2,907,1825208
v2,2,908,1808917
v2,2,909,1830625
v2,2,910,1812542
v2,2,911,1804084
v2,2,912,1827375
v2,2,913,1845041
v2,2,914,1838250
v2,2,915,1820167
v2,2,916,1832042
v2,2,917,1843334
v2,2,918,1834958
v2,2,919,1847583
v2,2,920,1841500
v2,2,921,1847333
v2,2,922,1835916
v2,2,923,1851083
v2,2,924,1828125
v2,2,925,1828542
v2,2,926,1845417
v2,2,927,1845125
v2,2,928,1863375
v2,2,929,1887000
v2,2,930,1883000
v2,2,931,1892291
v2,2,932,1865583
v2,2,933,1829166
v2,2,934,1854875
v2,2,935,1866792
v2,2,936,1844500
v2,2,937,1822083
v2,2,938,1840208
v2,2,939,1851417
v2,2,940,1882208
v2,2,941,1830875
v2,2,942,1825167
v2,2,943,1814250
v2,2,944,1841417
v2,2,945,1844458
v2,2,946,1834041
v2,2,947,1819208
v2,2,948,1857875
v2,2,949,1838709
v2,2,950,1874500
v2,2,951,1851250
v2,2,952,1821625
v2,2,953,1835417
v2,2,954,1828625
v2,2,955,1848709
v2,2,956,1832292
v2,2,957,1828542
v2,2,958,1817458
v2,2,959,1824958
v2,2,960,1821750
v2,2,961,1854583
v2,2,962,1825583
v2,2,963,1850000
v2,2,964,1798791
v2,2,965,1808708
v2,2,966,1844208
v2,2,967,1831834
v2,2,968,1817208
v2,2,969,1811458
v2,2,970,1808334
v2,2,971,1800750
v2,2,972,1856125
v2,2,973,1876417
v2,2,974,1851708
v2,2,975,1847208
v2,2,976,1845833
v2,2,977,1853500
v2,2,978,1816750
v2,2,979,1833167
v2,2,980,1829666
v2,2,981,1830041
v2,2,982,1831666
v2,2,983,1827792
v2,2,984,1832792
v2,2,985,1818750
v2,2,986,1825500
v2,2,987,1818291
v2,2,988,1836792
v2,2,989,1840041
v2,2,990,1806416
v2,2,991,1816167
v2,2,992,1825459
v2,2,993,1822667
v2,2,994,1851416
v2,2,995,1856417
v2,2,996,1829375
v2,2,997,1830500
v2,2,998,1833625
v2,2,999,1850083
v1,2,0,124167
v1,2,1,124459
v1,2,2,123625
v1,2,3,125375
v1,2,4,125792
v1,2,5,133833
v1,2,6,150458
v1,2,7,124000
v1,2,8,204416
v1,2,9,204792
v1,2,10,202834
v1,2,11,208625
v1,2,12,201875
v1,2,13,202250
v1,2,14,203250
v1,2,15,203500
v1,2,16,201167
v1,2,17,202625
v1,2,18,202000
v1,2,19,225458
v1,2,20,203208
v1,2,21,205208
v1,2,22,202083
v1,2,23,218875
v1,2,24,202334
v1,2,25,201625
v1,2,26,202667
v1,2,27,209167
v1,2,28,203833
v1,2,29,202916
v1,2,30,202500
v1,2,31,200625
v1,2,32,201750
v1,2,33,202666
v1,2,34,201333
v1,2,35,202792
v1,2,36,201792
v1,2,37,214708
v1,2,38,203292
v1,2,39,202042
v1,2,40,203833
v1,2,41,202333
v1,2,42,201833
v1,2,43,201083
v1,2,44,203083
v1,2,45,209709
v1,2,46,197542
v1,2,47,210583
v1,2,48,210458
v1,2,49,208791
v1,2,50,208708
v1,2,51,206750
v1,2,52,208125
v1,2,53,208000
v1,2,54,207875
v1,2,55,205916
v1,2,56,207083
v1,2,57,204167
v1,2,58,203167
v1,2,59,205375
v1,2,60,206584
v1,2,61,204959
v1,2,62,202125
v1,2,63,203875
v1,2,64,208833
v1,2,65,207458
v1,2,66,206208
v1,2,67,231750
v1,2,68,203500
v1,2,69,205709
v1,2,70,204625
v1,2,71,201917
v1,2,72,202084
v1,2,73,200792
v1,2,74,202291
v1,2,75,200333
v1,2,76,201125
v1,2,77,214875
v1,2,78,209875
v1,2,79,219417
v1,2,80,205500
v1,2,81,206250
v1,2,82,205416
v1,2,83,206250
v1,2,84,203875
v1,2,85,206709
v1,2,86,204500
v1,2,87,204084
v1,2,88,205667
v1,2,89,219708
v1,2,90,208500
v1,2,91,202334
v1,2,92,205375
v1,2,93,211209
v1,2,94,203792
v1,2,95,205375
v1,2,96,204209
v1,2,97,205334
v1,2,98,205334
v1,2,99,205167
v1,2,100,204416
v1,2,101,209084
v1,2,102,206209
v1,2,103,206709
v1,2,104,205125
v1,2,105,207167
v1,2,106,208583
v1,2,107,209208
v1,2,108,210666
v1,2,109,205500
v1,2,110,211291
v1,2,111,205792
v1,2,112,201750
v1,2,113,205167
v1,2,114,204667
v1,2,115,202500
v1,2,116,228541
v1,2,117,205833
v1,2,118,203416
v1,2,119,205250
v1,2,120,202917
v1,2,121,202250
v1,2,122,202916
v1,2,123,202958
v1,2,124,204000
v1,2,125,200416
v1,2,126,203833
v1,2,127,203375
v1,2,128,200125
v1,2,129,202292
v1,2,130,201541
v1,2,131,206792
v1,2,132,203708
v1,2,133,200000
v1,2,134,204500
v1,2,135,222166
v1,2,136,212459
v1,2,137,208500
v1,2,138,202542
v1,2,139,203792
v1,2,140,204750
v1,2,141,202791
v1,2,142,204833
v1,2,143,200042
v1,2,144,207209
v1,2,145,206625
v1,2,146,201167
v1,2,147,205917
v1,2,148,200541
v1,2,149,202500
v1,2,150,202958
v1,2,151,202042
v1,2,152,203833
v1,2,153,201333
v1,2,154,203791
v1,2,155,203125
v1,2,156,201166
v1,2,157,212625
v1,2,158,201375
v1,2,159,211166
v1,2,160,202416
v1,2,161,203500
v1,2,162,201167
v1,2,163,203750
v1,2,164,205792
v1,2,165,257916
v1,2,166,238458
v1,2,167,217542
v1,2,168,208083
v1,2,169,207959
v1,2,170,208083
v1,2,171,206291
v1,2,172,206042
v1,2,173,205000
v1,2,174,203166
v1,2,175,210250
v1,2,176,204000
v1,2,177,205041
v1,2,178,205458
v1,2,179,203375
v1,2,180,205792
v1,2,181,203584
v1,2,182,205709
v1,2,183,202834
v1,2,184,205584
v1,2,185,204334
v1,2,186,205750
v1,2,187,205875
v1,2,188,205958
v1,2,189,205666
v1,2,190,204000
v1,2,191,207000
v1,2,192,206833
v1,2,193,204375
v1,2,194,203125
v1,2,195,203125
v1,2,196,214500
v1,2,197,209542
v1,2,198,205583
v1,2,199,207250
v1,2,200,205541
v1,2,201,203583
v1,2,202,203375
v1,2,203,204417
v1,2,204,207000
v1,2,205,207875
v1,2,206,203250
v1,2,207,205000
v1,2,208,203958
v1,2,209,206542
v1,2,210,204083
v1,2,211,204959
v1,2,212,204542
v1,2,213,233250
v1,2,214,216500
v1,2,215,209167
v1,2,216,207458
v1,2,217,210083
v1,2,218,206916
v1,2,219,208750
v1,2,220,205084
v1,2,221,208000
v1,2,222,205958
v1,2,223,212083
v1,2,224,203750
v1,2,225,204583
v1,2,226,204791
v1,2,227,201042
v1,2,228,202667
v1,2,229,202459
v1,2,230,203667
v1,2,231,206750
v1,2,232,202125
v1,2,233,200875
v1,2,234,201375
v1,2,235,203083
v1,2,236,213625
v1,2,237,205583
v1,2,238,202958
v1,2,239,213833
v1,2,240,204542
v1,2,241,208417
v1,2,242,211500
v1,2,243,203334
v1,2,244,210792
v1,2,245,228875
v1,2,246,201667
v1,2,247,207041
v1,2,248,205791
v1,2,249,201125
v1,2,250,199875
v1,2,251,202958
v1,2,252,205708
v1,2,253,201833
v1,2,254,201958
v1,2,255,203125
v1,2,256,200333
v1,2,257,203083
v1,2,258,202417
v1,2,259,203125
v1,2,260,202375
v1,2,261,229291
v1,2,262,207875
v1,2,263,205334
v1,2,264,208417
v1,2,265,203667
v1,2,266,201667
v1,2,267,202834
v1,2,268,203375
v1,2,269,202625
v1,2,270,203458
v1,2,271,202916
v1,2,272,201917
v1,2,273,203625
v1,2,274,203750
v1,2,275,201083
v1,2,276,232333
v1,2,277,206375
v1,2,278,204875
v1,2,279,204875
v1,2,280,202541
v1,2,281,204000
v1,2,282,203916
v1,2,283,206750
v1,2,284,205416
v1,2,285,204833
v1,2,286,202875
v1,2,287,204334
v1,2,288,205375
v1,2,289,204792
v1,2,290,205292
v1,2,291,203417
v1,2,292,202458
v1,2,293,202500
v1,2,294,203959
v1,2,295,205084
v1,2,296,203042
v1,2,297,202416
v1,2,298,203958
v1,2,299,201666
v1,2,300,203292
v1,2,301,202167
v1,2,302,203541
v1,2,303,201541
v1,2,304,205708
v1,2,305,201000
v1,2,306,202875
v1,2,307,202041
v1,2,308,202792
v1,2,309,202958
v1,2,310,223084
v1,2,311,201166
v1,2,312,208875
v1,2,313,201125
v1,2,314,200125
v1,2,315,202000
v1,2,316,202417
v1,2,317,206791
v1,2,318,200833
v1,2,319,201375
v1,2,320,201250
v1,2,321,211167
v1,2,322,204625
v1,2,323,200334
v1,2,324,200042
v1,2,325,200958
v1,2,326,200375
v1,2,327,203750
v1,2,328,199375
v1,2,329,199792
v1,2,330,201500
v1,2,331,200417
v1,2,332,202542
v1,2,333,222500
v1,2,334,206167
v1,2,335,202584
v1,2,336,206292
v1,2,337,204708
v1,2,338,201625
v1,2,339,203292
v1,2,340,209375
v1,2,341,202542
v1,2,342,201959
v1,2,343,201750
v1,2,344,201958
v1,2,345,201250
v1,2,346,201958
v1,2,347,201500
v1,2,348,203584
v1,2,349,202375
v1,2,350,202416
v1,2,351,201291
v1,2,352,201750
v1,2,353,204375
v1,2,354,201917
v1,2,355,203000
v1,2,356,201667
v1,2,357,212500
v1,2,358,202709
v1,2,359,220417
v1,2,360,209000
v1,2,361,207834
v1,2,362,205500
v1,2,363,206083
v1,2,364,204208
v1,2,365,202459
v1,2,366,209209
v1,2,367,204875
v1,2,368,204083
v1,2,369,203291
v1,2,370,202500
v1,2,371,203666
v1,2,372,204333
v1,2,373,206125
v1,2,374,207541
v1,2,375,201000
v1,2,376,202334
v1,2,377,203084
v1,2,378,205334
v1,2,379,200917
v1,2,380,204334
v1,2,381,205084
v1,2,382,203375
v1,2,383,203416
v1,2,384,205458
v1,2,385,207875
v1,2,386,208000
v1,2,387,208542
v1,2,388,208667
v1,2,389,214542
v1,2,390,220250
v1,2,391,203583
v1,2,392,205458
v1,2,393,202666
v1,2,394,203000
v1,2,395,202958
v1,2,396,203292
v1,2,397,216250
v1,2,398,203000
v1,2,399,202500
v1,2,400,202459
v1,2,401,203125
v1,2,402,210416
v1,2,403,211750
v1,2,404,204541
v1,2,405,203833
v1,2,406,204125
v1,2,407,203458
v1,2,408,227666
v1,2,409,207750
v1,2,410,205500
v1,2,411,204000
v1,2,412,205916
v1,2,413,206625
v1,2,414,203500
v1,2,415,203625
v1,2,416,204334
v1,2,417,230250
v1,2,418,216208
v1,2,419,204250
v1,2,420,202708
v1,2,421,202917
v1,2,422,202792
v1,2,423,214583
v1,2,424,203417
v1,2,425,203667
v1,2,426,203875
v1,2,427,203667
v1,2,428,201125
v1,2,429,203125
v1,2,430,202125
v1,2,431,201583
v1,2,432,202583
v1,2,433,205042
v1,2,434,202084
v1,2,435,202834
v1,2,436,204417
v1,2,437,211334
v1,2,438,201750
v1,2,439,201042
v1,2,440,203542
v1,2,441,202541
v1,2,442,203167
v1,2,443,203042
v1,2,444,200417
v1,2,445,203041
v1,2,446,207584
v1,2,447,203875
v1,2,448,203291
v1,2,449,204166
v1,2,450,204000
v1,2,451,204500
v1,2,452,207000
v1,2,453,203125
v1,2,454,202917
v1,2,455,200875
v1,2,456,201417
v1,2,457,207750
v1,2,458,201625
v1,2,459,202875
v1,2,460,203417
v1,2,461,203208
v1,2,462,206791
v1,2,463,205292
v1,2,464,201750
v1,2,465,203583
v1,2,466,205291
v1,2,467,201708
v1,2,468,206917
v1,2,469,201667
v1,2,470,205875
v1,2,471,206875
v1,2,472,204458
v1,2,473,202209
v1,2,474,206709
v1,2,475,206917
v1,2,476,204500
v1,2,477,212708
v1,2,478,203625
v1,2,479,200292
v1,2,480,203958
v1,2,481,204584
v1,2,482,203917
v1,2,483,216959
v1,2,484,208750
v1,2,485,206167
v1,2,486,203000
v1,2,487,201833
v1,2,488,205708
v1,2,489,205708
v1,2,490,200542
v1,2,491,208667
v1,2,492,202916
v1,2,493,203792
v1,2,494,208250
v1,2,495,208167
v1,2,496,213500
v1,2,497,202792
v1,2,498,204333
v1,2,499,204791
v1,2,500,204875
v1,2,501,206250
v1,2,502,209542
v1,2,503,205500
v1,2,504,209583
v1,2,505,226250
v1,2,506,214209
v1,2,507,204042
v1,2,508,202917
v1,2,509,204959
v1,2,510,206542
v1,2,511,207167
v1,2,512,204250
v1,2,513,204500
v1,2,514,207834
v1,2,515,204250
v1,2,516,205000
v1,2,517,206875
v1,2,518,212208
v1,2,519,204625
v1,2,520,204916
v1,2,521,208500
v1,2,522,206708
v1,2,523,206333
v1,2,524,208625
v1,2,525,205416
v1,2,526,205416
v1,2,527,206500
v1,2,528,205459
v1,2,529,209417
v1,2,530,229292
v1,2,531,206708
v1,2,532,211666
v1,2,533,199000
v1,2,534,206459
v1,2,535,206625
v1,2,536,202708
v1,2,537,203125
v1,2,538,201375
v1,2,539,201959
v1,2,540,214375
v1,2,541,203167
v1,2,542,205459
v1,2,543,203167
v1,2,544,203167
v1,2,545,203291
v1,2,546,202250
v1,2,547,204584
v1,2,548,208209
v1,2,549,201042
v1,2,550,202750
v1,2,551,199834
v1,2,552,202125
v1,2,553,205750
v1,2,554,229916
v1,2,555,210667
v1,2,556,205958
v1,2,557,213958
v1,2,558,218833
v1,2,559,208291
v1,2,560,204500
v1,2,561,206500
v1,2,562,199459
v1,2,563,202584
v1,2,564,211709
v1,2,565,201625
v1,2,566,202833
v1,2,567,201208
v1,2,568,203750
v1,2,569,205583
v1,2,570,201125
v1,2,571,203084
v1,2,572,201292
v1,2,573,201250
v1,2,574,200959
v1,2,575,200792
v1,2,576,200667
v1,2,577,202042
v1,2,578,203083
v1,2,579,204333
v1,2,580,202333
v1,2,581,205708
v1,2,582,199625
v1,2,583,201292
v1,2,584,200500
v1,2,585,200625
v1,2,586,205709
v1,2,587,203000
v1,2,588,201875
v1,2,589,199458
v1,2,590,201625
v1,2,591,201500
v1,2,592,201500
v1,2,593,199250
v1,2,594,201500
v1,2,595,201667
v1,2,596,200167
v1,2,597,200041
v1,2,598,212875
v1,2,599,201500
v1,2,600,201042
v1,2,601,204208
v1,2,602,201125
v1,2,603,224500
v1,2,604,205708
v1,2,605,202875
v1,2,606,206833
v1,2,607,204375
v1,2,608,204625
v1,2,609,204917
v1,2,610,208667
v1,2,611,208125
v1,2,612,205875
v1,2,613,204125
v1,2,614,204917
v1,2,615,217875
v1,2,616,206292
v1,2,617,202833
v1,2,618,202208
v1,2,619,202500
v1,2,620,201542
v1,2,621,200500
v1,2,622,199708
v1,2,623,201791
v1,2,624,200458
v1,2,625,201583
v1,2,626,201166
v1,2,627,201167
v1,2,628,201875
v1,2,629,199917
v1,2,630,200083
v1,2,631,201416
v1,2,632,201708
v1,2,633,200458
v1,2,634,200333
v1,2,635,201958
v1,2,636,200916
v1,2,637,200000
v1,2,638,212041
v1,2,639,200208
v1,2,640,199875
v1,2,641,204000
v1,2,642,201792
v1,2,643,199667
v1,2,644,205791
v1,2,645,201666
v1,2,646,201500
v1,2,647,201333
v1,2,648,201000
v1,2,649,202000
v1,2,650,202958
v1,2,651,201625
v1,2,652,221583
v1,2,653,206791
v1,2,654,213167
v1,2,655,205000
v1,2,656,214500
v1,2,657,203667
v1,2,658,205792
v1,2,659,213000
v1,2,660,203375
v1,2,661,203416
v1,2,662,204917
v1,2,663,202625
v1,2,664,206583
v1,2,665,203417
v1,2,666,204084
v1,2,667,202708
v1,2,668,203042
v1,2,669,203334
v1,2,670,205459
v1,2,671,206042
v1,2,672,206791
v1,2,673,199125
v1,2,674,202458
v1,2,675,206375
v1,2,676,207875
v1,2,677,204958
v1,2,678,202208
v1,2,679,206083
v1,2,680,204625
v1,2,681,203291
v1,2,682,204125
v1,2,683,203666
v1,2,684,202750
v1,2,685,203416
v1,2,686,208417
v1,2,687,204167
v1,2,688,206750
v1,2,689,205250
v1,2,690,205208
v1,2,691,204083
v1,2,692,209542
v1,2,693,210250
v1,2,694,208375
v1,2,695,211375
v1,2,696,207208
v1,2,697,202083
v1,2,698,204042
v1,2,699,203750
v1,2,700,207916
v1,2,701,205250
v1,2,702,206459
v1,2,703,205500
v1,2,704,202458
v1,2,705,203750
v1,2,706,201375
v1,2,707,202833
v1,2,708,202875
v1,2,709,204583
v1,2,710,205250
v1,2,711,201916
v1,2,712,202958
v1,2,713,203500
v1,2,714,204250
v1,2,715,207875
v1,2,716,202209
v1,2,717,202625
v1,2,718,204083
v1,2,719,212917
v1,2,720,201750
v1,2,721,204542
v1,2,722,205500
v1,2,723,204250
v1,2,724,203584
v1,2,725,203875
v1,2,726,206209
v1,2,727,209000
v1,2,728,208709
v1,2,729,210291
v1,2,730,203916
v1,2,731,207916
v1,2,732,201583
v1,2,733,202583
v1,2,734,203291
v1,2,735,203916
v1,2,736,202917
v1,2,737,203459
v1,2,738,202458
v1,2,739,203625
v1,2,740,203791
v1,2,741,206167
v1,2,742,203625
v1,2,743,203583
v1,2,744,203166
v1,2,745,204417
v1,2,746,208792
v1,2,747,204917
v1,2,748,205334
v1,2,749,220334
v1,2,750,214166
v1,2,751,206833
v1,2,752,207917
v1,2,753,206667
v1,2,754,206208
v1,2,755,206000
v1,2,756,205209
v1,2,757,223459
v1,2,758,202750
v1,2,759,212292
v1,2,760,203667
v1,2,761,203667
v1,2,762,206542
v1,2,763,200166
v1,2,764,201958
v1,2,765,204417
v1,2,766,202000
v1,2,767,199875
v1,2,768,201000
v1,2,769,200959
v1,2,770,199375
v1,2,771,200000
v1,2,772,200666
v1,2,773,202875
v1,2,774,203708
v1,2,775,202334
v1,2,776,203250
v1,2,777,199833
v1,2,778,199583
v1,2,779,205500
v1,2,780,203875
v1,2,781,202792
v1,2,782,200791
v1,2,783,200917
v1,2,784,201375
v1,2,785,204958
v1,2,786,202666
v1,2,787,202041
v1,2,788,202542
v1,2,789,210584
v1,2,790,204042
v1,2,791,204208
v1,2,792,201791
v1,2,793,201292
v1,2,794,203084
v1,2,795,200834
v1,2,796,202167
v1,2,797,201417
v1,2,798,199666
v1,2,799,227542
v1,2,800,206625
v1,2,801,204708
v1,2,802,205709
v1,2,803,206417
v1,2,804,207541
v1,2,805,206792
v1,2,806,204833
v1,2,807,205500
v1,2,808,215500
v1,2,809,203791
v1,2,810,203000
v1,2,811,203541
v1,2,812,204167
v1,2,813,203042
v1,2,814,215125
v1,2,815,202500
v1,2,816,201917
v1,2,817,200167
v1,2,818,201333
v1,2,819,201083
v1,2,820,200500
v1,2,821,200792
v1,2,822,200917
v1,2,823,202916
v1,2,824,221333
v1,2,825,207875
v1,2,826,206625
v1,2,827,204667
v1,2,828,207625
v1,2,829,206750
v1,2,830,204458
v1,2,831,204791
v1,2,832,203917
v1,2,833,208167
v1,2,834,206541
v1,2,835,208083
v1,2,836,205500
v1,2,837,206583
v1,2,838,206125
v1,2,839,216000
v1,2,840,206458
v1,2,841,207666
v1,2,842,204875
v1,2,843,199625
v1,2,844,206167
v1,2,845,202834
v1,2,846,200917
v1,2,847,233416
v1,2,848,218542
v1,2,849,203583
v1,2,850,215000
v1,2,851,203209
v1,2,852,202917
v1,2,853,205833
v1,2,854,203125
v1,2,855,204292
v1,2,856,203250
v1,2,857,204333
v1,2,858,201125
v1,2,859,200875
v1,2,860,204125
v1,2,861,203125
v1,2,862,203042
v1,2,863,205458
v1,2,864,210709
v1,2,865,207125
v1,2,866,210750
v1,2,867,216000
v1,2,868,203459
v1,2,869,222917
v1,2,870,227500
v1,2,871,210584
v1,2,872,205250
v1,2,873,203875
v1,2,874,205250
v1,2,875,206000
v1,2,876,205667
v1,2,877,204375
v1,2,878,205417
v1,2,879,212417
v1,2,880,203458
v1,2,881,206083
v1,2,882,204250
v1,2,883,203209
v1,2,884,203083
v1,2,885,202333
v1,2,886,202167
v1,2,887,201792
v1,2,888,202750
v1,2,889,214750
v1,2,890,209958
v1,2,891,202750
v1,2,892,203833
v1,2,893,202458
v1,2,894,205708
v1,2,895,221875
v1,2,896,207125
v1,2,897,203250
v1,2,898,220625
v1,2,899,205083
v1,2,900,205667
v1,2,901,203667
v1,2,902,203375
v1,2,903,204709
v1,2,904,203042
v1,2,905,203416
v1,2,906,213875
v1,2,907,215167
v1,2,908,202125
v1,2,909,203667
v1,2,910,205709
v1,2,911,206125
v1,2,912,205792
v1,2,913,204917
v1,2,914,204334
v1,2,915,204583
v1,2,916,205958
v1,2,917,204333
v1,2,918,205291
v1,2,919,205750
v1,2,920,206750
v1,2,921,204584
v1,2,922,205833
v1,2,923,205292
v1,2,924,203584
v1,2,925,203292
v1,2,926,210375
v1,2,927,208750
v1,2,928,206166
v1,2,929,204500
v1,2,930,205542
v1,2,931,204000
v1,2,932,203084
v1,2,933,210750
v1,2,934,207291
v1,2,935,207916
v1,2,936,206042
v1,2,937,204625
v1,2,938,206000
v1,2,939,204000
v1,2,940,205583
v1,2,941,211791
v1,2,942,204625
v1,2,943,205791
v1,2,944,236833
v1,2,945,216584
v1,2,946,215667
v1,2,947,210209
v1,2,948,210917
v1,2,949,206542
v1,2,950,203792
v1,2,951,203208
v1,2,952,204583
v1,2,953,203333
v1,2,954,237625
v1,2,955,212875
v1,2,956,207667
v1,2,957,205333
v1,2,958,210833
v1,2,959,205333
v1,2,960,208291
v1,2,961,210416
v1,2,962,203708
v1,2,963,203416
v1,2,964,205083
v1,2,965,207875
v1,2,966,205916
v1,2,967,201708
v1,2,968,213916
v1,2,969,209750
v1,2,970,216500
v1,2,971,205250
v1,2,972,205916
v1,2,973,204750
v1,2,974,203959
v1,2,975,202875
v1,2,976,204375
v1,2,977,219167
v1,2,978,218791
v1,2,979,202917
v1,2,980,214667
v1,2,981,203375
v1,2,982,213583
v1,2,983,206583
v1,2,984,202167
v1,2,985,201666
v1,2,986,205042
v1,2,987,201292
v1,2,988,202541
v1,2,989,201417
v1,2,990,200834
v1,2,991,202875
v1,2,992,228875
v1,2,993,204917
v1,2,994,203792
v1,2,995,203709
v1,2,996,204250
v1,2,997,204250
v1,2,998,209250
v1,2,999,205500
v2,3,0,1823333
v2,3,1,1918625
v2,3,2,1857875
v2,3,3,1845541
v2,3,4,1866041
v2,3,5,1844625
v2,3,6,1962500
v2,3,7,1969125
v2,3,8,1883083
v2,3,9,1865083
v2,3,10,2088625
v2,3,11,1914250
v2,3,12,1840750
v2,3,13,1833083
v2,3,14,1849792
v2,3,15,1885542
v2,3,16,1852625
v2,3,17,1823958
v2,3,18,1814375
v2,3,19,1839250
v2,3,20,1860583
v2,3,21,1875500
v2,3,22,1819292
v2,3,23,1842541
v2,3,24,2012500
v2,3,25,1877292
v2,3,26,1875125
v2,3,27,1843459
v2,3,28,1866375
v2,3,29,1915750
v2,3,30,1939500
v2,3,31,1838583
v2,3,32,1869125
v2,3,33,1819083
v2,3,34,1877083
v2,3,35,1822750
v2,3,36,1834958
v2,3,37,1886625
v2,3,38,1831333
v2,3,39,1836000
v2,3,40,1846000
v2,3,41,1877458
v2,3,42,1977542
v2,3,43,1876625
v2,3,44,1836542
v2,3,45,1856084
v2,3,46,1855041
v2,3,47,1856584
v2,3,48,1855542
v2,3,49,1807542
v2,3,50,1838958
v2,3,51,1864000
v2,3,52,1877375
v2,3,53,1867959
v2,3,54,1904708
v2,3,55,1974125
v2,3,56,1900791
v2,3,57,1845459
v2,3,58,1826084
v2,3,59,1934375
v2,3,60,1912166
v2,3,61,1883208
v2,3,62,1838375
v2,3,63,1859333
v2,3,64,1912250
v2,3,65,1844792
v2,3,66,1829500
v2,3,67,1862834
v2,3,68,1865958
v2,3,69,1852167
v2,3,70,1827750
v2,3,71,1830250
v2,3,72,1874791
v2,3,73,1825875
v2,3,74,1876625
v2,3,75,1816166
v2,3,76,1832042
v2,3,77,2022875
v2,3,78,1869709
v2,3,79,1848125
v2,3,80,1823667
v2,3,81,1852250
v2,3,82,1843417
v2,3,83,1871542
v2,3,84,1829459
v2,3,85,1851292
v2,3,86,1875583
v2,3,87,1869625
v2,3,88,1855458
v2,3,89,1839583
v2,3,90,1856292
v2,3,91,1856750
v2,3,92,1856833
v2,3,93,1826416
v2,3,94,1852708
v2,3,95,2000625
v2,3,96,1856583
v2,3,97,1827584
v2,3,98,1825542
v2,3,99,1874667
v2,3,100,1843792
v2,3,101,1958250
v2,3,102,1832416
v2,3,103,1831291
v2,3,104,1886750
v2,3,105,1856333
v2,3,106,1826250
v2,3,107,1826042
v2,3,108,1862583
v2,3,109,1847291
v2,3,110,1851250
v2,3,111,1853666
v2,3,112,1843708
v2,3,113,2116541
v2,3,114,1872584
v2,3,115,1844292
v2,3,116,1918292
v2,3,117,1870958
v2,3,118,1884041
v2,3,119,1856084
v2,3,120,1816334
v2,3,121,1820750
v2,3,122,1858750
v2,3,123,1824500
v2,3,124,1810125
v2,3,125,1824125
v2,3,126,1862292
v2,3,127,1843292
v2,3,128,1815833
v2,3,129,1832292
v2,3,130,1864792
v2,3,131,2198000
v2,3,132,1866667
v2,3,133,1854375
v2,3,134,1861959
v2,3,135,1950375
v2,3,136,1841750
v2,3,137,1855375
v2,3,138,1877583
v2,3,139,1861584
v2,3,140,1882000
v2,3,141,1847500
v2,3,142,1817125
v2,3,143,1812375
v2,3,144,1841667
v2,3,145,1832208
v2,3,146,1802292
v2,3,147,1809250
v2,3,148,1823125
v2,3,149,1857166
v2,3,150,1854541
v2,3,151,1816875
v2,3,152,1808334
v2,3,153,1821500
v2,3,154,1849750
v2,3,155,1822166
v2,3,156,1812833
v2,3,157,1849584
v2,3,158,1837542
v2,3,159,1818292
v2,3,160,1846459
v2,3,161,1810209
v2,3,162,1818375
v2,3,163,1821959
v2,3,164,1817542
v2,3,165,1832417
v2,3,166,1821792
v2,3,167,1823416
v2,3,168,1859625
v2,3,169,1820334
v2,3,170,1815625
v2,3,171,1821834
v2,3,172,1862167
v2,3,173,1942125
v2,3,174,1824875
v2,3,175,1825083
v2,3,176,1903125
v2,3,177,1827459
v2,3,178,1849167
v2,3,179,1836084
v2,3,180,1849167
v2,3,181,1821625
v2,3,182,1821750
v2,3,183,1845208
v2,3,184,1819000
v2,3,185,1874416
v2,3,186,1820125
v2,3,187,1854708
v2,3,188,1837208
v2,3,189,1894334
v2,3,190,1817583
v2,3,191,1874125
v2,3,192,1818917
v2,3,193,1821250
v2,3,194,1902416
v2,3,195,1911000
v2,3,196,1899959
v2,3,197,1863834
v2,3,198,1863250
v2,3,199,1828000
v2,3,200,1887500
v2,3,201,1866250
v2,3,202,1846000
v2,3,203,1817167
v2,3,204,1837125
v2,3,205,1892250
v2,3,206,1862292
v2,3,207,1851166
v2,3,208,1824291
v2,3,209,1844208
v2,3,210,1827875
v2,3,211,1826416
v2,3,212,1824625
v2,3,213,1830500
v2,3,214,1827083
v2,3,215,1817083
v2,3,216,1842000
v2,3,217,1833209
v2,3,218,1827000
v2,3,219,1824667
v2,3,220,1837209
v2,3,221,1844167
v2,3,222,1811709
v2,3,223,1824834
v2,3,224,1813292
v2,3,225,1819750
v2,3,226,1824083
v2,3,227,1842375
v2,3,228,1809334
v2,3,229,1834000
v2,3,230,1817666
v2,3,231,1817208
v2,3,232,1831958
v2,3,233,1806667
v2,3,234,1809000
v2,3,235,1809709
v2,3,236,1823959
v2,3,237,1810709
v2,3,238,1834875
v2,3,239,1863875
v2,3,240,1835083
v2,3,241,1833292
v2,3,242,1832083
v2,3,243,1865041
v2,3,244,1848958
v2,3,245,1841125
v2,3,246,1824375
v2,3,247,1823750
v2,3,248,1864875
v2,3,249,1832459
v2,3,250,1813583
v2,3,251,1845375
v2,3,252,1843833
v2,3,253,1830458
v2,3,254,1822625
v2,3,255,1824500
v2,3,256,1811917
v2,3,257,1821334
v2,3,258,1803584
v2,3,259,1862542
v2,3,260,1818167
v2,3,261,1847875
v2,3,262,1838292
v2,3,263,1822875
v2,3,264,1858958
v2,3,265,1840584
v2,3,266,1822666
v2,3,267,1829375
v2,3,268,1817708
v2,3,269,1810333
v2,3,270,1825459
v2,3,271,1828125
v2,3,272,1819208
v2,3,273,1819375
v2,3,274,1828208
v2,3,275,1847792
v2,3,276,1840291
v2,3,277,1841125
v2,3,278,1829334
v2,3,279,1830750
v2,3,280,1839292
v2,3,281,1837291
v2,3,282,1809459
v2,3,283,1829041
v2,3,284,1814459
v2,3,285,1822875
v2,3,286,1814292
v2,3,287,1838167
v2,3,288,1810167
v2,3,289,1820875
v2,3,290,1840209
v2,3,291,1817958
v2,3,292,1835708
v2,3,293,1830000
v2,3,294,1838666
v2,3,295,1821583
v2,3,296,1842042
v2,3,297,1840084
v2,3,298,1875708
v2,3,299,1878500
v2,3,300,1845166
v2,3,301,1822958
v2,3,302,1834417
v2,3,303,1862500
v2,3,304,1813042
v2,3,305,1819834
v2,3,306,1834625
v2,3,307,1831917
v2,3,308,1828083
v2,3,309,1839041
v2,3,310,1814833
v2,3,311,1827209
v2,3,312,1830042
v2,3,313,1851917
v2,3,314,1814458
v2,3,315,1816875
v2,3,316,1818375
v2,3,317,1800667
v2,3,318,1806000
v2,3,319,1834417
v2,3,320,1838417
v2,3,321,1850917
v2,3,322,1818542
v2,3,323,1822917
v2,3,324,1832958
v2,3,325,1854208
v2,3,326,1816000
v2,3,327,1811625
v2,3,328,1830833
v2,3,329,1811500
v2,3,330,1833959
v2,3,331,1815500
v2,3,332,1812666
v2,3,333,1826208
v2,3,334,1821834
v2,3,335,1836375
v2,3,336,1833209
v2,3,337,1857417
v2,3,338,1841167
v2,3,339,1840458
v2,3,340,1829459
v2,3,341,1846417
v2,3,342,1813000
v2,3,343,1808500
v2,3,344,1827250
v2,3,345,1807084
v2,3,346,1801250
v2,3,347,1830667
v2,3,348,1846625
v2,3,349,1818084
v2,3,350,1821750
v2,3,351,1819000
v2,3,352,1819167
v2,3,353,1833666
v2,3,354,1820917
v2,3,355,1815625
v2,3,356,1823917
v2,3,357,1828667
v2,3,358,1848834
v2,3,359,1836208
v2,3,360,1824458
v2,3,361,1811917
v2,3,362,1831500
v2,3,363,1831250
v2,3,364,1816666
v2,3,365,1829291
v2,3,366,1840375
v2,3,367,1842208
v2,3,368,1809875
v2,3,369,1851250
v2,3,370,1818583
v2,3,371,1836917
v2,3,372,1833167
v2,3,373,1853083
v2,3,374,1833459
v2,3,375,1830042
v2,3,376,1842875
v2,3,377,1818584
v2,3,378,1838875
v2,3,379,1818959
v2,3,380,1844959
v2,3,381,1806833
v2,3,382,1823291
v2,3,383,1812500
v2,3,384,1817750
v2,3,385,1811541
v2,3,386,1804375
v2,3,387,1804708
v2,3,388,1810709
v2,3,389,1800459
v2,3,390,1818333
v2,3,391,1881667
v2,3,392,1814375
v2,3,393,1820542
v2,3,394,1830417
v2,3,395,1816792
v2,3,396,1834209
v2,3,397,1814291
v2,3,398,1849291
v2,3,399,1814416
v2,3,400,1835708
v2,3,401,1841000
v2,3,402,1843917
v2,3,403,1813833
v2,3,404,1827333
v2,3,405,1807125
v2,3,406,1811167
v2,3,407,1812667
v2,3,408,1806667
v2,3,409,1824292
v2,3,410,1826458
v2,3,411,1812834
v2,3,412,1815417
v2,3,413,1838041
v2,3,414,1804583
v2,3,415,1835541
v2,3,416,1834208
v2,3,417,1857417
v2,3,418,1872459
v2,3,419,1864750
v2,3,420,1856625
v2,3,421,1853291
v2,3,422,1818667
v2,3,423,1812917
v2,3,424,1850500
v2,3,425,1911834
v2,3,426,1851125
v2,3,427,1829209
v2,3,428,1827334
v2,3,429,1878750
v2,3,430,1843417
v2,3,431,1817208
v2,3,432,1835167
v2,3,433,1822750
v2,3,434,1813875
v2,3,435,1877250
v2,3,436,1801417
v2,3,437,1836792
v2,3,438,1802834
v2,3,439,1806917
v2,3,440,1850084
v2,3,441,1856792
v2,3,442,1848375
v2,3,443,1800125
v2,3,444,1827667
v2,3,445,1886042
v2,3,446,1842875
v2,3,447,1810500
v2,3,448,1893042
v2,3,449,1851625
v2,3,450,1821958
v2,3,451,1853625
v2,3,452,1815375
v2,3,453,1822458
v2,3,454,1810250
v2,3,455,1826708
v2,3,456,1868583
v2,3,457,1823291
v2,3,458,1810041
v2,3,459,1825292
v2,3,460,1816792
v2,3,461,1811875
v2,3,462,1852750
v2,3,463,1835166
v2,3,464,1849250
v2,3,465,1839875
v2,3,466,1824750
v2,3,467,1835750
v2,3,468,1806333
v2,3,469,1820334
v2,3,470,1826125
v2,3,471,1822042
v2,3,472,1822542
v2,3,473,1847292
v2,3,474,1819750
v2,3,475,1842500
v2,3,476,1810750
v2,3,477,1801708
v2,3,478,1825084
v2,3,479,1807042
v2,3,480,1832084
v2,3,481,1803209
v2,3,482,1809375
v2,3,483,2417417
v2,3,484,4917792
v2,3,485,3616250
v2,3,486,2070166
v2,3,487,2157042
v2,3,488,1900167
v2,3,489,2111250
v2,3,490,2068834
v2,3,491,1966750
v2,3,492,1987375
v2,3,493,1877542
v2,3,494,1957083
v2,3,495,2128125
v2,3,496,1893000
v2,3,497,1918375
v2,3,498,2869292
v2,3,499,1918792
v2,3,500,1869792
v2,3,501,1848583
v2,3,502,1830667
v2,3,503,1951042
v2,3,504,1869959
v2,3,505,1837459
v2,3,506,1879709
v2,3,507,1840958
v2,3,508,1985916
v2,3,509,1850167
v2,3,510,1846417
v2,3,511,1840708
v2,3,512,2035291
v2,3,513,1965333
v2,3,514,1819750
v2,3,515,1828083
v2,3,516,1873208
v2,3,517,1840584
v2,3,518,1843708
v2,3,519,2365542
v2,3,520,2660791
v2,3,521,2545417
v2,3,522,2555416
v2,3,523,4646458
v2,3,524,1865042
v2,3,525,1846125
v2,3,526,1818375
v2,3,527,1887334
v2,3,528,1815458
v2,3,529,1853000
v2,3,530,1851875
v2,3,531,1859792
v2,3,532,1909500
v2,3,533,1852458
v2,3,534,1839333
v2,3,535,1860209
v2,3,536,1850417
v2,3,537,1859417
v2,3,538,1852500
v2,3,539,1841208
v2,3,540,1814000
v2,3,541,1864666
v2,3,542,1872750
v2,3,543,1807542
v2,3,544,1813125
v2,3,545,1801750
v2,3,546,1805708
v2,3,547,1810459
v2,3,548,1840625
v2,3,549,1840084
v2,3,550,1855708
v2,3,551,1869875
v2,3,552,1931208
v2,3,553,1918292
v2,3,554,1850125
v2,3,555,1829709
v2,3,556,1863250
v2,3,557,1833417
v2,3,558,1825917
v2,3,559,1838333
v2,3,560,1853083
v2,3,561,1827000
v2,3,562,1818375
v2,3,563,1853208
v2,3,564,1832583
v2,3,565,1808916
v2,3,566,1841875
v2,3,567,1836041
v2,3,568,1817084
v2,3,569,1866583
v2,3,570,1881292
v2,3,571,1843458
v2,3,572,1840417
v2,3,573,1881792
v2,3,574,1864167
v2,3,575,1852917
v2,3,576,1843917
v2,3,577,1826542
v2,3,578,1810708
v2,3,579,1835666
v2,3,580,1853625
v2,3,581,1846458
v2,3,582,1826208
v2,3,583,1840625
v2,3,584,1820542
v2,3,585,1827209
v2,3,586,1826667
v2,3,587,1809000
v2,3,588,1967750
v2,3,589,1832875
v2,3,590,1831500
v2,3,591,1838667
v2,3,592,2129958
v2,3,593,1884833
v2,3,594,1862500
v2,3,595,1837500
v2,3,596,1826083
v2,3,597,1818042
v2,3,598,1842209
v2,3,599,1873083
v2,3,600,1830208
v2,3,601,1820833
v2,3,602,1809208
v2,3,603,1809542
v2,3,604,1835959
v2,3,605,1828792
v2,3,606,1811833
v2,3,607,1815958
v2,3,608,1836166
v2,3,609,1822250
v2,3,610,1871083
v2,3,611,1853084
v2,3,612,1842417
v2,3,613,1828542
v2,3,614,1824625
v2,3,615,1820750
v2,3,616,1822584
v2,3,617,1834292
v2,3,618,1817125
v2,3,619,1845833
v2,3,620,1833125
v2,3,621,1877792
v2,3,622,1846666
v2,3,623,1843250
v2,3,624,1829834
v2,3,625,1839292
v2,3,626,1877708
v2,3,627,1831458
v2,3,628,1834000
v2,3,629,1836709
v2,3,630,1829750
v2,3,631,1829084
v2,3,632,1838167
v2,3,633,1828333
v2,3,634,1840208
v2,3,635,1829375
v2,3,636,1834167
v2,3,637,1826708
v2,3,638,1820083
v2,3,639,1831250
v2,3,640,1821875
v2,3,641,1818042
v2,3,642,1825375
v2,3,643,1846750
v2,3,644,1826875
v2,3,645,1834000
v2,3,646,1837334
v2,3,647,1832209
v2,3,648,1863167
v2,3,649,1832042
v2,3,650,1829375
v2,3,651,1827042
v2,3,652,1836500
v2,3,653,1823084
v2,3,654,1828042
v2,3,655,1830625
v2,3,656,1841416
v2,3,657,1833000
v2,3,658,1826625
v2,3,659,1834458
v2,3,660,1835459
v2,3,661,1845916
v2,3,662,1827292
v2,3,663,1841500
v2,3,664,1835917
v2,3,665,1846792
v2,3,666,1815708
v2,3,667,1817458
v2,3,668,1833250
v2,3,669,1816375
v2,3,670,1848792
v2,3,671,1820458
v2,3,672,1816833
v2,3,673,1845625
v2,3,674,1838250
v2,3,675,1831500
v2,3,676,1829375
v2,3,677,1830584
v2,3,678,1822875
v2,3,679,1821959
v2,3,680,1843959
v2,3,681,1865334
v2,3,682,1815292
v2,3,683,1818333
v2,3,684,1820250
v2,3,685,1814084
v2,3,686,1818959
v2,3,687,1825833
v2,3,688,1820666
v2,3,689,1809792
v2,3,690,1812958
v2,3,691,1810708
v2,3,692,1821541
v2,3,693,1814833
v2,3,694,1808291
v2,3,695,1810375
v2,3,696,1816625
v2,3,697,1810958
v2,3,698,1839916
v2,3,699,1835833
v2,3,700,1842542
v2,3,701,1847542
v2,3,702,1863542
v2,3,703,1885833
v2,3,704,1834500
v2,3,705,1826125
v2,3,706,1818084
v2,3,707,1844583
v2,3,708,1877166
v2,3,709,1821792
v2,3,710,1805834
v2,3,711,1821042
v2,3,712,1843792
v2,3,713,1817584
v2,3,714,1846708
v2,3,715,1823542
v2,3,716,1828083
v2,3,717,1839000
v2,3,718,1826208
v2,3,719,1822459
v2,3,720,1822417
v2,3,721,1845667
v2,3,722,1852416
v2,3,723,1847541
v2,3,724,1848459
v2,3,725,1910792
v2,3,726,1887792
v2,3,727,1853875
v2,3,728,1846583
v2,3,729,1839875
v2,3,730,1843458
v2,3,731,1845667
v2,3,732,1846334
v2,3,733,1837375
v2,3,734,1841625
v2,3,735,1847875
v2,3,736,1839959
v2,3,737,1839333
v2,3,738,1838917
v2,3,739,1843542
v2,3,740,1874250
v2,3,741,1921292
v2,3,742,1832083
v2,3,743,1812958
v2,3,744,1807750
v2,3,745,1808291
v2,3,746,1815666
v2,3,747,1817333
v2,3,748,1820291
v2,3,749,1814250
v2,3,750,1817667
v2,3,751,1816167
v2,3,752,1846042
v2,3,753,1837875
v2,3,754,1825542
v2,3,755,1810417
v2,3,756,1822917
v2,3,757,1819542
v2,3,758,1827834
v2,3,759,1853958
v2,3,760,1825708
v2,3,761,1836125
v2,3,762,1852791
v2,3,763,1862208
v2,3,764,1838959
v2,3,765,1855250
v2,3,766,1817709
v2,3,767,1828458
v2,3,768,1823416
v2,3,769,1822292
v2,3,770,1828667
v2,3,771,1856875
v2,3,772,1820958
v2,3,773,1820125
v2,3,774,1849709
v2,3,775,1841917
v2,3,776,1838375
v2,3,777,1827750
v2,3,778,1818583
v2,3,779,1855583
v2,3,780,1810042
v2,3,781,1822250
v2,3,782,1836375
v2,3,783,1819084
v2,3,784,1811708
v2,3,785,1849333
v2,3,786,1823000
v2,3,787,1820333
v2,3,788,1843000
v2,3,789,1847167
v2,3,790,1909250
v2,3,791,1886750
v2,3,792,1851541
v2,3,793,1825209
v2,3,794,1855000
v2,3,795,1851084
v2,3,796,1832834
v2,3,797,1833208
v2,3,798,1824416
v2,3,799,1826875
v2,3,800,1819834
v2,3,801,1828167
v2,3,802,1819042
v2,3,803,1829083
v2,3,804,1818458
v2,3,805,1818166
v2,3,806,1841416
v2,3,807,1836000
v2,3,808,1823000
v2,3,809,1830958
v2,3,810,1841083
v2,3,811,1835042
v2,3,812,1856625
v2,3,813,1814375
v2,3,814,1852042
v2,3,815,1848500
v2,3,816,1838042
v2,3,817,1846375
v2,3,818,1839875
v2,3,819,1866375
v2,3,820,1840291
v2,3,821,1844833
v2,3,822,1835417
v2,3,823,1840709
v2,3,824,1847833
v2,3,825,1836291
v2,3,826,1830042
v2,3,827,1829000
v2,3,828,1845166
v2,3,829,1840417
v2,3,830,1847125
v2,3,831,1825000
v2,3,832,1830834
v2,3,833,1832583
v2,3,834,1831833
v2,3,835,1838666
v2,3,836,1860041
v2,3,837,1857833
v2,3,838,1841834
v2,3,839,1867375
v2,3,840,1849250
v2,3,841,1845542
v2,3,842,1839834
v2,3,843,1835125
v2,3,844,1840459
v2,3,845,1813875
v2,3,846,1827667
v2,3,847,1820959
v2,3,848,1822917
v2,3,849,1812750
v2,3,850,1861834
v2,3,851,1839542
v2,3,852,1815750
v2,3,853,1831125
v2,3,854,1814334
v2,3,855,1845542
v2,3,856,1812959
v2,3,857,1813166
v2,3,858,1814208
v2,3,859,1807208
v2,3,860,1839875
v2,3,861,1885834
v2,3,862,1846166
v2,3,863,1829834
v2,3,864,1833333
v2,3,865,1848084
v2,3,866,1832042
v2,3,867,1833166
v2,3,868,1824583
v2,3,869,1829125
v2,3,870,1832708
v2,3,871,1860625
v2,3,872,1843167
v2,3,873,1843000
v2,3,874,1822125
v2,3,875,1820250
v2,3,876,1832333
v2,3,877,1829750
v2,3,878,1827250
v2,3,879,1829875
v2,3,880,1840459
v2,3,881,1821458
v2,3,882,1833667
v2,3,883,1850959
v2,3,884,1826000
v2,3,885,1834792
v2,3,886,1825541
v2,3,887,1826958
v2,3,888,1815875
v2,3,889,1819750
v2,3,890,1807916
v2,3,891,1845458
v2,3,892,1815291
v2,3,893,1818167
v2,3,894,1853500
v2,3,895,1837083
v2,3,896,1859250
v2,3,897,1826791
v2,3,898,1838375
v2,3,899,1833792
v2,3,900,1831792
v2,3,901,1833583
v2,3,902,1836500
v2,3,903,1827333
v2,3,904,1823916
v2,3,905,1849291
v2,3,906,1811083
v2,3,907,1826458
v2,3,908,1810709
v2,3,909,1809875
v2,3,910,1840375
v2,3,911,1812000
v2,3,912,1811958
v2,3,913,1810500
v2,3,914,1841417
v2,3,915,1828584
v2,3,916,1831083
v2,3,917,1834791
v2,3,918,1805583
v2,3,919,1833458
v2,3,920,1814708
v2,3,921,1835583
v2,3,922,1826875
v2,3,923,1835000
v2,3,924,1818000
v2,3,925,1815291
v2,3,926,1827083
v2,3,927,1822708
v2,3,928,1810084
v2,3,929,1811000
v2,3,930,1824250
v2,3,931,1826625
v2,3,932,1903375
v2,3,933,1873750
v2,3,934,1842750
v2,3,935,1841000
v2,3,936,1841000
v2,3,937,1843083
v2,3,938,1832291
v2,3,939,1829541
v2,3,940,1844833
v2,3,941,1845542
v2,3,942,1855583
v2,3,943,1836750
v2,3,944,1818792
v2,3,945,1830375
v2,3,946,1816916
v2,3,947,1815083
v2,3,948,1815750
v2,3,949,1813208
v2,3,950,1833834
v2,3,951,1812708
v2,3,952,1815416
v2,3,953,1825083
v2,3,954,1875500
v2,3,955,1830083
v2,3,956,1840291
v2,3,957,1807166
v2,3,958,1817375
v2,3,959,1843125
v2,3,960,1826583
v2,3,961,1830000
v2,3,962,1838625
v2,3,963,1834666
v2,3,964,1831166
v2,3,965,1850125
v2,3,966,1825250
v2,3,967,1824750
v2,3,968,1860875
v2,3,969,1832042
v2,3,970,1834708
v2,3,971,1815584
v2,3,972,1818083
v2,3,973,1827584
v2,3,974,1811792
v2,3,975,1810250
v2,3,976,1824959
v2,3,977,1825125
v2,3,978,1830500
v2,3,979,1815834
v2,3,980,1821125
v2,3,981,1852791
v2,3,982,1811042
v2,3,983,1808625
v2,3,984,1815750
v2,3,985,1813833
v2,3,986,1829041
v2,3,987,1857666
v2,3,988,1821959
v2,3,989,1819167
v2,3,990,1826167
v2,3,991,1812792
v2,3,992,1863083
v2,3,993,1833375
v2,3,994,1861458
v2,3,995,1841292
v2,3,996,1824084
v2,3,997,1828000
v2,3,998,1839667
v2,3,999,1854333
v1,3,0,125292
v1,3,1,125292
v1,3,2,124583
v1,3,3,125959
v1,3,4,126167
v1,3,5,135583
v1,3,6,151209
v1,3,7,124667
v1,3,8,207833
v1,3,9,211000
v1,3,10,209125
v1,3,11,204958
v1,3,12,203458
v1,3,13,214125
v1,3,14,207500
v1,3,15,207917
v1,3,16,204750
v1,3,17,207208
v1,3,18,209291
v1,3,19,207083
v1,3,20,204708
v1,3,21,210292
v1,3,22,203500
v1,3,23,204459
v1,3,24,208833
v1,3,25,207042
v1,3,26,203459
v1,3,27,207334
v1,3,28,204125
v1,3,29,205125
v1,3,30,205000
v1,3,31,205708
v1,3,32,205166
v1,3,33,228834
v1,3,34,207542
v1,3,35,208000
v1,3,36,208542
v1,3,37,207666
v1,3,38,212000
v1,3,39,207666
v1,3,40,206875
v1,3,41,207167
v1,3,42,206584
v1,3,43,206375
v1,3,44,206667
v1,3,45,215334
v1,3,46,220709
v1,3,47,211167
v1,3,48,208541
v1,3,49,211833
v1,3,50,206125
v1,3,51,204958
v1,3,52,204000
v1,3,53,218208
v1,3,54,204833
v1,3,55,205958
v1,3,56,205750
v1,3,57,205250
v1,3,58,208583
v1,3,59,203667
v1,3,60,205334
v1,3,61,202959
v1,3,62,205625
v1,3,63,203417
v1,3,64,204500
v1,3,65,214125
v1,3,66,211083
v1,3,67,204417
v1,3,68,203417
v1,3,69,205291
v1,3,70,203333
v1,3,71,204125
v1,3,72,204750
v1,3,73,205333
v1,3,74,209417
v1,3,75,206167
v1,3,76,209042
v1,3,77,209250
v1,3,78,206791
v1,3,79,207583
v1,3,80,211500
v1,3,81,216166
v1,3,82,208875
v1,3,83,215666
v1,3,84,205708
v1,3,85,204875
v1,3,86,204958
v1,3,87,203750
v1,3,88,204625
v1,3,89,204959
v1,3,90,207750
v1,3,91,202625
v1,3,92,205125
v1,3,93,207250
v1,3,94,206000
v1,3,95,206500
v1,3,96,204083
v1,3,97,202916
v1,3,98,203500
v1,3,99,204375
v1,3,100,203250
v1,3,101,205084
v1,3,102,208250
v1,3,103,206708
v1,3,104,204083
v1,3,105,205000
v1,3,106,204333
v1,3,107,204875
v1,3,108,206500
v1,3,109,207583
v1,3,110,203917
v1,3,111,208208
v1,3,112,204208
v1,3,113,204208
v1,3,114,206208
v1,3,115,206750
v1,3,116,206291
v1,3,117,209042
v1,3,118,203833
v1,3,119,204708
v1,3,120,205417
v1,3,121,206583
v1,3,122,207333
v1,3,123,206708
v1,3,124,208542
v1,3,125,207709
v1,3,126,216583
v1,3,127,203834
v1,3,128,204416
v1,3,129,232084
v1,3,130,224958
v1,3,131,205917
v1,3,132,205250
v1,3,133,205500
v1,3,134,207541
v1,3,135,206250
v1,3,136,203375
v1,3,137,204125
v1,3,138,204417
v1,3,139,206125
v1,3,140,206042
v1,3,141,203750
v1,3,142,216583
v1,3,143,213083
v1,3,144,207000
v1,3,145,207500
v1,3,146,211000
v1,3,147,203208
v1,3,148,200917
v1,3,149,202375
v1,3,150,202375
v1,3,151,203291
v1,3,152,204875
v1,3,153,206375
v1,3,154,205125
v1,3,155,203167
v1,3,156,200959
v1,3,157,201709
v1,3,158,215917
v1,3,159,204292
v1,3,160,205458
v1,3,161,205833
v1,3,162,204583
v1,3,163,213042
v1,3,164,204959
v1,3,165,203750
v1,3,166,205542
v1,3,167,201917
v1,3,168,201708
v1,3,169,202291
v1,3,170,204417
v1,3,171,204916
v1,3,172,211875
v1,3,173,208917
v1,3,174,202958
v1,3,175,203916
v1,3,176,204334
v1,3,177,203084
v1,3,178,225167
v1,3,179,208167
v1,3,180,205500
v1,3,181,204500
v1,3,182,204375
v1,3,183,201792
v1,3,184,205334
v1,3,185,201875
v1,3,186,224584
v1,3,187,205458
v1,3,188,205625
v1,3,189,207291
v1,3,190,204500
v1,3,191,205542
v1,3,192,203375
v1,3,193,205833
v1,3,194,204000
v1,3,195,203417
v1,3,196,205875
v1,3,197,205959
v1,3,198,203750
v1,3,199,202667
v1,3,200,208291
v1,3,201,203917
v1,3,202,205459
v1,3,203,205875
v1,3,204,204750
v1,3,205,203208
v1,3,206,208583
v1,3,207,219292
v1,3,208,208459
v1,3,209,204292
v1,3,210,202292
v1,3,211,203209
v1,3,212,214000
v1,3,213,202875
v1,3,214,205541
v1,3,215,205250
v1,3,216,203500
v1,3,217,202333
v1,3,218,203375
v1,3,219,204333
v1,3,220,204542
v1,3,221,205292
v1,3,222,203250
v1,3,223,203292
v1,3,224,201708
v1,3,225,206417
v1,3,226,222209
v1,3,227,204542
v1,3,228,205375
v1,3,229,205875
v1,3,230,206500
v1,3,231,204375
v1,3,232,205416
v1,3,233,203833
v1,3,234,203958
v1,3,235,203750
v1,3,236,204375
v1,3,237,204625
v1,3,238,206459
v1,3,239,205708
v1,3,240,205166
v1,3,241,204250
v1,3,242,204625
v1,3,243,230792
v1,3,244,204583
v1,3,245,199625
v1,3,246,206375
v1,3,247,200750
v1,3,248,197958
v1,3,249,200417
v1,3,250,198500
v1,3,251,198583
v1,3,252,207833
v1,3,253,203208
v1,3,254,198708
v1,3,255,199209
v1,3,256,199208
v1,3,257,200833
v1,3,258,201917
v1,3,259,202250
v1,3,260,199166
v1,3,261,201750
v1,3,262,200417
v1,3,263,198792
v1,3,264,200250
v1,3,265,201709
v1,3,266,198709
v1,3,267,200167
v1,3,268,200083
v1,3,269,198542
v1,3,270,199292
v1,3,271,207500
v1,3,272,203375
v1,3,273,199666
v1,3,274,207750
v1,3,275,203416
v1,3,276,198292
v1,3,277,201917
v1,3,278,197666
v1,3,279,198875
v1,3,280,199333
v1,3,281,198000
v1,3,282,198167
v1,3,283,200250
v1,3,284,202667
v1,3,285,201250
v1,3,286,200125
v1,3,287,201833
v1,3,288,208458
v1,3,289,199916
v1,3,290,201625
v1,3,291,200458
v1,3,292,198417
v1,3,293,209667
v1,3,294,199792
v1,3,295,200666
v1,3,296,200125
v1,3,297,198292
v1,3,298,199459
v1,3,299,199667
v1,3,300,204458
v1,3,301,201291
v1,3,302,202583
v1,3,303,198542
v1,3,304,199750
v1,3,305,203209
v1,3,306,199834
v1,3,307,202334
v1,3,308,200459
v1,3,309,199375
v1,3,310,198292
v1,3,311,202792
v1,3,312,204000
v1,3,313,198750
v1,3,314,200584
v1,3,315,198625
v1,3,316,200458
v1,3,317,201000
v1,3,318,197458
v1,3,319,199042
v1,3,320,199583
v1,3,321,202708
v1,3,322,201583
v1,3,323,199375
v1,3,324,199166
v1,3,325,222875
v1,3,326,204041
v1,3,327,204041
v1,3,328,203208
v1,3,329,205750
v1,3,330,202208
v1,3,331,201416
v1,3,332,200583
v1,3,333,201958
v1,3,334,209000
v1,3,335,202125
v1,3,336,202958
v1,3,337,200167
v1,3,338,201750
v1,3,339,201959
v1,3,340,206500
v1,3,341,200208
v1,3,342,200541
v1,3,343,201291
v1,3,344,202500
v1,3,345,202917
v1,3,346,200958
v1,3,347,205375
v1,3,348,203250
v1,3,349,202792
v1,3,350,202917
v1,3,351,202792
v1,3,352,202500
v1,3,353,206458
v1,3,354,201917
v1,3,355,204792
v1,3,356,200750
v1,3,357,204333
v1,3,358,204791
v1,3,359,200083
v1,3,360,200333
v1,3,361,211084
v1,3,362,202292
v1,3,363,204125
v1,3,364,200583
v1,3,365,202333
v1,3,366,201334
v1,3,367,201959
v1,3,368,203250
v1,3,369,201875
v1,3,370,207542
v1,3,371,201291
v1,3,372,202250
v1,3,373,204334
v1,3,374,224708
v1,3,375,215708
v1,3,376,222875
v1,3,377,225209
v1,3,378,211333
v1,3,379,203334
v1,3,380,205583
v1,3,381,212166
v1,3,382,204125
v1,3,383,204292
v1,3,384,208167
v1,3,385,204084
v1,3,386,222125
v1,3,387,211208
v1,3,388,204458
v1,3,389,209041
v1,3,390,215625
v1,3,391,210250
v1,3,392,203458
v1,3,393,201500
v1,3,394,205292
v1,3,395,203125
v1,3,396,203167
v1,3,397,202084
v1,3,398,202542
v1,3,399,201958
v1,3,400,201500
v1,3,401,204500
v1,3,402,204833
v1,3,403,207583
v1,3,404,202458
v1,3,405,202792
v1,3,406,203000
v1,3,407,202583
v1,3,408,203458
v1,3,409,201958
v1,3,410,201916
v1,3,411,201875
v1,3,412,200791
v1,3,413,205958
v1,3,414,209083
v1,3,415,210375
v1,3,416,203417
v1,3,417,201875
v1,3,418,201792
v1,3,419,201750
v1,3,420,203417
v1,3,421,201750
v1,3,422,201042
v1,3,423,229375
v1,3,424,206083
v1,3,425,205625
v1,3,426,205333
v1,3,427,203125
v1,3,428,203583
v1,3,429,206958
v1,3,430,206041
v1,3,431,202583
v1,3,432,205083
v1,3,433,203791
v1,3,434,204541
v1,3,435,204958
v1,3,436,206291
v1,3,437,204167
v1,3,438,204375
v1,3,439,202625
v1,3,440,202208
v1,3,441,203333
v1,3,442,219750
v1,3,443,202917
v1,3,444,202417
v1,3,445,201416
v1,3,446,202250
v1,3,447,201542
v1,3,448,203208
v1,3,449,203167
v1,3,450,201166
v1,3,451,209041
v1,3,452,212292
v1,3,453,202625
v1,3,454,202667
v1,3,455,208625
v1,3,456,200417
v1,3,457,203333
v1,3,458,204541
v1,3,459,201750
v1,3,460,201500
v1,3,461,207541
v1,3,462,205458
v1,3,463,203042
v1,3,464,204459
v1,3,465,210542
v1,3,466,205666
v1,3,467,204083
v1,3,468,204125
v1,3,469,203708
v1,3,470,206500
v1,3,471,209000
v1,3,472,219083
v1,3,473,206291
v1,3,474,214250
v1,3,475,206084
v1,3,476,207875
v1,3,477,203500
v1,3,478,208167
v1,3,479,202875
v1,3,480,207958
v1,3,481,206083
v1,3,482,205375
v1,3,483,208208
v1,3,484,205917
v1,3,485,204042
v1,3,486,205375
v1,3,487,203583
v1,3,488,209000
v1,3,489,207666
v1,3,490,203375
v1,3,491,205958
v1,3,492,201750
v1,3,493,204333
v1,3,494,208208
v1,3,495,215208
v1,3,496,206167
v1,3,497,201500
v1,3,498,208750
v1,3,499,224875
v1,3,500,211792
v1,3,501,206709
v1,3,502,205250
v1,3,503,203875
v1,3,504,202958
v1,3,505,202875
v1,3,506,204375
v1,3,507,203917
v1,3,508,201834
v1,3,509,205667
v1,3,510,201041
v1,3,511,204708
v1,3,512,202000
v1,3,513,203084
v1,3,514,204750
v1,3,515,201208
v1,3,516,203583
v1,3,517,202208
v1,3,518,202083
v1,3,519,203417
v1,3,520,205167
v1,3,521,205334
v1,3,522,206125
v1,3,523,204208
v1,3,524,204583
v1,3,525,205208
v1,3,526,202916
v1,3,527,209083
v1,3,528,201958
v1,3,529,202917
v1,3,530,201333
v1,3,531,202334
v1,3,532,213209
v1,3,533,202500
v1,3,534,202625
v1,3,535,211375
v1,3,536,207333
v1,3,537,205083
v1,3,538,205084
v1,3,539,206500
v1,3,540,204416
v1,3,541,202750
v1,3,542,205833
v1,3,543,203875
v1,3,544,203709
v1,3,545,209875
v1,3,546,201708
v1,3,547,210208
v1,3,548,209709
v1,3,549,200792
v1,3,550,203958
v1,3,551,201500
v1,3,552,206417
v1,3,553,206417
v1,3,554,202041
v1,3,555,207083
v1,3,556,202083
v1,3,557,206708
v1,3,558,207791
v1,3,559,208000
v1,3,560,209958
v1,3,561,206333
v1,3,562,209667
v1,3,563,201750
v1,3,564,201125
v1,3,565,199416
v1,3,566,200542
v1,3,567,198584
v1,3,568,202625
v1,3,569,229250
v1,3,570,207958
v1,3,571,204208
v1,3,572,205500
v1,3,573,204542
v1,3,574,205500
v1,3,575,214291
v1,3,576,206708
v1,3,577,204208
v1,3,578,206334
v1,3,579,204625
v1,3,580,205542
v1,3,581,205167
v1,3,582,203917
v1,3,583,226333
v1,3,584,209292
v1,3,585,203792
v1,3,586,214042
v1,3,587,201250
v1,3,588,201500
v1,3,589,201250
v1,3,590,201625
v1,3,591,200250
v1,3,592,202084
v1,3,593,201292
v1,3,594,201125
v1,3,595,207125
v1,3,596,203250
v1,3,597,203958
v1,3,598,205459
v1,3,599,203125
v1,3,600,200708
v1,3,601,201125
v1,3,602,202666
v1,3,603,201583
v1,3,604,201000
v1,3,605,204083
v1,3,606,202250
v1,3,607,201708
v1,3,608,200750
v1,3,609,201917
v1,3,610,205708
v1,3,611,202042
v1,3,612,205750
v1,3,613,207292
v1,3,614,203250
v1,3,615,212084
v1,3,616,200500
v1,3,617,201084
v1,3,618,222417
v1,3,619,202292
v1,3,620,201833
v1,3,621,202916
v1,3,622,203542
v1,3,623,202292
v1,3,624,200959
v1,3,625,200542
v1,3,626,205541
v1,3,627,200375
v1,3,628,199709
v1,3,629,199584
v1,3,630,203084
v1,3,631,200250
v1,3,632,200792
v1,3,633,203000
v1,3,634,201125
v1,3,635,200292
v1,3,636,204375
v1,3,637,199458
v1,3,638,197417
v1,3,639,207459
v1,3,640,209542
v1,3,641,205958
v1,3,642,204000
v1,3,643,199000
v1,3,644,198625
v1,3,645,200000
v1,3,646,198792
v1,3,647,197250
v1,3,648,199791
v1,3,649,197708
v1,3,650,208917
v1,3,651,202083
v1,3,652,197000
v1,3,653,213875
v1,3,654,203833
v1,3,655,199250
v1,3,656,210458
v1,3,657,199250
v1,3,658,199167
v1,3,659,204209
v1,3,660,197125
v1,3,661,200208
v1,3,662,199625
v1,3,663,197584
v1,3,664,199167
v1,3,665,200709
v1,3,666,200667
v1,3,667,224500
v1,3,668,208000
v1,3,669,218250
v1,3,670,206292
v1,3,671,204291
v1,3,672,204083
v1,3,673,201459
v1,3,674,203041
v1,3,675,201458
v1,3,676,204583
v1,3,677,202583
v1,3,678,201250
v1,3,679,203792
v1,3,680,203166
v1,3,681,202833
v1,3,682,201833
v1,3,683,202625
v1,3,684,202833
v1,3,685,203333
v1,3,686,203083
v1,3,687,202458
v1,3,688,203500
v1,3,689,203584
v1,3,690,203750
v1,3,691,201125
v1,3,692,202000
v1,3,693,201000
v1,3,694,204958
v1,3,695,204041
v1,3,696,223666
v1,3,697,204583
v1,3,698,202875
v1,3,699,201042
v1,3,700,202792
v1,3,701,200583
v1,3,702,201625
v1,3,703,202208
v1,3,704,200292
v1,3,705,202000
v1,3,706,199792
v1,3,707,201209
v1,3,708,201500
v1,3,709,204750
v1,3,710,210834
v1,3,711,200375
v1,3,712,201958
v1,3,713,202750
v1,3,714,205000
v1,3,715,204834
v1,3,716,227541
v1,3,717,206459
v1,3,718,205708
v1,3,719,207875
v1,3,720,204833
v1,3,721,208166
v1,3,722,205292
v1,3,723,203834
v1,3,724,206125
v1,3,725,207333
v1,3,726,222541
v1,3,727,202750
v1,3,728,200541
v1,3,729,207583
v1,3,730,203208
v1,3,731,202000
v1,3,732,202541
v1,3,733,203875
v1,3,734,202958
v1,3,735,201541
v1,3,736,217208
v1,3,737,201500
v1,3,738,202250
v1,3,739,203792
v1,3,740,201334
v1,3,741,206250
v1,3,742,204417
v1,3,743,217709
v1,3,744,203875
v1,3,745,200125
v1,3,746,202750
v1,3,747,202625
v1,3,748,203000
v1,3,749,202167
v1,3,750,203167
v1,3,751,202375
v1,3,752,204084
v1,3,753,200709
v1,3,754,207084
v1,3,755,204792
v1,3,756,205542
v1,3,757,203333
v1,3,758,201416
v1,3,759,201917
v1,3,760,205625
v1,3,761,203125
v1,3,762,202209
v1,3,763,200417
v1,3,764,202209
v1,3,765,227750
v1,3,766,206625
v1,3,767,205375
v1,3,768,206417
v1,3,769,206166
v1,3,770,204500
v1,3,771,203666
v1,3,772,204458
v1,3,773,205875
v1,3,774,207209
v1,3,775,205667
v1,3,776,204708
v1,3,777,215334
v1,3,778,206250
v1,3,779,205166
v1,3,780,206000
v1,3,781,202625
v1,3,782,220583
v1,3,783,203417
v1,3,784,200625
v1,3,785,201083
v1,3,786,200750
v1,3,787,202541
v1,3,788,203041
v1,3,789,205250
v1,3,790,201791
v1,3,791,202542
v1,3,792,200209
v1,3,793,202250
v1,3,794,202417
v1,3,795,204167
v1,3,796,202666
v1,3,797,201667
v1,3,798,201042
v1,3,799,204666
v1,3,800,218208
v1,3,801,203916
v1,3,802,202042
v1,3,803,202791
v1,3,804,202917
v1,3,805,201167
v1,3,806,203250
v1,3,807,202709
v1,3,808,202542
v1,3,809,204250
v1,3,810,203042
v1,3,811,206459
v1,3,812,206375
v1,3,813,203208
v1,3,814,232333
v1,3,815,205791
v1,3,816,206750
v1,3,817,202625
v1,3,818,206917
v1,3,819,203458
v1,3,820,204584
v1,3,821,204917
v1,3,822,206250
v1,3,823,204292
v1,3,824,203125
v1,3,825,203625
v1,3,826,204792
v1,3,827,207000
v1,3,828,203708
v1,3,829,202792
v1,3,830,202667
v1,3,831,204125
v1,3,832,203084
v1,3,833,204125
v1,3,834,205208
v1,3,835,204583
v1,3,836,204958
v1,3,837,207208
v1,3,838,204000
v1,3,839,218083
v1,3,840,200917
v1,3,841,201208
v1,3,842,200166
v1,3,843,199208
v1,3,844,197667
v1,3,845,201834
v1,3,846,199875
v1,3,847,199583
v1,3,848,199125
v1,3,849,200292
v1,3,850,204875
v1,3,851,203500
v1,3,852,200083
v1,3,853,203875
v1,3,854,199458
v1,3,855,200875
v1,3,856,199000
v1,3,857,206417
v1,3,858,199500
v1,3,859,198667
v1,3,860,202375
v1,3,861,198500
v1,3,862,202166
v1,3,863,203541
v1,3,864,200208
v1,3,865,199667
v1,3,866,202167
v1,3,867,199208
v1,3,868,201542
v1,3,869,204750
v1,3,870,199667
v1,3,871,203084
v1,3,872,208250
v1,3,873,202125
v1,3,874,202250
v1,3,875,202791
v1,3,876,206750
v1,3,877,199541
v1,3,878,200958
v1,3,879,200875
v1,3,880,201250
v1,3,881,202250
v1,3,882,203166
v1,3,883,200375
v1,3,884,202916
v1,3,885,202833
v1,3,886,207833
v1,3,887,204708
v1,3,888,210000
v1,3,889,202459
v1,3,890,198959
v1,3,891,200959
v1,3,892,199792
v1,3,893,205458
v1,3,894,201333
v1,3,895,198166
v1,3,896,203708
v1,3,897,207917
v1,3,898,209542
v1,3,899,203333
v1,3,900,202250
v1,3,901,204708
v1,3,902,206292
v1,3,903,204500
v1,3,904,201083
v1,3,905,200417
v1,3,906,209125
v1,3,907,199292
v1,3,908,201333
v1,3,909,201834
v1,3,910,199042
v1,3,911,199500
v1,3,912,226958
v1,3,913,206000
v1,3,914,205708
v1,3,915,203208
v1,3,916,203583
v1,3,917,207250
v1,3,918,203834
v1,3,919,212833
v1,3,920,208292
v1,3,921,203625
v1,3,922,206541
v1,3,923,204083
v1,3,924,213583
v1,3,925,214583
v1,3,926,201375
v1,3,927,202167
v1,3,928,205208
v1,3,929,202000
v1,3,930,202542
v1,3,931,201791
v1,3,932,201000
v1,3,933,204250
v1,3,934,202375
v1,3,935,204042
v1,3,936,202334
v1,3,937,201792
v1,3,938,203458
v1,3,939,201291
v1,3,940,202416
v1,3,941,203542
v1,3,942,205084
v1,3,943,210166
v1,3,944,201333
v1,3,945,205125
v1,3,946,204834
v1,3,947,201209
v1,3,948,201417
v1,3,949,203500
v1,3,950,203583
v1,3,951,211917
v1,3,952,201667
v1,3,953,208167
v1,3,954,200083
v1,3,955,203291
v1,3,956,202750
v1,3,957,201041
v1,3,958,212125
v1,3,959,208041
v1,3,960,208916
v1,3,961,217791
v1,3,962,201208
v1,3,963,208167
v1,3,964,206834
v1,3,965,204625
v1,3,966,208542
v1,3,967,203500
v1,3,968,203958
v1,3,969,213500
v1,3,970,204959
v1,3,971,212250
v1,3,972,204917
v1,3,973,207875
v1,3,974,202500
v1,3,975,202000
v1,3,976,202833
v1,3,977,203500
v1,3,978,207833
v1,3,979,204958
v1,3,980,204625
v1,3,981,211625
v1,3,982,206250
v1,3,983,205958
v1,3,984,204291
v1,3,985,202916
v1,3,986,202917
v1,3,987,204084
v1,3,988,205250
v1,3,989,203792
v1,3,990,200667
v1,3,991,204708
v1,3,992,205000
v1,3,993,202292
v1,3,994,201834
v1,3,995,204542
v1,3,996,202958
v1,3,997,203875
v1,3,998,205334
v1,3,999,206542
