dataset_id,scope,symbol,annotation_kind,raw_count,record_count_containing_symbol,mapped_class,core_handling
INCART,CORE_CHANNEL_ELIGIBLE,+,NON_BEAT,12,6,NOT_A_BEAT,IGNORE_NON_BEAT
INCART,CORE_CHANNEL_ELIGIBLE,A,BEAT,1944,33,S,POSITIVE_SVF
INCART,CORE_CHANNEL_ELIGIBLE,B,BEAT,1,1,UNMAPPABLE,EXCLUDE_UNMAPPABLE
INCART,CORE_CHANNEL_ELIGIBLE,F,BEAT,219,22,F,POSITIVE_SVF
INCART,CORE_CHANNEL_ELIGIBLE,N,BEAT,150410,73,N,REFERENCE
INCART,CORE_CHANNEL_ELIGIBLE,Q,BEAT,6,5,Q,EXCLUDE_Q
INCART,CORE_CHANNEL_ELIGIBLE,R,BEAT,3174,3,N,REFERENCE
INCART,CORE_CHANNEL_ELIGIBLE,S,BEAT,16,6,S,POSITIVE_SVF
INCART,CORE_CHANNEL_ELIGIBLE,V,BEAT,20013,70,V,POSITIVE_SVF
INCART,CORE_CHANNEL_ELIGIBLE,j,BEAT,92,2,N,REFERENCE
INCART,CORE_CHANNEL_ELIGIBLE,n,BEAT,32,2,UNMAPPABLE,EXCLUDE_UNMAPPABLE
INCART,SOURCE,+,NON_BEAT,12,6,NOT_A_BEAT,IGNORE_NON_BEAT
INCART,SOURCE,A,BEAT,1944,33,S,POSITIVE_SVF
INCART,SOURCE,B,BEAT,1,1,UNMAPPABLE,EXCLUDE_UNMAPPABLE
INCART,SOURCE,F,BEAT,219,22,F,POSITIVE_SVF
INCART,SOURCE,N,BEAT,150410,73,N,REFERENCE
INCART,SOURCE,Q,BEAT,6,5,Q,EXCLUDE_Q
INCART,SOURCE,R,BEAT,3174,3,N,REFERENCE
INCART,SOURCE,S,BEAT,16,6,S,POSITIVE_SVF
INCART,SOURCE,V,BEAT,20013,70,V,POSITIVE_SVF
INCART,SOURCE,j,BEAT,92,2,N,REFERENCE
INCART,SOURCE,n,BEAT,32,2,UNMAPPABLE,EXCLUDE_UNMAPPABLE
MITDB,CORE_CHANNEL_ELIGIBLE,!,BEAT,472,1,UNMAPPABLE,EXCLUDE_UNMAPPABLE
MITDB,CORE_CHANNEL_ELIGIBLE,"""",NON_BEAT,437,5,NOT_A_BEAT,IGNORE_NON_BEAT
MITDB,CORE_CHANNEL_ELIGIBLE,+,NON_BEAT,1241,46,NOT_A_BEAT,IGNORE_NON_BEAT
MITDB,CORE_CHANNEL_ELIGIBLE,/,BEAT,3620,2,Q,EXCLUDE_Q
MITDB,CORE_CHANNEL_ELIGIBLE,A,BEAT,2546,27,S,POSITIVE_SVF
MITDB,CORE_CHANNEL_ELIGIBLE,E,BEAT,106,2,V,POSITIVE_SVF
MITDB,CORE_CHANNEL_ELIGIBLE,F,BEAT,803,17,F,POSITIVE_SVF
MITDB,CORE_CHANNEL_ELIGIBLE,J,BEAT,83,5,S,POSITIVE_SVF
MITDB,CORE_CHANNEL_ELIGIBLE,L,BEAT,8075,4,N,REFERENCE
MITDB,CORE_CHANNEL_ELIGIBLE,N,BEAT,74790,38,N,REFERENCE
MITDB,CORE_CHANNEL_ELIGIBLE,Q,BEAT,15,5,Q,EXCLUDE_Q
MITDB,CORE_CHANNEL_ELIGIBLE,R,BEAT,7259,6,N,REFERENCE
MITDB,CORE_CHANNEL_ELIGIBLE,S,BEAT,2,1,S,POSITIVE_SVF
MITDB,CORE_CHANNEL_ELIGIBLE,V,BEAT,7124,35,V,POSITIVE_SVF
MITDB,CORE_CHANNEL_ELIGIBLE,[,NON_BEAT,6,1,NOT_A_BEAT,IGNORE_NON_BEAT
MITDB,CORE_CHANNEL_ELIGIBLE,],NON_BEAT,6,1,NOT_A_BEAT,IGNORE_NON_BEAT
MITDB,CORE_CHANNEL_ELIGIBLE,a,BEAT,150,7,S,POSITIVE_SVF
MITDB,CORE_CHANNEL_ELIGIBLE,e,BEAT,16,1,N,REFERENCE
MITDB,CORE_CHANNEL_ELIGIBLE,f,BEAT,260,1,Q,EXCLUDE_Q
MITDB,CORE_CHANNEL_ELIGIBLE,j,BEAT,229,5,N,REFERENCE
MITDB,CORE_CHANNEL_ELIGIBLE,x,NON_BEAT,193,5,NOT_A_BEAT,IGNORE_NON_BEAT
MITDB,CORE_CHANNEL_ELIGIBLE,|,NON_BEAT,132,19,NOT_A_BEAT,IGNORE_NON_BEAT
MITDB,CORE_CHANNEL_ELIGIBLE,~,NON_BEAT,579,37,NOT_A_BEAT,IGNORE_NON_BEAT
MITDB,SOURCE,!,BEAT,472,1,UNMAPPABLE,EXCLUDE_UNMAPPABLE
MITDB,SOURCE,"""",NON_BEAT,437,5,NOT_A_BEAT,IGNORE_NON_BEAT
MITDB,SOURCE,+,NON_BEAT,1291,48,NOT_A_BEAT,IGNORE_NON_BEAT
MITDB,SOURCE,/,BEAT,7028,4,Q,EXCLUDE_Q
MITDB,SOURCE,A,BEAT,2546,27,S,POSITIVE_SVF
MITDB,SOURCE,E,BEAT,106,2,V,POSITIVE_SVF
MITDB,SOURCE,F,BEAT,803,17,F,POSITIVE_SVF
MITDB,SOURCE,J,BEAT,83,5,S,POSITIVE_SVF
MITDB,SOURCE,L,BEAT,8075,4,N,REFERENCE
MITDB,SOURCE,N,BEAT,75052,40,N,REFERENCE
MITDB,SOURCE,Q,BEAT,33,6,Q,EXCLUDE_Q
MITDB,SOURCE,R,BEAT,7259,6,N,REFERENCE
MITDB,SOURCE,S,BEAT,2,1,S,POSITIVE_SVF
MITDB,SOURCE,V,BEAT,7130,37,V,POSITIVE_SVF
MITDB,SOURCE,[,NON_BEAT,6,1,NOT_A_BEAT,IGNORE_NON_BEAT
MITDB,SOURCE,],NON_BEAT,6,1,NOT_A_BEAT,IGNORE_NON_BEAT
MITDB,SOURCE,a,BEAT,150,7,S,POSITIVE_SVF
MITDB,SOURCE,e,BEAT,16,1,N,REFERENCE
MITDB,SOURCE,f,BEAT,982,3,Q,EXCLUDE_Q
MITDB,SOURCE,j,BEAT,229,5,N,REFERENCE
MITDB,SOURCE,x,NON_BEAT,193,5,NOT_A_BEAT,IGNORE_NON_BEAT
MITDB,SOURCE,|,NON_BEAT,132,19,NOT_A_BEAT,IGNORE_NON_BEAT
MITDB,SOURCE,~,NON_BEAT,616,38,NOT_A_BEAT,IGNORE_NON_BEAT
