participant_group_id,role
MITDB_P105,FINAL_INNER_VALIDATION
MITDB_P113,FINAL_INNER_VALIDATION
MITDB_P118,FINAL_INNER_VALIDATION
MITDB_P205,FINAL_INNER_VALIDATION
MITDB_P208,FINAL_INNER_VALIDATION
MITDB_P101,OPTIMISE
MITDB_P103,OPTIMISE
MITDB_P111,OPTIMISE
MITDB_P114,OPTIMISE
MITDB_P117,OPTIMISE
MITDB_P119,OPTIMISE
MITDB_P121,OPTIMISE
MITDB_P122,OPTIMISE
MITDB_P124,OPTIMISE
MITDB_P203,OPTIMISE
MITDB_P207,OPTIMISE
MITDB_P209,OPTIMISE
MITDB_P210,OPTIMISE
MITDB_P212,OPTIMISE
MITDB_P215,OPTIMISE
MITDB_P220,OPTIMISE
MITDB_P221,OPTIMISE
MITDB_P222,OPTIMISE
MITDB_P223,OPTIMISE
MITDB_P228,OPTIMISE
MITDB_P230,OPTIMISE
MITDB_P232,OPTIMISE
