participant_group_id,outer_fold,eligible_windows,positive_windows,negative_windows
MITDB_P101,1,356,6,350
MITDB_P103,3,360,4,356
MITDB_P105,0,352,77,275
MITDB_P111,2,360,2,358
MITDB_P113,2,360,12,348
MITDB_P114,3,360,82,278
MITDB_P117,4,360,2,358
MITDB_P118,1,360,156,204
MITDB_P119,1,360,313,47
MITDB_P121,3,360,2,358
MITDB_P122,1,360,0,360
MITDB_P124,0,360,44,316
MITDB_P203,0,355,299,56
MITDB_P205,4,360,59,301
MITDB_P207,1,323,70,253
MITDB_P208,3,356,354,2
MITDB_P209,0,360,214,146
MITDB_P210,1,360,217,143
MITDB_P212,0,360,0,360
MITDB_P215,2,360,217,143
MITDB_P220,2,360,87,273
MITDB_P221,4,360,325,35
MITDB_P222,0,360,137,223
MITDB_P223,3,360,230,130
MITDB_P228,4,360,289,71
MITDB_P230,4,360,2,358
MITDB_P232,2,358,357,1
