figure,view,row,col,value
FL10_FIG11,accepted,SITE_00,R1,93
FL10_FIG11,accepted,SITE_00,R2,93
FL10_FIG11,accepted,SITE_00,R3,93
FL10_FIG11,accepted,SITE_00,R4,93
FL10_FIG11,accepted,SITE_00,R5,93
FL10_FIG11,accepted,SITE_00,R6,93
FL10_FIG11,accepted,SITE_00,R7,93
FL10_FIG11,accepted,SITE_00,R8,93
FL10_FIG11,accepted,SITE_00,R9,93
FL10_FIG11,accepted,SITE_00,R10,93
FL10_FIG11,accepted,SITE_01,R1,91
FL10_FIG11,accepted,SITE_01,R2,91
FL10_FIG11,accepted,SITE_01,R3,91
FL10_FIG11,accepted,SITE_01,R4,91
FL10_FIG11,accepted,SITE_01,R5,91
FL10_FIG11,accepted,SITE_01,R6,91
FL10_FIG11,accepted,SITE_01,R7,91
FL10_FIG11,accepted,SITE_01,R8,91
FL10_FIG11,accepted,SITE_01,R9,91
FL10_FIG11,accepted,SITE_01,R10,91
FL10_FIG11,accepted,SITE_02,R1,91
FL10_FIG11,accepted,SITE_02,R2,91
FL10_FIG11,accepted,SITE_02,R3,91
FL10_FIG11,accepted,SITE_02,R4,91
FL10_FIG11,accepted,SITE_02,R5,91
FL10_FIG11,accepted,SITE_02,R6,91
FL10_FIG11,accepted,SITE_02,R7,91
FL10_FIG11,accepted,SITE_02,R8,91
FL10_FIG11,accepted,SITE_02,R9,91
FL10_FIG11,accepted,SITE_02,R10,91
FL10_FIG11,accepted,SITE_03,R1,89
FL10_FIG11,accepted,SITE_03,R2,89
FL10_FIG11,accepted,SITE_03,R3,89
FL10_FIG11,accepted,SITE_03,R4,89
FL10_FIG11,accepted,SITE_03,R5,89
FL10_FIG11,accepted,SITE_03,R6,89
FL10_FIG11,accepted,SITE_03,R7,89
FL10_FIG11,accepted,SITE_03,R8,89
FL10_FIG11,accepted,SITE_03,R9,89
FL10_FIG11,accepted,SITE_03,R10,89
FL10_FIG11,accepted,SITE_04,R1,90
FL10_FIG11,accepted,SITE_04,R2,90
FL10_FIG11,accepted,SITE_04,R3,90
FL10_FIG11,accepted,SITE_04,R4,90
FL10_FIG11,accepted,SITE_04,R5,90
FL10_FIG11,accepted,SITE_04,R6,90
FL10_FIG11,accepted,SITE_04,R7,90
FL10_FIG11,accepted,SITE_04,R8,90
FL10_FIG11,accepted,SITE_04,R9,90
FL10_FIG11,accepted,SITE_04,R10,90
FL10_FIG11,accepted,SITE_05,R1,93
FL10_FIG11,accepted,SITE_05,R2,93
FL10_FIG11,accepted,SITE_05,R3,93
FL10_FIG11,accepted,SITE_05,R4,93
FL10_FIG11,accepted,SITE_05,R5,93
FL10_FIG11,accepted,SITE_05,R6,93
FL10_FIG11,accepted,SITE_05,R7,93
FL10_FIG11,accepted,SITE_05,R8,93
FL10_FIG11,accepted,SITE_05,R9,93
FL10_FIG11,accepted,SITE_05,R10,93
FL10_FIG11,accepted,SITE_06,R1,93
FL10_FIG11,accepted,SITE_06,R2,93
FL10_FIG11,accepted,SITE_06,R3,93
FL10_FIG11,accepted,SITE_06,R4,93
FL10_FIG11,accepted,SITE_06,R5,93
FL10_FIG11,accepted,SITE_06,R6,93
FL10_FIG11,accepted,SITE_06,R7,93
FL10_FIG11,accepted,SITE_06,R8,93
FL10_FIG11,accepted,SITE_06,R9,93
FL10_FIG11,accepted,SITE_06,R10,93
FL10_FIG11,accepted,SITE_07,R1,83
FL10_FIG11,accepted,SITE_07,R2,83
FL10_FIG11,accepted,SITE_07,R3,83
FL10_FIG11,accepted,SITE_07,R4,83
FL10_FIG11,accepted,SITE_07,R5,83
FL10_FIG11,accepted,SITE_07,R6,83
FL10_FIG11,accepted,SITE_07,R7,83
FL10_FIG11,accepted,SITE_07,R8,83
FL10_FIG11,accepted,SITE_07,R9,83
FL10_FIG11,accepted,SITE_07,R10,83
