source_sample,relative_time_s,source_symbol,mapped_AAMI_class,position
611817,-0.5083333333334394,N,N,OUTSIDE_MODEL_WINDOW
612056,0.15555555555556566,N,N,INSIDE_MODEL_WINDOW
612294,0.816666666666606,N,N,INSIDE_MODEL_WINDOW
612528,1.466666666666697,N,N,INSIDE_MODEL_WINDOW
612760,2.111111111111086,N,N,INSIDE_MODEL_WINDOW
612994,2.761111111111177,N,N,INSIDE_MODEL_WINDOW
613240,3.4444444444443434,N,N,INSIDE_MODEL_WINDOW
613475,4.097222222222172,N,N,INSIDE_MODEL_WINDOW
613708,4.744444444444525,N,N,INSIDE_MODEL_WINDOW
613942,5.394444444444389,N,N,INSIDE_MODEL_WINDOW
614182,6.061111111111131,N,N,INSIDE_MODEL_WINDOW
614419,6.719444444444434,N,N,INSIDE_MODEL_WINDOW
614658,7.383333333333439,N,N,INSIDE_MODEL_WINDOW
614895,8.041666666666742,N,N,INSIDE_MODEL_WINDOW
615133,8.702777777777783,N,N,INSIDE_MODEL_WINDOW
615364,9.344444444444434,N,N,INSIDE_MODEL_WINDOW
615531,9.808333333333394,V,V,INSIDE_MODEL_WINDOW
615844,10.677777777777692,N,N,OUTSIDE_MODEL_WINDOW
