experiment_id,architecture_id,seed,epoch,train_loss,final_inner_validation_loss,final_inner_validation_auprc,learning_rate,improved,non_improvement_count
V2-007-TCNMEANMAX-S20260927,MODEL_V2_TCN_MEANMAX,20260927,1,0.4795509184279093,0.6434291688672223,0.9177449257231205,0.001,True,0
V2-007-TCNMEANMAX-S20260927,MODEL_V2_TCN_MEANMAX,20260927,2,0.2126392974116938,1.4269549468829608,0.9154432116282749,0.001,False,1
V2-007-TCNMEANMAX-S20260927,MODEL_V2_TCN_MEANMAX,20260927,3,0.16277196736839727,0.7815037500857773,0.9220417744712723,0.001,True,0
V2-007-TCNMEANMAX-S20260927,MODEL_V2_TCN_MEANMAX,20260927,4,0.12205336766877795,1.3652834117496429,0.8896878003741995,0.001,False,1
V2-007-TCNMEANMAX-S20260927,MODEL_V2_TCN_MEANMAX,20260927,5,0.12019662181960374,0.7192712547519282,0.9115457737081575,0.001,False,2
V2-007-TCNMEANMAX-S20260927,MODEL_V2_TCN_MEANMAX,20260927,6,0.08922331207015408,0.5134610838764433,0.9148727315769762,0.001,False,3
V2-007-TCNMEANMAX-S20260927,MODEL_V2_TCN_MEANMAX,20260927,7,0.08720111085207967,0.6421179998318625,0.9139861830068992,0.001,False,4
V2-007-TCNMEANMAX-S20260927,MODEL_V2_TCN_MEANMAX,20260927,8,0.07727112010030485,0.5166158699780162,0.9262459087925838,0.001,True,0
V2-007-TCNMEANMAX-S20260927,MODEL_V2_TCN_MEANMAX,20260927,9,0.0705065088861478,0.8176810630856048,0.92587045589383,0.001,False,1
V2-007-TCNMEANMAX-S20260927,MODEL_V2_TCN_MEANMAX,20260927,10,0.05960940453602471,1.1951093759980884,0.9277309987499711,0.001,True,0
V2-007-TCNMEANMAX-S20260927,MODEL_V2_TCN_MEANMAX,20260927,11,0.07595705524526113,0.4746480115641531,0.9179963071659784,0.001,False,1
V2-007-TCNMEANMAX-S20260927,MODEL_V2_TCN_MEANMAX,20260927,12,0.05588034338249666,0.4842873489584557,0.9307453662014632,0.001,True,0
V2-007-TCNMEANMAX-S20260927,MODEL_V2_TCN_MEANMAX,20260927,13,0.041516435665752346,0.4437698148664417,0.9314574890255818,0.001,True,0
V2-007-TCNMEANMAX-S20260927,MODEL_V2_TCN_MEANMAX,20260927,14,0.05417744667322292,0.7504617956484892,0.9146902797676862,0.001,False,1
V2-007-TCNMEANMAX-S20260927,MODEL_V2_TCN_MEANMAX,20260927,15,0.05290012627014724,0.7616114818356395,0.9032634737314155,0.001,False,2
V2-007-TCNMEANMAX-S20260927,MODEL_V2_TCN_MEANMAX,20260927,16,0.04006805443167081,0.5951743593384268,0.9171826894633468,0.001,False,3
V2-007-TCNMEANMAX-S20260927,MODEL_V2_TCN_MEANMAX,20260927,17,0.03408366899059071,0.5363159843969891,0.9235147487801609,0.001,False,4
V2-007-TCNMEANMAX-S20260927,MODEL_V2_TCN_MEANMAX,20260927,18,0.037191489993450726,0.8767785372635025,0.9235327673473638,0.001,False,5
V2-007-TCNMEANMAX-S20260927,MODEL_V2_TCN_MEANMAX,20260927,19,0.05178625356004672,0.37062816422363026,0.9476935157513715,0.001,True,0
V2-007-TCNMEANMAX-S20260927,MODEL_V2_TCN_MEANMAX,20260927,20,0.02633224232349454,0.43890307155754016,0.948465250636117,0.001,True,0
V2-007-TCNMEANMAX-S20260927,MODEL_V2_TCN_MEANMAX,20260927,21,0.02694658342866242,0.4297233388795177,0.9401068262990345,0.001,False,1
V2-007-TCNMEANMAX-S20260927,MODEL_V2_TCN_MEANMAX,20260927,22,0.028049257688027452,0.8141292720169542,0.9030949672803819,0.001,False,2
V2-007-TCNMEANMAX-S20260927,MODEL_V2_TCN_MEANMAX,20260927,23,0.0350552390072101,0.4917276877921831,0.9385233853274898,0.001,False,3
V2-007-TCNMEANMAX-S20260927,MODEL_V2_TCN_MEANMAX,20260927,24,0.027267869374510353,0.47744822215514365,0.9450006133473496,0.001,False,4
V2-007-TCNMEANMAX-S20260927,MODEL_V2_TCN_MEANMAX,20260927,25,0.02952895347242872,0.7031979204937678,0.9335676895407142,0.001,False,5
V2-007-TCNMEANMAX-S20260927,MODEL_V2_TCN_MEANMAX,20260927,26,0.020603629573990357,1.0052789078064845,0.8994308485833273,0.001,False,6
V2-007-TCNMEANMAX-S20260927,MODEL_V2_TCN_MEANMAX,20260927,27,0.019480150289515535,1.185396775144005,0.9044223880690427,0.001,False,7
