figure,view,series,category,value
FL10_FIG15,AUPRC,R03,SIM_P000301,0.6809267042176577
FL10_FIG15,AUPRC,R03,SIM_P000302,0.7033094952524653
FL10_FIG15,AUPRC,R03,SIM_P000303,0.771928788212356
FL10_FIG15,AUPRC,R03,SIM_P000304,0.6465903101984762
FL10_FIG15,AUPRC,R03,SIM_P000305,0.8140348701510227
FL10_FIG15,AUPRC,R03,SIM_P000306,0.8327680841146885
FL10_FIG15,AUPRC,R03,SIM_P000307,0.698525855655362
FL10_FIG15,AUPRC,R03,SIM_P000308,0.9481282709162095
FL10_FIG15,AUPRC,R03,SIM_P000309,0.49921514236760023
FL10_FIG15,AUPRC,R03,SIM_P000310,0.87754582645887
FL10_FIG15,AUPRC,R03,SIM_P000311,0.8277173505800157
FL10_FIG15,AUPRC,R03,SIM_P000312,0.7358037704380884
FL10_FIG15,AUPRC,R03,SIM_P000313,0.7248001076398494
FL10_FIG15,AUPRC,R03,SIM_P000314,0.8394585496005376
FL10_FIG15,AUPRC,R03,SIM_P000315,0.8663060727797229
FL10_FIG15,AUPRC,R03,SIM_P000316,0.8201032478758938
FL10_FIG15,AUPRC,R10,SIM_P000301,1.0000000000000002
FL10_FIG15,AUPRC,R10,SIM_P000302,0.9907216297825174
FL10_FIG15,AUPRC,R10,SIM_P000303,0.9803101810899799
FL10_FIG15,AUPRC,R10,SIM_P000304,0.9669402177200165
FL10_FIG15,AUPRC,R10,SIM_P000305,1.0
FL10_FIG15,AUPRC,R10,SIM_P000306,1.0000000000000002
FL10_FIG15,AUPRC,R10,SIM_P000307,0.9728925986723975
FL10_FIG15,AUPRC,R10,SIM_P000308,0.9724264705882353
FL10_FIG15,AUPRC,R10,SIM_P000309,0.9221316506831887
FL10_FIG15,AUPRC,R10,SIM_P000310,0.9976190476190476
FL10_FIG15,AUPRC,R10,SIM_P000311,0.9999999999999998
FL10_FIG15,AUPRC,R10,SIM_P000312,1.0
FL10_FIG15,AUPRC,R10,SIM_P000313,0.9795774498883374
FL10_FIG15,AUPRC,R10,SIM_P000314,1.0000000000000002
FL10_FIG15,AUPRC,R10,SIM_P000315,1.0000000000000002
FL10_FIG15,AUPRC,R10,SIM_P000316,0.9938080495356036
FL10_FIG15,AUROC,R03,SIM_P000301,0.6602739726027397
FL10_FIG15,AUROC,R03,SIM_P000302,0.7351598173515983
FL10_FIG15,AUROC,R03,SIM_P000303,0.8330985915492958
FL10_FIG15,AUROC,R03,SIM_P000304,0.7768115942028986
FL10_FIG15,AUROC,R03,SIM_P000305,0.8328571428571429
FL10_FIG15,AUROC,R03,SIM_P000306,0.8746575342465753
FL10_FIG15,AUROC,R03,SIM_P000307,0.7568493150684932
FL10_FIG15,AUROC,R03,SIM_P000308,0.9679144385026739
FL10_FIG15,AUROC,R03,SIM_P000309,0.6513698630136986
FL10_FIG15,AUROC,R03,SIM_P000310,0.941549295774648
FL10_FIG15,AUROC,R03,SIM_P000311,0.8326023391812865
FL10_FIG15,AUROC,R03,SIM_P000312,0.8302034428794992
FL10_FIG15,AUROC,R03,SIM_P000313,0.7785493827160493
FL10_FIG15,AUROC,R03,SIM_P000314,0.8910958904109588
FL10_FIG15,AUROC,R03,SIM_P000315,0.8890410958904109
FL10_FIG15,AUROC,R03,SIM_P000316,0.857397504456328
FL10_FIG15,AUROC,R10,SIM_P000301,1.0
FL10_FIG15,AUROC,R10,SIM_P000302,0.9977168949771689
FL10_FIG15,AUROC,R10,SIM_P000303,0.9950704225352113
FL10_FIG15,AUROC,R10,SIM_P000304,0.9913043478260869
FL10_FIG15,AUROC,R10,SIM_P000305,1.0
FL10_FIG15,AUROC,R10,SIM_P000306,1.0
FL10_FIG15,AUROC,R10,SIM_P000307,0.9938356164383562
FL10_FIG15,AUROC,R10,SIM_P000308,0.9866310160427807
FL10_FIG15,AUROC,R10,SIM_P000309,0.9828767123287672
FL10_FIG15,AUROC,R10,SIM_P000310,0.9992957746478873
FL10_FIG15,AUROC,R10,SIM_P000311,1.0
FL10_FIG15,AUROC,R10,SIM_P000312,1.0
FL10_FIG15,AUROC,R10,SIM_P000313,0.9953703703703705
FL10_FIG15,AUROC,R10,SIM_P000314,1.0
FL10_FIG15,AUROC,R10,SIM_P000315,1.0
FL10_FIG15,AUROC,R10,SIM_P000316,0.9982174688057042
FL10_FIG15,F1,R03,SIM_P000301,0.35398230088495575
FL10_FIG15,F1,R03,SIM_P000302,0.3302752293577982
FL10_FIG15,F1,R03,SIM_P000303,0.36036036036036034
FL10_FIG15,F1,R03,SIM_P000304,0.3669724770642202
FL10_FIG15,F1,R03,SIM_P000305,0.36363636363636365
FL10_FIG15,F1,R03,SIM_P000306,0.35398230088495575
FL10_FIG15,F1,R03,SIM_P000307,0.35398230088495575
FL10_FIG15,F1,R03,SIM_P000308,0.34
FL10_FIG15,F1,R03,SIM_P000309,0.35398230088495575
FL10_FIG15,F1,R03,SIM_P000310,0.36036036036036034
FL10_FIG15,F1,R03,SIM_P000311,0.34545454545454546
FL10_FIG15,F1,R03,SIM_P000312,0.3364485981308411
FL10_FIG15,F1,R03,SIM_P000313,0.3333333333333333
FL10_FIG15,F1,R03,SIM_P000314,0.35398230088495575
FL10_FIG15,F1,R03,SIM_P000315,0.35398230088495575
FL10_FIG15,F1,R03,SIM_P000316,0.34
FL10_FIG15,F1,R10,SIM_P000301,0.35398230088495575
FL10_FIG15,F1,R10,SIM_P000302,0.3302752293577982
FL10_FIG15,F1,R10,SIM_P000303,0.36036036036036034
FL10_FIG15,F1,R10,SIM_P000304,0.3669724770642202
FL10_FIG15,F1,R10,SIM_P000305,0.36363636363636365
FL10_FIG15,F1,R10,SIM_P000306,0.35398230088495575
FL10_FIG15,F1,R10,SIM_P000307,0.35398230088495575
FL10_FIG15,F1,R10,SIM_P000308,0.34
FL10_FIG15,F1,R10,SIM_P000309,0.35398230088495575
FL10_FIG15,F1,R10,SIM_P000310,0.36036036036036034
FL10_FIG15,F1,R10,SIM_P000311,0.34545454545454546
FL10_FIG15,F1,R10,SIM_P000312,0.3364485981308411
FL10_FIG15,F1,R10,SIM_P000313,0.3333333333333333
FL10_FIG15,F1,R10,SIM_P000314,0.35398230088495575
FL10_FIG15,F1,R10,SIM_P000315,0.35398230088495575
FL10_FIG15,F1,R10,SIM_P000316,0.34
FL10_FIG15,recall,R03,SIM_P000301,1.0
FL10_FIG15,recall,R03,SIM_P000302,1.0
FL10_FIG15,recall,R03,SIM_P000303,1.0
FL10_FIG15,recall,R03,SIM_P000304,1.0
FL10_FIG15,recall,R03,SIM_P000305,1.0
FL10_FIG15,recall,R03,SIM_P000306,1.0
FL10_FIG15,recall,R03,SIM_P000307,1.0
FL10_FIG15,recall,R03,SIM_P000308,1.0
FL10_FIG15,recall,R03,SIM_P000309,1.0
FL10_FIG15,recall,R03,SIM_P000310,1.0
FL10_FIG15,recall,R03,SIM_P000311,1.0
FL10_FIG15,recall,R03,SIM_P000312,1.0
FL10_FIG15,recall,R03,SIM_P000313,1.0
FL10_FIG15,recall,R03,SIM_P000314,1.0
FL10_FIG15,recall,R03,SIM_P000315,1.0
FL10_FIG15,recall,R03,SIM_P000316,1.0
FL10_FIG15,recall,R10,SIM_P000301,1.0
FL10_FIG15,recall,R10,SIM_P000302,1.0
FL10_FIG15,recall,R10,SIM_P000303,1.0
FL10_FIG15,recall,R10,SIM_P000304,1.0
FL10_FIG15,recall,R10,SIM_P000305,1.0
FL10_FIG15,recall,R10,SIM_P000306,1.0
FL10_FIG15,recall,R10,SIM_P000307,1.0
FL10_FIG15,recall,R10,SIM_P000308,1.0
FL10_FIG15,recall,R10,SIM_P000309,1.0
FL10_FIG15,recall,R10,SIM_P000310,1.0
FL10_FIG15,recall,R10,SIM_P000311,1.0
FL10_FIG15,recall,R10,SIM_P000312,1.0
FL10_FIG15,recall,R10,SIM_P000313,1.0
FL10_FIG15,recall,R10,SIM_P000314,1.0
FL10_FIG15,recall,R10,SIM_P000315,1.0
FL10_FIG15,recall,R10,SIM_P000316,1.0
FL10_FIG15,specificity,R03,SIM_P000301,0.0
FL10_FIG15,specificity,R03,SIM_P000302,0.0
FL10_FIG15,specificity,R03,SIM_P000303,0.0
FL10_FIG15,specificity,R03,SIM_P000304,0.0
FL10_FIG15,specificity,R03,SIM_P000305,0.0
FL10_FIG15,specificity,R03,SIM_P000306,0.0
FL10_FIG15,specificity,R03,SIM_P000307,0.0
FL10_FIG15,specificity,R03,SIM_P000308,0.0
FL10_FIG15,specificity,R03,SIM_P000309,0.0
FL10_FIG15,specificity,R03,SIM_P000310,0.0
FL10_FIG15,specificity,R03,SIM_P000311,0.0
FL10_FIG15,specificity,R03,SIM_P000312,0.0
FL10_FIG15,specificity,R03,SIM_P000313,0.0
FL10_FIG15,specificity,R03,SIM_P000314,0.0
FL10_FIG15,specificity,R03,SIM_P000315,0.0
FL10_FIG15,specificity,R03,SIM_P000316,0.0
FL10_FIG15,specificity,R10,SIM_P000301,0.0
FL10_FIG15,specificity,R10,SIM_P000302,0.0
FL10_FIG15,specificity,R10,SIM_P000303,0.0
FL10_FIG15,specificity,R10,SIM_P000304,0.0
FL10_FIG15,specificity,R10,SIM_P000305,0.0
FL10_FIG15,specificity,R10,SIM_P000306,0.0
FL10_FIG15,specificity,R10,SIM_P000307,0.0
FL10_FIG15,specificity,R10,SIM_P000308,0.0
FL10_FIG15,specificity,R10,SIM_P000309,0.0
FL10_FIG15,specificity,R10,SIM_P000310,0.0
FL10_FIG15,specificity,R10,SIM_P000311,0.0
FL10_FIG15,specificity,R10,SIM_P000312,0.0
FL10_FIG15,specificity,R10,SIM_P000313,0.0
FL10_FIG15,specificity,R10,SIM_P000314,0.0
FL10_FIG15,specificity,R10,SIM_P000315,0.0
FL10_FIG15,specificity,R10,SIM_P000316,0.0
