round,site_id,patient_count,num_examples,positive_examples,negative_examples,shuffle_seed,batch_count,local_epoch,optimizer,learning_rate,weight_decay,local_training_loss,update_norm,update_bytes,status
1,SITE_00,4,1436,527,909,6318989447729917868,23,1,AdamW,0.001,0.0001,0.8592106090614723,5.481100604627345,54364,PASS
1,SITE_01,4,1435,520,915,13393840417827012632,23,1,AdamW,0.001,0.0001,0.844137433389338,5.506854804331118,54364,PASS
1,SITE_02,4,1391,505,886,11937998158273540864,22,1,AdamW,0.001,0.0001,0.8510092737261638,5.363473777526839,54364,PASS
1,SITE_03,3,1080,380,700,57946208380279837,17,1,AdamW,0.001,0.0001,0.8646900185832271,4.874152120106954,54364,PASS
1,SITE_04,3,1080,397,683,1967720219951878585,17,1,AdamW,0.001,0.0001,0.8625131536413122,5.074867012052196,54364,PASS
1,SITE_05,3,1080,431,649,16905001464834379288,17,1,AdamW,0.001,0.0001,0.8885416913915564,5.010186605286688,54364,PASS
1,SITE_06,3,1080,396,684,4893192773912734358,17,1,AdamW,0.001,0.0001,0.8665055601685135,5.1345178243119145,54364,PASS
1,SITE_07,3,1078,401,677,447930346939579497,17,1,AdamW,0.001,0.0001,0.8612746845149817,5.154739923290604,54364,PASS
2,SITE_00,4,1436,527,909,16398420684269981525,23,1,AdamW,0.001,0.0001,0.8311528372565352,1.5184014730610118,54364,PASS
2,SITE_01,4,1435,520,915,545876498622123720,23,1,AdamW,0.001,0.0001,0.7921177778509851,1.5712707219313888,54364,PASS
2,SITE_02,4,1391,505,886,17311162785635633510,22,1,AdamW,0.001,0.0001,0.8245489112256158,1.4188380762390127,54364,PASS
2,SITE_03,3,1080,380,700,3727250598908267269,17,1,AdamW,0.001,0.0001,0.8624746596371686,0.8974303848800139,54364,PASS
2,SITE_04,3,1080,397,683,2456014136889058375,17,1,AdamW,0.001,0.0001,0.8481974813673231,1.1642824085568155,54364,PASS
2,SITE_05,3,1080,431,649,9154742054295074422,17,1,AdamW,0.001,0.0001,0.8891364260956093,0.9525110118592938,54364,PASS
2,SITE_06,3,1080,396,684,9649974785001011955,17,1,AdamW,0.001,0.0001,0.8634145626315364,1.0865658835241827,54364,PASS
2,SITE_07,3,1078,401,677,2062718857378032297,17,1,AdamW,0.001,0.0001,0.8701405686659804,1.2304890880024226,54364,PASS
3,SITE_00,4,1436,527,909,11449671262029500263,23,1,AdamW,0.001,0.0001,0.8036772749882223,1.2127280258626076,54364,PASS
3,SITE_01,4,1435,520,915,8816136853128606188,23,1,AdamW,0.001,0.0001,0.7466149655784049,1.3264043484385,54364,PASS
3,SITE_02,4,1391,505,886,3117252808137837552,22,1,AdamW,0.001,0.0001,0.7947337643265467,1.1346094303075311,54364,PASS
3,SITE_03,3,1080,380,700,18143008542525102161,17,1,AdamW,0.001,0.0001,0.8574442055490282,0.6090165043091936,54364,PASS
3,SITE_04,3,1080,397,683,16675866390953667389,17,1,AdamW,0.001,0.0001,0.8279185520278083,1.046422285367964,54364,PASS
3,SITE_05,3,1080,431,649,7211059788264785496,17,1,AdamW,0.001,0.0001,0.8935161144645126,0.6976229855842903,54364,PASS
3,SITE_06,3,1080,396,684,15635547002125451522,17,1,AdamW,0.001,0.0001,0.8579989283173173,0.6832530605056744,54364,PASS
3,SITE_07,3,1078,401,677,7579833796776923614,17,1,AdamW,0.001,0.0001,0.8639541569136512,1.0379199915388375,54364,PASS
4,SITE_00,4,1436,527,909,7521149298674165310,23,1,AdamW,0.001,0.0001,0.7795419068721675,1.0215322324887366,54364,PASS
4,SITE_01,4,1435,520,915,6317203896503146477,23,1,AdamW,0.001,0.0001,0.7171824948712924,1.0464815667968435,54364,PASS
4,SITE_02,4,1391,505,886,9654086024013370102,22,1,AdamW,0.001,0.0001,0.7672857159680381,1.078900831192131,54364,PASS
4,SITE_03,3,1080,380,700,9509225052341985238,17,1,AdamW,0.001,0.0001,0.8535818126466539,0.5488331237248444,54364,PASS
4,SITE_04,3,1080,397,683,7574123044938873699,17,1,AdamW,0.001,0.0001,0.8080835108403807,0.9445516480389363,54364,PASS
4,SITE_05,3,1080,431,649,4717412356304868482,17,1,AdamW,0.001,0.0001,0.8914058733869482,0.6856405797150378,54364,PASS
4,SITE_06,3,1080,396,684,5205091023972864492,17,1,AdamW,0.001,0.0001,0.84740896180824,0.7413670355188882,54364,PASS
4,SITE_07,3,1078,401,677,11925319357052656354,17,1,AdamW,0.001,0.0001,0.8768931266770513,1.0188674995645968,54364,PASS
5,SITE_00,4,1436,527,909,10820946557649408484,23,1,AdamW,0.001,0.0001,0.7585262546632283,0.918911642335886,54364,PASS
5,SITE_01,4,1435,520,915,9012356770809132090,23,1,AdamW,0.001,0.0001,0.6684397338159408,1.1660604676416206,54364,PASS
5,SITE_02,4,1391,505,886,3889526444865382695,22,1,AdamW,0.001,0.0001,0.7458977344908533,1.0621015728504097,54364,PASS
5,SITE_03,3,1080,380,700,510578641935715364,17,1,AdamW,0.001,0.0001,0.8522828764385647,0.47546393411504656,54364,PASS
5,SITE_04,3,1080,397,683,16098516054225421079,17,1,AdamW,0.001,0.0001,0.7987925838541101,0.8596905444440217,54364,PASS
5,SITE_05,3,1080,431,649,17740787680298057160,17,1,AdamW,0.001,0.0001,0.8915176899344833,0.6500433535819609,54364,PASS
5,SITE_06,3,1080,396,684,17311715226063287165,17,1,AdamW,0.001,0.0001,0.8425974466182568,0.671905476657357,54364,PASS
5,SITE_07,3,1078,401,677,14944096623270117760,17,1,AdamW,0.001,0.0001,0.8639340536713821,0.961283926967263,54364,PASS
6,SITE_00,4,1436,527,909,7552771188911064928,23,1,AdamW,0.001,0.0001,0.7261894431618927,0.915178702391449,54364,PASS
6,SITE_01,4,1435,520,915,3721345245018670238,23,1,AdamW,0.001,0.0001,0.6653674068766604,0.8558859797926869,54364,PASS
6,SITE_02,4,1391,505,886,11560607743778574600,22,1,AdamW,0.001,0.0001,0.7374237145475995,0.8691982935239393,54364,PASS
6,SITE_03,3,1080,380,700,18032380602217475574,17,1,AdamW,0.001,0.0001,0.8608298959555449,0.5101882190993772,54364,PASS
6,SITE_04,3,1080,397,683,16229635822064051965,17,1,AdamW,0.001,0.0001,0.7770755692764565,0.9843772713990204,54364,PASS
6,SITE_05,3,1080,431,649,12842398297901483294,17,1,AdamW,0.001,0.0001,0.8885686265097724,0.6391373055225404,54364,PASS
6,SITE_06,3,1080,396,684,15520034327140305190,17,1,AdamW,0.001,0.0001,0.8354934277357878,0.7137896345809928,54364,PASS
6,SITE_07,3,1078,401,677,15347525093375023627,17,1,AdamW,0.001,0.0001,0.8382345641477652,1.007366406078492,54364,PASS
7,SITE_00,4,1436,527,909,13383851365544444876,23,1,AdamW,0.001,0.0001,0.6769931133743116,1.052744965769835,54364,PASS
7,SITE_01,4,1435,520,915,14495830777817079980,23,1,AdamW,0.001,0.0001,0.6114837776908476,1.0265674644624683,54364,PASS
7,SITE_02,4,1391,505,886,11304041564215844772,22,1,AdamW,0.001,0.0001,0.7257919747738595,0.8598558532930165,54364,PASS
7,SITE_03,3,1080,380,700,359800717418829239,17,1,AdamW,0.001,0.0001,0.8667048158469024,0.4816634381793702,54364,PASS
7,SITE_04,3,1080,397,683,16139255049953393424,17,1,AdamW,0.001,0.0001,0.7543870899412367,0.9969871819353607,54364,PASS
7,SITE_05,3,1080,431,649,17322458363540252775,17,1,AdamW,0.001,0.0001,0.9016275074746873,0.5872285154810747,54364,PASS
7,SITE_06,3,1080,396,684,3205340903658498944,17,1,AdamW,0.001,0.0001,0.8279193246806109,0.706027433063759,54364,PASS
7,SITE_07,3,1078,401,677,3787069248828930888,17,1,AdamW,0.001,0.0001,0.8222532762224909,0.9686505079215689,54364,PASS
8,SITE_00,4,1436,527,909,7976231369267076919,23,1,AdamW,0.001,0.0001,0.6574599860770457,0.9207371495170783,54364,PASS
8,SITE_01,4,1435,520,915,3665731618472040986,23,1,AdamW,0.001,0.0001,0.5980672446277498,0.9120889084908668,54364,PASS
8,SITE_02,4,1391,505,886,8398425708373234406,22,1,AdamW,0.001,0.0001,0.671811294547094,1.1058014440183503,54364,PASS
8,SITE_03,3,1080,380,700,10206165047889492024,17,1,AdamW,0.001,0.0001,0.8643972427756698,0.6537999710757213,54364,PASS
8,SITE_04,3,1080,397,683,12461069332081144824,17,1,AdamW,0.001,0.0001,0.7459820707639059,0.924322602171646,54364,PASS
8,SITE_05,3,1080,431,649,5609470493618628755,17,1,AdamW,0.001,0.0001,0.8835757268799675,0.5723075410247315,54364,PASS
8,SITE_06,3,1080,396,684,9224078043307604296,17,1,AdamW,0.001,0.0001,0.8060519262596413,0.8120386334225864,54364,PASS
8,SITE_07,3,1078,401,677,13282544143262145459,17,1,AdamW,0.001,0.0001,0.7959262011002521,0.9381955217966965,54364,PASS
9,SITE_00,4,1436,527,909,10043303752672190326,23,1,AdamW,0.001,0.0001,0.6358689097972966,0.8315887569140036,54364,PASS
9,SITE_01,4,1435,520,915,992495064335948023,23,1,AdamW,0.001,0.0001,0.5558353996443001,0.9126888737692805,54364,PASS
9,SITE_02,4,1391,505,886,9622013339597791303,22,1,AdamW,0.001,0.0001,0.6548255017813293,1.0272403816206253,54364,PASS
9,SITE_03,3,1080,380,700,18228697152295410715,17,1,AdamW,0.001,0.0001,0.8665654703422829,0.5797326908761824,54364,PASS
9,SITE_04,3,1080,397,683,15104372602683784213,17,1,AdamW,0.001,0.0001,0.7528096547833195,0.8272891907404073,54364,PASS
9,SITE_05,3,1080,431,649,17444481637589480325,17,1,AdamW,0.001,0.0001,0.9016978674464755,0.6430005284508653,54364,PASS
9,SITE_06,3,1080,396,684,18162444099181498157,17,1,AdamW,0.001,0.0001,0.8093523882053516,0.6999994776860418,54364,PASS
9,SITE_07,3,1078,401,677,17749979987460131126,17,1,AdamW,0.001,0.0001,0.7497992672592899,0.9226778260779276,54364,PASS
10,SITE_00,4,1436,527,909,502868926078084079,23,1,AdamW,0.001,0.0001,0.613765760550592,0.7733517255137737,54364,PASS
10,SITE_01,4,1435,520,915,7615228121878380575,23,1,AdamW,0.001,0.0001,0.5491660614877628,0.8221525844844448,54364,PASS
10,SITE_02,4,1391,505,886,14580123630307345652,22,1,AdamW,0.001,0.0001,0.6438890226790581,0.9357938556040009,54364,PASS
10,SITE_03,3,1080,380,700,17775034670052783871,17,1,AdamW,0.001,0.0001,0.8665960771066171,0.5838490896598284,54364,PASS
10,SITE_04,3,1080,397,683,13904767864954512406,17,1,AdamW,0.001,0.0001,0.7413080030017429,0.7838461829882657,54364,PASS
10,SITE_05,3,1080,431,649,7763903664429619114,17,1,AdamW,0.001,0.0001,0.8977316317734895,0.5684538890001022,54364,PASS
10,SITE_06,3,1080,396,684,1411106936328656665,17,1,AdamW,0.001,0.0001,0.8094673849918225,0.6289200176001698,54364,PASS
10,SITE_07,3,1078,401,677,1326946452958606629,17,1,AdamW,0.001,0.0001,0.7322100698394988,0.77823871281257,54364,PASS
11,SITE_00,4,1436,527,909,1902323940869735602,23,1,AdamW,0.001,0.0001,0.6053417914425098,0.6939328467024541,54364,PASS
11,SITE_01,4,1435,520,915,15055388497928271156,23,1,AdamW,0.001,0.0001,0.523290369631106,0.7537225905230686,54364,PASS
11,SITE_02,4,1391,505,886,11925924338613795479,22,1,AdamW,0.001,0.0001,0.6439188426128829,0.7793908162589044,54364,PASS
11,SITE_03,3,1080,380,700,17220511695421490914,17,1,AdamW,0.001,0.0001,0.87814658747779,0.674644028164737,54364,PASS
11,SITE_04,3,1080,397,683,10920525856215577568,17,1,AdamW,0.001,0.0001,0.7165090163548787,0.7775530155196771,54364,PASS
11,SITE_05,3,1080,431,649,17403149470747130644,17,1,AdamW,0.001,0.0001,0.8958683380374202,0.5179834360221434,54364,PASS
11,SITE_06,3,1080,396,684,7915123127222538889,17,1,AdamW,0.001,0.0001,0.7970918147652237,0.5911991342392738,54364,PASS
11,SITE_07,3,1078,401,677,769127270186094295,17,1,AdamW,0.001,0.0001,0.6617577175483633,0.8602672888773888,54364,PASS
12,SITE_00,4,1436,527,909,2461883120568868548,23,1,AdamW,0.001,0.0001,0.5381360447506387,0.8840573717785253,54364,PASS
12,SITE_01,4,1435,520,915,15712790256640861741,23,1,AdamW,0.001,0.0001,0.5099963696160799,0.7808764438671971,54364,PASS
12,SITE_02,4,1391,505,886,13867965736016849609,22,1,AdamW,0.001,0.0001,0.6197371648679442,0.7458678469423149,54364,PASS
12,SITE_03,3,1080,380,700,6273663954359674860,17,1,AdamW,0.001,0.0001,0.8653118535324379,0.5921644689796323,54364,PASS
12,SITE_04,3,1080,397,683,14771283714044918797,17,1,AdamW,0.001,0.0001,0.7031172390337344,0.8261821710759478,54364,PASS
12,SITE_05,3,1080,431,649,18299393278446362959,17,1,AdamW,0.001,0.0001,0.9408023679697955,0.5090196206810985,54364,PASS
12,SITE_06,3,1080,396,684,1319860158732757168,17,1,AdamW,0.001,0.0001,0.8047497475588763,0.5152908199335904,54364,PASS
12,SITE_07,3,1078,401,677,11240655656984393859,17,1,AdamW,0.001,0.0001,0.6783045490509062,0.7109432282479267,54364,PASS
13,SITE_00,4,1436,527,909,486517436333655514,23,1,AdamW,0.001,0.0001,0.5471187286224206,0.6686537779824602,54364,PASS
13,SITE_01,4,1435,520,915,13584994659589389781,23,1,AdamW,0.001,0.0001,0.4896014378461273,0.7116693434343365,54364,PASS
13,SITE_02,4,1391,505,886,1848003071415404758,22,1,AdamW,0.001,0.0001,0.582415713456618,0.7788593746268404,54364,PASS
13,SITE_03,3,1080,380,700,2720967288505672133,17,1,AdamW,0.001,0.0001,0.8770825505256653,0.550430213915247,54364,PASS
13,SITE_04,3,1080,397,683,9444322816573798504,17,1,AdamW,0.001,0.0001,0.7086885509667573,0.8083669274153953,54364,PASS
13,SITE_05,3,1080,431,649,9436418901225683719,17,1,AdamW,0.001,0.0001,0.9061068724702905,0.554279037223808,54364,PASS
13,SITE_06,3,1080,396,684,14866236613426430266,17,1,AdamW,0.001,0.0001,0.7840514933621442,0.5291807138528117,54364,PASS
13,SITE_07,3,1078,401,677,12317878459760594903,17,1,AdamW,0.001,0.0001,0.6567924209561109,0.6633276866131965,54364,PASS
14,SITE_00,4,1436,527,909,7106919915002868255,23,1,AdamW,0.001,0.0001,0.5295060844806575,0.6810384787305411,54364,PASS
14,SITE_01,4,1435,520,915,2382368675148205704,23,1,AdamW,0.001,0.0001,0.4746116559264552,0.69402116044053,54364,PASS
14,SITE_02,4,1391,505,886,5321599368501192902,22,1,AdamW,0.001,0.0001,0.5877023839762021,0.6893073274658611,54364,PASS
14,SITE_03,3,1080,380,700,37765821855730971,17,1,AdamW,0.001,0.0001,0.9074948518364517,0.5818470206831916,54364,PASS
14,SITE_04,3,1080,397,683,2457724581311890954,17,1,AdamW,0.001,0.0001,0.6600017013373198,0.7673812593828427,54364,PASS
14,SITE_05,3,1080,431,649,14063761422859822083,17,1,AdamW,0.001,0.0001,0.938423983697538,0.5107423577241433,54364,PASS
14,SITE_06,3,1080,396,684,1909379810572433432,17,1,AdamW,0.001,0.0001,0.7791478806071811,0.5789356888913876,54364,PASS
14,SITE_07,3,1078,401,677,8067426013522028248,17,1,AdamW,0.001,0.0001,0.6585804081361236,0.6322603902291544,54364,PASS
15,SITE_00,4,1436,527,909,11980056550229480604,23,1,AdamW,0.001,0.0001,0.5039222554244038,0.6893006019820415,54364,PASS
15,SITE_01,4,1435,520,915,6281478221541027590,23,1,AdamW,0.001,0.0001,0.47336086304760977,0.6374982774215926,54364,PASS
15,SITE_02,4,1391,505,886,15886113711553749612,22,1,AdamW,0.001,0.0001,0.5956860520615156,0.6907754323938935,54364,PASS
15,SITE_03,3,1080,380,700,13042142843963254708,17,1,AdamW,0.001,0.0001,0.889456879651105,0.548463656248502,54364,PASS
15,SITE_04,3,1080,397,683,17514896052565064919,17,1,AdamW,0.001,0.0001,0.6552895700490033,0.8033833845551837,54364,PASS
15,SITE_05,3,1080,431,649,15292077687415171338,17,1,AdamW,0.001,0.0001,0.892835197183821,0.5510807887317726,54364,PASS
15,SITE_06,3,1080,396,684,3744184997424703232,17,1,AdamW,0.001,0.0001,0.7706205889030739,0.5441957500276497,54364,PASS
15,SITE_07,3,1078,401,677,1965412467289908283,17,1,AdamW,0.001,0.0001,0.6123293347394091,0.6857784894964953,54364,PASS
16,SITE_00,4,1436,527,909,9583412215244558764,23,1,AdamW,0.001,0.0001,0.5005119552519328,0.6240533630144144,54364,PASS
16,SITE_01,4,1435,520,915,553094484606410407,23,1,AdamW,0.001,0.0001,0.455919580467902,0.5970748176705847,54364,PASS
16,SITE_02,4,1391,505,886,11406260389436668186,22,1,AdamW,0.001,0.0001,0.5364585002920423,0.7940551061359281,54364,PASS
16,SITE_03,3,1080,380,700,9805659867153556884,17,1,AdamW,0.001,0.0001,0.9115552597575718,0.5768385134077928,54364,PASS
16,SITE_04,3,1080,397,683,17742003175087541642,17,1,AdamW,0.001,0.0001,0.6555514379783913,0.7532598327142872,54364,PASS
16,SITE_05,3,1080,431,649,3259768555586601786,17,1,AdamW,0.001,0.0001,0.9436323598579124,0.513192024928818,54364,PASS
16,SITE_06,3,1080,396,684,17267906520003353616,17,1,AdamW,0.001,0.0001,0.8026217566596137,0.52174258259049,54364,PASS
16,SITE_07,3,1078,401,677,1187743431067163064,17,1,AdamW,0.001,0.0001,0.5723962687605608,0.7319963133433831,54364,PASS
17,SITE_00,4,1436,527,909,118499635659806734,23,1,AdamW,0.001,0.0001,0.4873849981176488,0.6150486022479141,54364,PASS
17,SITE_01,4,1435,520,915,15314121049332278006,23,1,AdamW,0.001,0.0001,0.4597626946113666,0.594625533819153,54364,PASS
17,SITE_02,4,1391,505,886,663443470677284769,22,1,AdamW,0.001,0.0001,0.5442403732316259,0.7666390766485551,54364,PASS
17,SITE_03,3,1080,380,700,9079462910289788493,17,1,AdamW,0.001,0.0001,0.8912288361125522,0.626913475665335,54364,PASS
17,SITE_04,3,1080,397,683,899686145463336786,17,1,AdamW,0.001,0.0001,0.6648366393866363,0.7021620284641666,54364,PASS
17,SITE_05,3,1080,431,649,12876116333501551545,17,1,AdamW,0.001,0.0001,0.9307149997463933,0.535367500053302,54364,PASS
17,SITE_06,3,1080,396,684,12548158154116414703,17,1,AdamW,0.001,0.0001,0.810475304391649,0.5055879924315068,54364,PASS
17,SITE_07,3,1078,401,677,1931506086691663869,17,1,AdamW,0.001,0.0001,0.5776874884714223,0.6726291827458588,54364,PASS
18,SITE_00,4,1436,527,909,15122043465356675390,23,1,AdamW,0.001,0.0001,0.5003677726954139,0.5062995470754488,54364,PASS
18,SITE_01,4,1435,520,915,16776704130896416117,23,1,AdamW,0.001,0.0001,0.4245311296775366,0.7510127846129663,54364,PASS
18,SITE_02,4,1391,505,886,8112746008110500987,22,1,AdamW,0.001,0.0001,0.52296985260537,0.8220443217238853,54364,PASS
18,SITE_03,3,1080,380,700,217325855220144561,17,1,AdamW,0.001,0.0001,0.8799142020720022,0.5120971633430725,54364,PASS
18,SITE_04,3,1080,397,683,5360665160318198129,17,1,AdamW,0.001,0.0001,0.6250796212090386,0.7821386972964011,54364,PASS
18,SITE_05,3,1080,431,649,9989909154186877619,17,1,AdamW,0.001,0.0001,0.9316676201643768,0.4851787586010679,54364,PASS
18,SITE_06,3,1080,396,684,7599770451922615472,17,1,AdamW,0.001,0.0001,0.7999887426694234,0.4956527224374414,54364,PASS
18,SITE_07,3,1078,401,677,9952386793534879346,17,1,AdamW,0.001,0.0001,0.5221864708279413,0.7633046339870887,54364,PASS
19,SITE_00,4,1436,527,909,17505812511096527161,23,1,AdamW,0.001,0.0001,0.4711900450559048,0.549771543644069,54364,PASS
19,SITE_01,4,1435,520,915,8072226587199073434,23,1,AdamW,0.001,0.0001,0.44386886079967647,0.5671202471272087,54364,PASS
19,SITE_02,4,1391,505,886,9841095154000320013,22,1,AdamW,0.001,0.0001,0.5272602736521419,0.7102958794441804,54364,PASS
19,SITE_03,3,1080,380,700,2153007079284897969,17,1,AdamW,0.001,0.0001,0.8862690682764407,0.5934080293435452,54364,PASS
19,SITE_04,3,1080,397,683,1461651403533296240,17,1,AdamW,0.001,0.0001,0.6093398721129806,0.7665986905527699,54364,PASS
19,SITE_05,3,1080,431,649,13322234953644444768,17,1,AdamW,0.001,0.0001,0.9136561393737793,0.508995133359866,54364,PASS
19,SITE_06,3,1080,396,684,1190230608187280277,17,1,AdamW,0.001,0.0001,0.7769161175798487,0.5719870587205134,54364,PASS
19,SITE_07,3,1078,401,677,10421809457507492198,17,1,AdamW,0.001,0.0001,0.5370489895786116,0.6600032144554792,54364,PASS
20,SITE_00,4,1436,527,909,5327398696995123006,23,1,AdamW,0.001,0.0001,0.470305391672926,0.5208945255783475,54364,PASS
20,SITE_01,4,1435,520,915,11546251582867131604,23,1,AdamW,0.001,0.0001,0.42336220757886506,0.578397436907038,54364,PASS
20,SITE_02,4,1391,505,886,3507977980068794010,22,1,AdamW,0.001,0.0001,0.5082701222233255,0.6870535223275054,54364,PASS
20,SITE_03,3,1080,380,700,3608412171393088845,17,1,AdamW,0.001,0.0001,0.9162844088342454,0.539672367404063,54364,PASS
20,SITE_04,3,1080,397,683,2456749912942734968,17,1,AdamW,0.001,0.0001,0.6255446676854735,0.6318469640081786,54364,PASS
20,SITE_05,3,1080,431,649,10792300635882439575,17,1,AdamW,0.001,0.0001,0.9114455819129944,0.5285716860022311,54364,PASS
20,SITE_06,3,1080,396,684,3164799759715624992,17,1,AdamW,0.001,0.0001,0.755797353055742,0.6187737398571523,54364,PASS
20,SITE_07,3,1078,401,677,9454328335817442611,17,1,AdamW,0.001,0.0001,0.5095739005226815,0.6638577664894817,54364,PASS
21,SITE_00,4,1436,527,909,9898244493352946710,23,1,AdamW,0.001,0.0001,0.46979967000424694,0.507642012094026,54364,PASS
21,SITE_01,4,1435,520,915,17892077569268394903,23,1,AdamW,0.001,0.0001,0.41341020919720056,0.6792242095613544,54364,PASS
21,SITE_02,4,1391,505,886,16862593043517746020,22,1,AdamW,0.001,0.0001,0.5006020090118918,0.6452553009975593,54364,PASS
21,SITE_03,3,1080,380,700,4892152188189990704,17,1,AdamW,0.001,0.0001,0.8961250234533239,0.7281359534306242,54364,PASS
21,SITE_04,3,1080,397,683,2062852269901122920,17,1,AdamW,0.001,0.0001,0.5660480918707671,0.8157460601943461,54364,PASS
21,SITE_05,3,1080,431,649,483880819334706505,17,1,AdamW,0.001,0.0001,0.9000325670948734,0.5630384714281709,54364,PASS
21,SITE_06,3,1080,396,684,17719428569835596120,17,1,AdamW,0.001,0.0001,0.7574190351698133,0.5140479647079889,54364,PASS
21,SITE_07,3,1078,401,677,15118646165621614168,17,1,AdamW,0.001,0.0001,0.5074647569368854,0.7190953929259186,54364,PASS
22,SITE_00,4,1436,527,909,6463079053468497029,23,1,AdamW,0.001,0.0001,0.4453300578016425,0.5412754939004075,54364,PASS
22,SITE_01,4,1435,520,915,11851762001457384502,23,1,AdamW,0.001,0.0001,0.4155621865485188,0.6091091936712759,54364,PASS
22,SITE_02,4,1391,505,886,13272257637010690130,22,1,AdamW,0.001,0.0001,0.4896968177203049,0.6655835251419394,54364,PASS
22,SITE_03,3,1080,380,700,6891389466925260559,17,1,AdamW,0.001,0.0001,0.9199382653942815,0.6688627296917252,54364,PASS
22,SITE_04,3,1080,397,683,7695433316765859475,17,1,AdamW,0.001,0.0001,0.5775405711597866,0.68437282821042,54364,PASS
22,SITE_05,3,1080,431,649,15154829178151453692,17,1,AdamW,0.001,0.0001,0.8853694355046308,0.5302736695244783,54364,PASS
22,SITE_06,3,1080,396,684,423282784691702966,17,1,AdamW,0.001,0.0001,0.7778093051027368,0.42042213012550406,54364,PASS
22,SITE_07,3,1078,401,677,13462758703558025623,17,1,AdamW,0.001,0.0001,0.4997951232435973,0.6640373782521338,54364,PASS
23,SITE_00,4,1436,527,909,9055379696511178988,23,1,AdamW,0.001,0.0001,0.4636464392906444,0.4627404002529268,54364,PASS
23,SITE_01,4,1435,520,915,2879385110560561182,23,1,AdamW,0.001,0.0001,0.4271880527821983,0.5318103288292867,54364,PASS
23,SITE_02,4,1391,505,886,9975834881154531666,22,1,AdamW,0.001,0.0001,0.5091448339474964,0.6513328161245546,54364,PASS
23,SITE_03,3,1080,380,700,17752256157608321952,17,1,AdamW,0.001,0.0001,0.8939214044147068,0.7100858049938599,54364,PASS
23,SITE_04,3,1080,397,683,6235765921326462168,17,1,AdamW,0.001,0.0001,0.5617308594562389,0.7499312995432533,54364,PASS
23,SITE_05,3,1080,431,649,10961763021159903582,17,1,AdamW,0.001,0.0001,0.9013451779330218,0.5064970224150503,54364,PASS
23,SITE_06,3,1080,396,684,10952297227389953896,17,1,AdamW,0.001,0.0001,0.7458619192794517,0.5016009797380769,54364,PASS
23,SITE_07,3,1078,401,677,15978197275870814645,17,1,AdamW,0.001,0.0001,0.532367156310515,0.5955790487295473,54364,PASS
24,SITE_00,4,1436,527,909,17443727397560127696,23,1,AdamW,0.001,0.0001,0.4410448354100783,0.4977637075917025,54364,PASS
24,SITE_01,4,1435,520,915,5393943093641334353,23,1,AdamW,0.001,0.0001,0.4038808367393573,0.6214028766040706,54364,PASS
24,SITE_02,4,1391,505,886,17904364629761378462,22,1,AdamW,0.001,0.0001,0.47359718274161766,0.5954283163950196,54364,PASS
24,SITE_03,3,1080,380,700,9687351241127631738,17,1,AdamW,0.001,0.0001,0.9070541430402685,0.6088738333450063,54364,PASS
24,SITE_04,3,1080,397,683,18002038430989405122,17,1,AdamW,0.001,0.0001,0.5596045193848787,0.6637721144826175,54364,PASS
24,SITE_05,3,1080,431,649,7190081193938768572,17,1,AdamW,0.001,0.0001,0.8857215700326142,0.5378257590930056,54364,PASS
24,SITE_06,3,1080,396,684,15379452102091302205,17,1,AdamW,0.001,0.0001,0.7594255694636592,0.5472971797364388,54364,PASS
24,SITE_07,3,1078,401,677,3295193296905880628,17,1,AdamW,0.001,0.0001,0.5367994981373838,0.579347569349569,54364,PASS
25,SITE_00,4,1436,527,909,13150370313443161620,23,1,AdamW,0.001,0.0001,0.45280856275956943,0.44659410460143745,54364,PASS
25,SITE_01,4,1435,520,915,4503305735837639404,23,1,AdamW,0.001,0.0001,0.44786138776495066,0.5048570580823409,54364,PASS
25,SITE_02,4,1391,505,886,14897757710232070035,22,1,AdamW,0.001,0.0001,0.4635137027326374,0.6374245294062,54364,PASS
25,SITE_03,3,1080,380,700,1084692751825013246,17,1,AdamW,0.001,0.0001,0.8968518707487318,0.7767498056781854,54364,PASS
25,SITE_04,3,1080,397,683,1239751017187319635,17,1,AdamW,0.001,0.0001,0.5257773017441785,0.7064255477567233,54364,PASS
25,SITE_05,3,1080,431,649,15411631242357883508,17,1,AdamW,0.001,0.0001,0.9197015086809794,0.5218909479447382,54364,PASS
25,SITE_06,3,1080,396,684,8950377877544145215,17,1,AdamW,0.001,0.0001,0.8007898352764271,0.44330161716513844,54364,PASS
25,SITE_07,3,1078,401,677,6886097012662233143,17,1,AdamW,0.001,0.0001,0.4909826055970838,0.6562491665865324,54364,PASS
26,SITE_00,4,1436,527,909,1506497153675595633,23,1,AdamW,0.001,0.0001,0.44220657484777126,0.44334047973261836,54364,PASS
26,SITE_01,4,1435,520,915,9016028623996538638,23,1,AdamW,0.001,0.0001,0.40185741240139206,0.5891556253486803,54364,PASS
26,SITE_02,4,1391,505,886,1437621915385123486,22,1,AdamW,0.001,0.0001,0.4525785833104406,0.7027557670853282,54364,PASS
26,SITE_03,3,1080,380,700,3085469682339330299,17,1,AdamW,0.001,0.0001,0.9075774612250151,0.6635378065740257,54364,PASS
26,SITE_04,3,1080,397,683,4897229501907105084,17,1,AdamW,0.001,0.0001,0.5300125011691341,0.722644761960088,54364,PASS
26,SITE_05,3,1080,431,649,7057350763677705730,17,1,AdamW,0.001,0.0001,0.9002126000545643,0.5149079678652826,54364,PASS
26,SITE_06,3,1080,396,684,1786960315721365193,17,1,AdamW,0.001,0.0001,0.7453700357013279,0.5814309753127375,54364,PASS
26,SITE_07,3,1078,401,677,16309526853796140870,17,1,AdamW,0.001,0.0001,0.5168683296674258,0.5750411905858955,54364,PASS
27,SITE_00,4,1436,527,909,3577430920823096027,23,1,AdamW,0.001,0.0001,0.436417770003874,0.4501292910397086,54364,PASS
27,SITE_01,4,1435,520,915,4717536759155538892,23,1,AdamW,0.001,0.0001,0.3906629191458433,0.6233155093176825,54364,PASS
27,SITE_02,4,1391,505,886,9221215196532221709,22,1,AdamW,0.001,0.0001,0.45754301734402575,0.6772839980683827,54364,PASS
27,SITE_03,3,1080,380,700,12813220943900382117,17,1,AdamW,0.001,0.0001,0.9168405718273587,0.7208701890363732,54364,PASS
27,SITE_04,3,1080,397,683,13905454647202634938,17,1,AdamW,0.001,0.0001,0.53556739754147,0.6979546179971925,54364,PASS
27,SITE_05,3,1080,431,649,16002713234766385750,17,1,AdamW,0.001,0.0001,0.9314199977450901,0.5163173507245614,54364,PASS
27,SITE_06,3,1080,396,684,14271130368812650839,17,1,AdamW,0.001,0.0001,0.7415323085255093,0.5114082888971042,54364,PASS
27,SITE_07,3,1078,401,677,7196775779280411114,17,1,AdamW,0.001,0.0001,0.4963868142611905,0.6218921817309071,54364,PASS
28,SITE_00,4,1436,527,909,14720462571325078035,23,1,AdamW,0.001,0.0001,0.40870638469799647,0.49151994439447855,54364,PASS
28,SITE_01,4,1435,520,915,3096516457667784404,23,1,AdamW,0.001,0.0001,0.3963854438959514,0.5353477728523092,54364,PASS
28,SITE_02,4,1391,505,886,1837616355229109822,22,1,AdamW,0.001,0.0001,0.4631913193561121,0.7245817011017123,54364,PASS
28,SITE_03,3,1080,380,700,5395904301443195393,17,1,AdamW,0.001,0.0001,0.9159165073324133,0.673886850593704,54364,PASS
28,SITE_04,3,1080,397,683,13497443006291384619,17,1,AdamW,0.001,0.0001,0.5429079133051413,0.5482642376950576,54364,PASS
28,SITE_05,3,1080,431,649,16806325753471478687,17,1,AdamW,0.001,0.0001,0.9189937428191856,0.49681363907315845,54364,PASS
28,SITE_06,3,1080,396,684,7312530934461641068,17,1,AdamW,0.001,0.0001,0.74484377834532,0.4121209944554916,54364,PASS
28,SITE_07,3,1078,401,677,16276623306262282705,17,1,AdamW,0.001,0.0001,0.46840044010105736,0.6313946222050695,54364,PASS
29,SITE_00,4,1436,527,909,13429762742092820147,23,1,AdamW,0.001,0.0001,0.4029957733031435,0.5121905254810922,54364,PASS
29,SITE_01,4,1435,520,915,8442422319966363004,23,1,AdamW,0.001,0.0001,0.3940035305164417,0.5360111348656932,54364,PASS
29,SITE_02,4,1391,505,886,8687105130094759021,22,1,AdamW,0.001,0.0001,0.461333111132074,0.6375353374835432,54364,PASS
29,SITE_03,3,1080,380,700,414184801559980794,17,1,AdamW,0.001,0.0001,0.9024893584074798,0.6816016312930662,54364,PASS
29,SITE_04,3,1080,397,683,17767146371047441503,17,1,AdamW,0.001,0.0001,0.5033125133426101,0.6384973363682164,54364,PASS
29,SITE_05,3,1080,431,649,14206609268485853773,17,1,AdamW,0.001,0.0001,0.9083102535318446,0.5059467187750488,54364,PASS
29,SITE_06,3,1080,396,684,4732521134443482915,17,1,AdamW,0.001,0.0001,0.7945695616580822,0.4462633492841106,54364,PASS
29,SITE_07,3,1078,401,677,9633748728659861999,17,1,AdamW,0.001,0.0001,0.4820350696624763,0.5893475617015673,54364,PASS
30,SITE_00,4,1436,527,909,11461886392569811330,23,1,AdamW,0.001,0.0001,0.39746114005617444,0.49545587570584176,54364,PASS
30,SITE_01,4,1435,520,915,16664046871676470178,23,1,AdamW,0.001,0.0001,0.40750444408908537,0.4794841578522075,54364,PASS
30,SITE_02,4,1391,505,886,11612925642551408010,22,1,AdamW,0.001,0.0001,0.4522679400778262,0.6139015938821135,54364,PASS
30,SITE_03,3,1080,380,700,6572463677447886343,17,1,AdamW,0.001,0.0001,0.9134272809381838,0.653717801029085,54364,PASS
30,SITE_04,3,1080,397,683,704597413364052832,17,1,AdamW,0.001,0.0001,0.48426431858981095,0.6662724347396185,54364,PASS
30,SITE_05,3,1080,431,649,16002735815718959840,17,1,AdamW,0.001,0.0001,0.8982786571538007,0.5057683380981287,54364,PASS
30,SITE_06,3,1080,396,684,13660861780134889271,17,1,AdamW,0.001,0.0001,0.740747720223886,0.468773703319923,54364,PASS
30,SITE_07,3,1078,401,677,10298918970478813638,17,1,AdamW,0.001,0.0001,0.5081470972531802,0.5516803815368808,54364,PASS
31,SITE_00,4,1436,527,909,17361542959021894525,23,1,AdamW,0.001,0.0001,0.41496352423864485,0.4871389702592813,54364,PASS
31,SITE_01,4,1435,520,915,12898695205409701487,23,1,AdamW,0.001,0.0001,0.37117679719310187,0.5455252516017518,54364,PASS
31,SITE_02,4,1391,505,886,12467063315065558024,22,1,AdamW,0.001,0.0001,0.44485990046426427,0.6638418622766431,54364,PASS
31,SITE_03,3,1080,380,700,17956465382635947230,17,1,AdamW,0.001,0.0001,0.9178306822423582,0.7334734836156859,54364,PASS
31,SITE_04,3,1080,397,683,5438847492853866940,17,1,AdamW,0.001,0.0001,0.49123005160578975,0.6828493536736143,54364,PASS
31,SITE_05,3,1080,431,649,8619303989678374391,17,1,AdamW,0.001,0.0001,0.8963429314118845,0.4846623739895754,54364,PASS
31,SITE_06,3,1080,396,684,13709435997005598935,17,1,AdamW,0.001,0.0001,0.7446398183151528,0.44782921602336423,54364,PASS
31,SITE_07,3,1078,401,677,6053549089064707615,17,1,AdamW,0.001,0.0001,0.5019318900988584,0.5930876305579368,54364,PASS
32,SITE_00,4,1436,527,909,9400745961196144214,23,1,AdamW,0.001,0.0001,0.39403848661353663,0.4284129875830727,54364,PASS
32,SITE_01,4,1435,520,915,7208449818572627925,23,1,AdamW,0.001,0.0001,0.38633427258567943,0.5272281993787142,54364,PASS
32,SITE_02,4,1391,505,886,13139934792469588546,22,1,AdamW,0.001,0.0001,0.45054684053386057,0.587972231283509,54364,PASS
32,SITE_03,3,1080,380,700,9504774452479614230,17,1,AdamW,0.001,0.0001,0.917859548551065,0.7043314245187132,54364,PASS
32,SITE_04,3,1080,397,683,11536126271800757350,17,1,AdamW,0.001,0.0001,0.47241074089650753,0.7150427268005536,54364,PASS
32,SITE_05,3,1080,431,649,9559346082119504906,17,1,AdamW,0.001,0.0001,0.9446189977504589,0.4984688172587189,54364,PASS
32,SITE_06,3,1080,396,684,11205142430147438928,17,1,AdamW,0.001,0.0001,0.7939158898812754,0.46021994149972534,54364,PASS
32,SITE_07,3,1078,401,677,401447121423280153,17,1,AdamW,0.001,0.0001,0.47557876769156093,0.5301944826246732,54364,PASS
33,SITE_00,4,1436,527,909,14082153846989944440,23,1,AdamW,0.001,0.0001,0.41483972207085335,0.43813001999874773,54364,PASS
33,SITE_01,4,1435,520,915,13565155369134938369,23,1,AdamW,0.001,0.0001,0.37917752174550234,0.47108236286321997,54364,PASS
33,SITE_02,4,1391,505,886,15874657838935250093,22,1,AdamW,0.001,0.0001,0.4412316036987099,0.6545258755961446,54364,PASS
33,SITE_03,3,1080,380,700,15105528166924910926,17,1,AdamW,0.001,0.0001,0.9021077222294278,0.8361867718124684,54364,PASS
33,SITE_04,3,1080,397,683,2628290068458660137,17,1,AdamW,0.001,0.0001,0.49160960846477086,0.5254969383102062,54364,PASS
33,SITE_05,3,1080,431,649,8318783786857373493,17,1,AdamW,0.001,0.0001,0.8847951359219022,0.48631695974757705,54364,PASS
33,SITE_06,3,1080,396,684,16852317936419211346,17,1,AdamW,0.001,0.0001,0.763089735419662,0.5543046377642948,54364,PASS
33,SITE_07,3,1078,401,677,3459695157460635548,17,1,AdamW,0.001,0.0001,0.46993136604995583,0.6012364983466587,54364,PASS
34,SITE_00,4,1436,527,909,13982065740349275994,23,1,AdamW,0.001,0.0001,0.41940616714589113,0.42335942531869697,54364,PASS
34,SITE_01,4,1435,520,915,1840715465499367934,23,1,AdamW,0.001,0.0001,0.36796848977484353,0.5398777055927774,54364,PASS
34,SITE_02,4,1391,505,886,9924299675269728740,22,1,AdamW,0.001,0.0001,0.42600235111588286,0.714357511933136,54364,PASS
34,SITE_03,3,1080,380,700,9720011962325733217,17,1,AdamW,0.001,0.0001,0.9217919124497308,0.7742080245040266,54364,PASS
34,SITE_04,3,1080,397,683,9955242092147505182,17,1,AdamW,0.001,0.0001,0.4933180667735912,0.5405567176376711,54364,PASS
34,SITE_05,3,1080,431,649,15995268902409538016,17,1,AdamW,0.001,0.0001,0.8652619975584525,0.4973730718560029,54364,PASS
34,SITE_06,3,1080,396,684,1667728942028535914,17,1,AdamW,0.001,0.0001,0.7406232365855464,0.48295488232737716,54364,PASS
34,SITE_07,3,1078,401,677,3820642743523266702,17,1,AdamW,0.001,0.0001,0.4841133209570883,0.5179633209323216,54364,PASS
35,SITE_00,4,1436,527,909,5121555966818820391,23,1,AdamW,0.001,0.0001,0.4102205213231961,0.3913718643143581,54364,PASS
35,SITE_01,4,1435,520,915,14495894340405340952,23,1,AdamW,0.001,0.0001,0.35940036094562516,0.5644218875055812,54364,PASS
35,SITE_02,4,1391,505,886,3268760459678132694,22,1,AdamW,0.001,0.0001,0.4411609132113344,0.5924740638285712,54364,PASS
35,SITE_03,3,1080,380,700,4950891861160567134,17,1,AdamW,0.001,0.0001,0.8921386555389121,0.7690567972160709,54364,PASS
35,SITE_04,3,1080,397,683,2879576068433564911,17,1,AdamW,0.001,0.0001,0.4724518530898624,0.5317399443295456,54364,PASS
35,SITE_05,3,1080,431,649,6329064881305570792,17,1,AdamW,0.001,0.0001,0.9350452599702058,0.5085346765419773,54364,PASS
35,SITE_06,3,1080,396,684,6654286721959054491,17,1,AdamW,0.001,0.0001,0.7509553560504207,0.5055316906206403,54364,PASS
35,SITE_07,3,1078,401,677,3580405248348875896,17,1,AdamW,0.001,0.0001,0.4604126395232602,0.6031411032845295,54364,PASS
36,SITE_00,4,1436,527,909,17678215256940037109,23,1,AdamW,0.001,0.0001,0.41266391685746173,0.4096061589186964,54364,PASS
36,SITE_01,4,1435,520,915,3431010807017929232,23,1,AdamW,0.001,0.0001,0.39116867560542834,0.4802162801414083,54364,PASS
36,SITE_02,4,1391,505,886,903566507923568034,22,1,AdamW,0.001,0.0001,0.4243717720446871,0.5326414699036688,54364,PASS
36,SITE_03,3,1080,380,700,2464811775602070921,17,1,AdamW,0.001,0.0001,0.9213032837267275,0.8451882526949148,54364,PASS
36,SITE_04,3,1080,397,683,946823168838352303,17,1,AdamW,0.001,0.0001,0.45507743336536266,0.6031590672049959,54364,PASS
36,SITE_05,3,1080,431,649,16330226654749199839,17,1,AdamW,0.001,0.0001,0.8758012299184446,0.5099024686833319,54364,PASS
36,SITE_06,3,1080,396,684,2311211052219822686,17,1,AdamW,0.001,0.0001,0.7496671932714957,0.5048215680047962,54364,PASS
36,SITE_07,3,1078,401,677,10911088969477809597,17,1,AdamW,0.001,0.0001,0.4694634243597126,0.5985183889216089,54364,PASS
37,SITE_00,4,1436,527,909,11412875728166063186,23,1,AdamW,0.001,0.0001,0.3916584196861076,0.44165587318631855,54364,PASS
37,SITE_01,4,1435,520,915,8661098346503420988,23,1,AdamW,0.001,0.0001,0.3570853866766554,0.5771516539970355,54364,PASS
37,SITE_02,4,1391,505,886,3810217949547892742,22,1,AdamW,0.001,0.0001,0.43193832099823365,0.6731309013095681,54364,PASS
37,SITE_03,3,1080,380,700,9671975486150948981,17,1,AdamW,0.001,0.0001,0.8954897805496499,0.8533572021295375,54364,PASS
37,SITE_04,3,1080,397,683,523312855467302806,17,1,AdamW,0.001,0.0001,0.4516899353928036,0.5529778618799763,54364,PASS
37,SITE_05,3,1080,431,649,3911198604224433571,17,1,AdamW,0.001,0.0001,0.9052698740252743,0.5225336201300812,54364,PASS
37,SITE_06,3,1080,396,684,15383726982947054742,17,1,AdamW,0.001,0.0001,0.7679068304874279,0.5103344131981581,54364,PASS
37,SITE_07,3,1078,401,677,8060712637622454150,17,1,AdamW,0.001,0.0001,0.4270592715059008,0.577841847373867,54364,PASS
38,SITE_00,4,1436,527,909,10700328833615408747,23,1,AdamW,0.001,0.0001,0.3950986899539289,0.4813165435947938,54364,PASS
38,SITE_01,4,1435,520,915,4856007373126107328,23,1,AdamW,0.001,0.0001,0.40208330559398237,0.4499965828034828,54364,PASS
38,SITE_02,4,1391,505,886,9347642523757951726,22,1,AdamW,0.001,0.0001,0.43323001102695013,0.6564218674647307,54364,PASS
38,SITE_03,3,1080,380,700,15662915363366742486,17,1,AdamW,0.001,0.0001,0.8933733820915222,0.8814758846138175,54364,PASS
38,SITE_04,3,1080,397,683,3051403438939871367,17,1,AdamW,0.001,0.0001,0.4361219975683424,0.5810724755394839,54364,PASS
38,SITE_05,3,1080,431,649,15423627680738986575,17,1,AdamW,0.001,0.0001,0.8544011738565233,0.4983280483100378,54364,PASS
38,SITE_06,3,1080,396,684,11243090388445161404,17,1,AdamW,0.001,0.0001,0.7479086306360033,0.612989425482589,54364,PASS
38,SITE_07,3,1078,401,677,5636322632764007621,17,1,AdamW,0.001,0.0001,0.4757343308934475,0.5356757955956726,54364,PASS
39,SITE_00,4,1436,527,909,8555453047064252680,23,1,AdamW,0.001,0.0001,0.39811960867188434,0.3958287393664087,54364,PASS
39,SITE_01,4,1435,520,915,8946827726398555596,23,1,AdamW,0.001,0.0001,0.3523250507560757,0.5578045599607596,54364,PASS
39,SITE_02,4,1391,505,886,4638252435430626224,22,1,AdamW,0.001,0.0001,0.40212831186099846,0.6728896294981284,54364,PASS
39,SITE_03,3,1080,380,700,2011303443394780678,17,1,AdamW,0.001,0.0001,0.9032953019495363,0.8702209611446001,54364,PASS
39,SITE_04,3,1080,397,683,18037360993312366098,17,1,AdamW,0.001,0.0001,0.43516245086987815,0.6023605517805852,54364,PASS
39,SITE_05,3,1080,431,649,16813280631443256959,17,1,AdamW,0.001,0.0001,0.9096548212899103,0.47102514582768057,54364,PASS
39,SITE_06,3,1080,396,684,5079730983005716974,17,1,AdamW,0.001,0.0001,0.7491662246209604,0.45814716229786917,54364,PASS
39,SITE_07,3,1078,401,677,11439840569746048818,17,1,AdamW,0.001,0.0001,0.449614686348885,0.5498653081797433,54364,PASS
40,SITE_00,4,1436,527,909,10920107327098482053,23,1,AdamW,0.001,0.0001,0.3825003986239101,0.4619493736673321,54364,PASS
40,SITE_01,4,1435,520,915,11829523059751925609,23,1,AdamW,0.001,0.0001,0.3543701601983778,0.5459936768244862,54364,PASS
40,SITE_02,4,1391,505,886,12055902194271150292,22,1,AdamW,0.001,0.0001,0.4131631908615573,0.619147271168889,54364,PASS
40,SITE_03,3,1080,380,700,7358754160267084009,17,1,AdamW,0.001,0.0001,0.8947211097787928,0.8111215932233514,54364,PASS
40,SITE_04,3,1080,397,683,3705475876316467414,17,1,AdamW,0.001,0.0001,0.426813605538121,0.5731397454685458,54364,PASS
40,SITE_05,3,1080,431,649,6124215373316923907,17,1,AdamW,0.001,0.0001,0.845823691950904,0.5434193488979782,54364,PASS
40,SITE_06,3,1080,396,684,6618019471010674599,17,1,AdamW,0.001,0.0001,0.7227041822892648,0.5126416985025922,54364,PASS
40,SITE_07,3,1078,401,677,5969998818820951900,17,1,AdamW,0.001,0.0001,0.40502570688392764,0.6167081194203285,54364,PASS
41,SITE_00,4,1436,527,909,9417294750144997477,23,1,AdamW,0.001,0.0001,0.3715419570051528,0.47045756150104884,54364,PASS
41,SITE_01,4,1435,520,915,5867818602767019595,23,1,AdamW,0.001,0.0001,0.32029972988138633,0.6933579864425774,54364,PASS
41,SITE_02,4,1391,505,886,14248927490222076503,22,1,AdamW,0.001,0.0001,0.42063848585383146,0.6152098057149978,54364,PASS
41,SITE_03,3,1080,380,700,6185863654452229506,17,1,AdamW,0.001,0.0001,0.9296943496774744,0.8158163989828714,54364,PASS
41,SITE_04,3,1080,397,683,7266931610432426519,17,1,AdamW,0.001,0.0001,0.4385876430405511,0.5276025118127513,54364,PASS
41,SITE_05,3,1080,431,649,17302503187502534861,17,1,AdamW,0.001,0.0001,0.8484508094964204,0.50365421528049,54364,PASS
41,SITE_06,3,1080,396,684,14814341336187019903,17,1,AdamW,0.001,0.0001,0.7986605004028038,0.4285064527233505,54364,PASS
41,SITE_07,3,1078,401,677,7271423284954734024,17,1,AdamW,0.001,0.0001,0.4366244254063587,0.54127370937724,54364,PASS
42,SITE_00,4,1436,527,909,12439150576204822889,23,1,AdamW,0.001,0.0001,0.38999797947559517,0.380697353071536,54364,PASS
42,SITE_01,4,1435,520,915,1881744370221031955,23,1,AdamW,0.001,0.0001,0.3680042552615707,0.5407299619555553,54364,PASS
42,SITE_02,4,1391,505,886,7789329342029434833,22,1,AdamW,0.001,0.0001,0.4164346400608183,0.7486205722076659,54364,PASS
42,SITE_03,3,1080,380,700,5409339770027962878,17,1,AdamW,0.001,0.0001,0.8933670617915966,0.6964610621160436,54364,PASS
42,SITE_04,3,1080,397,683,12080038623690089627,17,1,AdamW,0.001,0.0001,0.4221293244096968,0.5795892070735756,54364,PASS
42,SITE_05,3,1080,431,649,5673086738419695511,17,1,AdamW,0.001,0.0001,0.8976741609749971,0.49264248425672275,54364,PASS
42,SITE_06,3,1080,396,684,13954825261856382098,17,1,AdamW,0.001,0.0001,0.7786247593385202,0.45294370384786264,54364,PASS
42,SITE_07,3,1078,401,677,11430726893758122666,17,1,AdamW,0.001,0.0001,0.41166185962247054,0.5915067059661173,54364,PASS
43,SITE_00,4,1436,527,909,9609533826123668638,23,1,AdamW,0.001,0.0001,0.3679516606842243,0.41708090469882403,54364,PASS
43,SITE_01,4,1435,520,915,14199258372018995852,23,1,AdamW,0.001,0.0001,0.33465755405326336,0.5634763646131542,54364,PASS
43,SITE_02,4,1391,505,886,16869798356278597095,22,1,AdamW,0.001,0.0001,0.41983356604809213,0.5869490619975999,54364,PASS
43,SITE_03,3,1080,380,700,8917202334624209076,17,1,AdamW,0.001,0.0001,0.9085789128586098,0.8031718805578935,54364,PASS
43,SITE_04,3,1080,397,683,15577635711567214039,17,1,AdamW,0.001,0.0001,0.43224304296352245,0.5161313934152292,54364,PASS
43,SITE_05,3,1080,431,649,4341939133260413665,17,1,AdamW,0.001,0.0001,0.9084379386018824,0.5044638409229226,54364,PASS
43,SITE_06,3,1080,396,684,11407758817099815124,17,1,AdamW,0.001,0.0001,0.7456756989161174,0.45419823688704414,54364,PASS
43,SITE_07,3,1078,401,677,17130123662216567898,17,1,AdamW,0.001,0.0001,0.4398118453255832,0.5259243332967867,54364,PASS
44,SITE_00,4,1436,527,909,11607350732857345207,23,1,AdamW,0.001,0.0001,0.3606893189023132,0.4697357286324429,54364,PASS
44,SITE_01,4,1435,520,915,11619703594489192556,23,1,AdamW,0.001,0.0001,0.35080422776709036,0.5620124188671135,54364,PASS
44,SITE_02,4,1391,505,886,7032538443886902797,22,1,AdamW,0.001,0.0001,0.40305333826115114,0.5673571745383655,54364,PASS
44,SITE_03,3,1080,380,700,3576085045531790301,17,1,AdamW,0.001,0.0001,0.9316465192370944,0.8762094441772865,54364,PASS
44,SITE_04,3,1080,397,683,74881427789543705,17,1,AdamW,0.001,0.0001,0.38826753739957454,0.6208500964332385,54364,PASS
44,SITE_05,3,1080,431,649,768974410183826166,17,1,AdamW,0.001,0.0001,0.9155915759227894,0.4844779890776442,54364,PASS
44,SITE_06,3,1080,396,684,4215828942762688693,17,1,AdamW,0.001,0.0001,0.710352850843359,0.5248666963825637,54364,PASS
44,SITE_07,3,1078,401,677,5623745936186873041,17,1,AdamW,0.001,0.0001,0.42511745756543856,0.655139403476021,54364,PASS
45,SITE_00,4,1436,527,909,9529956717567997330,23,1,AdamW,0.001,0.0001,0.3568790461193552,0.4138083459152724,54364,PASS
45,SITE_01,4,1435,520,915,12992048122748554758,23,1,AdamW,0.001,0.0001,0.34793617111672925,0.49359215525796934,54364,PASS
45,SITE_02,4,1391,505,886,265196583441816556,22,1,AdamW,0.001,0.0001,0.40371848532486787,0.6969283564123518,54364,PASS
45,SITE_03,3,1080,380,700,11684126394365111471,17,1,AdamW,0.001,0.0001,0.8964966513492443,0.7997773951539677,54364,PASS
45,SITE_04,3,1080,397,683,12704461289925768528,17,1,AdamW,0.001,0.0001,0.4119011402130127,0.5043081791568157,54364,PASS
45,SITE_05,3,1080,431,649,11567509091707780047,17,1,AdamW,0.001,0.0001,0.9030649706169411,0.5026820197606233,54364,PASS
45,SITE_06,3,1080,396,684,10260839498861870626,17,1,AdamW,0.001,0.0001,0.7332091945189017,0.4739840646601619,54364,PASS
45,SITE_07,3,1078,401,677,8762294015968844394,17,1,AdamW,0.001,0.0001,0.4336238064991521,0.4936272551733945,54364,PASS
46,SITE_00,4,1436,527,909,16413649752572440935,23,1,AdamW,0.001,0.0001,0.36633981419805034,0.39447872757163244,54364,PASS
46,SITE_01,4,1435,520,915,4321570254432408122,23,1,AdamW,0.001,0.0001,0.35142325667554075,0.44182072808999906,54364,PASS
46,SITE_02,4,1391,505,886,8730827993393855677,22,1,AdamW,0.001,0.0001,0.3916646380119406,0.6472483998751051,54364,PASS
46,SITE_03,3,1080,380,700,6000291528561788664,17,1,AdamW,0.001,0.0001,0.9235201566307633,0.8213269472920521,54364,PASS
46,SITE_04,3,1080,397,683,15048759826119939666,17,1,AdamW,0.001,0.0001,0.41063548922538756,0.5148926097888165,54364,PASS
46,SITE_05,3,1080,431,649,16983641300314629755,17,1,AdamW,0.001,0.0001,0.8687212392135902,0.47322862678308375,54364,PASS
46,SITE_06,3,1080,396,684,16249458122028755477,17,1,AdamW,0.001,0.0001,0.7336977477426883,0.5473084314308607,54364,PASS
46,SITE_07,3,1078,401,677,8040500212671014113,17,1,AdamW,0.001,0.0001,0.39313871354030544,0.5942343402367042,54364,PASS
47,SITE_00,4,1436,527,909,6729874373813806013,23,1,AdamW,0.001,0.0001,0.354947859696359,0.4748273908959813,54364,PASS
47,SITE_01,4,1435,520,915,4056530553038129103,23,1,AdamW,0.001,0.0001,0.3179815703360461,0.6267265433366367,54364,PASS
47,SITE_02,4,1391,505,886,6356100794988423091,22,1,AdamW,0.001,0.0001,0.3898118892048521,0.5688753298769289,54364,PASS
47,SITE_03,3,1080,380,700,2047335214942810257,17,1,AdamW,0.001,0.0001,0.9264125678274366,0.8548449702293361,54364,PASS
47,SITE_04,3,1080,397,683,15872195324059364600,17,1,AdamW,0.001,0.0001,0.4293976640259778,0.4471558260646417,54364,PASS
47,SITE_05,3,1080,431,649,12911144724359044918,17,1,AdamW,0.001,0.0001,0.879760660065545,0.4898856962541863,54364,PASS
47,SITE_06,3,1080,396,684,6949017726758138682,17,1,AdamW,0.001,0.0001,0.7097357763184442,0.4394031163990813,54364,PASS
47,SITE_07,3,1078,401,677,13785034071388031113,17,1,AdamW,0.001,0.0001,0.4536578263223503,0.5120134547270287,54364,PASS
48,SITE_00,4,1436,527,909,15761430296156595258,23,1,AdamW,0.001,0.0001,0.3694794326605571,0.3639691652928578,54364,PASS
48,SITE_01,4,1435,520,915,7990091039580601972,23,1,AdamW,0.001,0.0001,0.3410521158773309,0.438657837773466,54364,PASS
48,SITE_02,4,1391,505,886,8266044612840249559,22,1,AdamW,0.001,0.0001,0.39063406284124536,0.6269721047005218,54364,PASS
48,SITE_03,3,1080,380,700,3623633245936470508,17,1,AdamW,0.001,0.0001,0.8908200140352602,0.8705108304540783,54364,PASS
48,SITE_04,3,1080,397,683,2355070596642641247,17,1,AdamW,0.001,0.0001,0.3793224041108732,0.5429666148827749,54364,PASS
48,SITE_05,3,1080,431,649,18058367512569056487,17,1,AdamW,0.001,0.0001,0.8475477404064602,0.46934040192553417,54364,PASS
48,SITE_06,3,1080,396,684,1575078896278054831,17,1,AdamW,0.001,0.0001,0.7273034391579805,0.4438235276641298,54364,PASS
48,SITE_07,3,1078,401,677,4730118874133061163,17,1,AdamW,0.001,0.0001,0.3964066392636697,0.5370821001222948,54364,PASS
49,SITE_00,4,1436,527,909,4419478603855039469,23,1,AdamW,0.001,0.0001,0.349830858388651,0.481255952976284,54364,PASS
49,SITE_01,4,1435,520,915,12737678308489214689,23,1,AdamW,0.001,0.0001,0.3169181303695519,0.5450741807831264,54364,PASS
49,SITE_02,4,1391,505,886,4093700097113963298,22,1,AdamW,0.001,0.0001,0.369534810805475,0.511926833268986,54364,PASS
49,SITE_03,3,1080,380,700,1447285566889690121,17,1,AdamW,0.001,0.0001,0.8949539948392797,0.8819223041919688,54364,PASS
49,SITE_04,3,1080,397,683,13278238569970512135,17,1,AdamW,0.001,0.0001,0.3911400541111275,0.46279515109219393,54364,PASS
49,SITE_05,3,1080,431,649,13539416686566041617,17,1,AdamW,0.001,0.0001,0.8638458397653368,0.4954095027864809,54364,PASS
49,SITE_06,3,1080,396,684,12279544967709541940,17,1,AdamW,0.001,0.0001,0.7155504513669897,0.4856473489632795,54364,PASS
49,SITE_07,3,1078,401,677,2748669602038784055,17,1,AdamW,0.001,0.0001,0.3877673894443406,0.592136665580659,54364,PASS
50,SITE_00,4,1436,527,909,16146643169508587130,23,1,AdamW,0.001,0.0001,0.3697377163553636,0.3984899009609605,54364,PASS
50,SITE_01,4,1435,520,915,16691226912821303647,23,1,AdamW,0.001,0.0001,0.32811534047542135,0.48234243434731855,54364,PASS
50,SITE_02,4,1391,505,886,3195464765465321104,22,1,AdamW,0.001,0.0001,0.38926676948408184,0.6250370453541899,54364,PASS
50,SITE_03,3,1080,380,700,16489587173565227246,17,1,AdamW,0.001,0.0001,0.9216933696358293,0.7951422876920018,54364,PASS
50,SITE_04,3,1080,397,683,17830381588922588093,17,1,AdamW,0.001,0.0001,0.393557361540971,0.461197011235026,54364,PASS
50,SITE_05,3,1080,431,649,9236079164747644698,17,1,AdamW,0.001,0.0001,0.862925120194753,0.4800504230276025,54364,PASS
50,SITE_06,3,1080,396,684,7106091724226776372,17,1,AdamW,0.001,0.0001,0.6955114686930621,0.5196560722858975,54364,PASS
50,SITE_07,3,1078,401,677,17128102140574034431,17,1,AdamW,0.001,0.0001,0.4117342681522051,0.4907127933100229,54364,PASS
