round,site_id,num_examples,positive_examples,negative_examples,shuffle_seed,batch_count,local_epoch,optimizer,learning_rate,weight_decay,mu,local_training_loss,update_norm,update_bytes,status
1,SITE_00,1436,527,909,6318989447729917868,23,1,AdamW,0.001,0.0001,0.01,0.860518902955281,5.474343629416645,54364,PASS
1,SITE_01,1435,520,915,13393840417827012632,23,1,AdamW,0.001,0.0001,0.01,0.8458093073725285,5.503852844390657,54364,PASS
1,SITE_02,1391,505,886,11937998158273540864,22,1,AdamW,0.001,0.0001,0.01,0.8524523186306573,5.361710848934431,54364,PASS
1,SITE_03,1080,380,700,57946208380279837,17,1,AdamW,0.001,0.0001,0.01,0.8654653725800691,4.870385514340058,54364,PASS
1,SITE_04,1080,397,683,1967720219951878585,17,1,AdamW,0.001,0.0001,0.01,0.863304152753618,5.070138730981721,54364,PASS
1,SITE_05,1080,431,649,16905001464834379288,17,1,AdamW,0.001,0.0001,0.01,0.8888580163319906,5.006888431958237,54364,PASS
1,SITE_06,1080,396,684,4893192773912734358,17,1,AdamW,0.001,0.0001,0.01,0.8671431603255095,5.1307067307195915,54364,PASS
1,SITE_07,1078,401,677,447930346939579497,17,1,AdamW,0.001,0.0001,0.01,0.8625626371610142,5.14988436390844,54364,PASS
2,SITE_00,1436,527,909,16398420684269981525,23,1,AdamW,0.001,0.0001,0.01,0.8333968407264327,1.4366309675426008,54364,PASS
2,SITE_01,1435,520,915,545876498622123720,23,1,AdamW,0.001,0.0001,0.01,0.795035840243828,1.504541022326215,54364,PASS
2,SITE_02,1391,505,886,17311162785635633510,22,1,AdamW,0.001,0.0001,0.01,0.8260276122627971,1.3515233206243984,54364,PASS
2,SITE_03,1080,380,700,3727250598908267269,17,1,AdamW,0.001,0.0001,0.01,0.8631176326009963,0.8595134188724636,54364,PASS
2,SITE_04,1080,397,683,2456014136889058375,17,1,AdamW,0.001,0.0001,0.01,0.8490134795506795,1.1260839969485505,54364,PASS
2,SITE_05,1080,431,649,9154742054295074422,17,1,AdamW,0.001,0.0001,0.01,0.889579345120324,0.9164220943066798,54364,PASS
2,SITE_06,1080,396,684,9649974785001011955,17,1,AdamW,0.001,0.0001,0.01,0.8641137414508395,1.0441357424565672,54364,PASS
2,SITE_07,1078,401,677,2062718857378032297,17,1,AdamW,0.001,0.0001,0.01,0.8700537118708269,1.1894592429258486,54364,PASS
3,SITE_00,1436,527,909,11449671262029500263,23,1,AdamW,0.001,0.0001,0.01,0.806762509193261,1.1140929230122483,54364,PASS
3,SITE_01,1435,520,915,8816136853128606188,23,1,AdamW,0.001,0.0001,0.01,0.7492110375743295,1.253029555077471,54364,PASS
3,SITE_02,1391,505,886,3117252808137837552,22,1,AdamW,0.001,0.0001,0.01,0.7960955431185379,1.0661281574712511,54364,PASS
3,SITE_03,1080,380,700,18143008542525102161,17,1,AdamW,0.001,0.0001,0.01,0.8581441102204499,0.5725125314706185,54364,PASS
3,SITE_04,1080,397,683,16675866390953667389,17,1,AdamW,0.001,0.0001,0.01,0.8291177392005921,0.9943086200280242,54364,PASS
3,SITE_05,1080,431,649,7211059788264785496,17,1,AdamW,0.001,0.0001,0.01,0.8942182620366415,0.6599822476897108,54364,PASS
3,SITE_06,1080,396,684,15635547002125451522,17,1,AdamW,0.001,0.0001,0.01,0.8584889063128719,0.6483315584239904,54364,PASS
3,SITE_07,1078,401,677,7579833796776923614,17,1,AdamW,0.001,0.0001,0.01,0.863416766965544,0.9856045229795755,54364,PASS
4,SITE_00,1436,527,909,7521149298674165310,23,1,AdamW,0.001,0.0001,0.01,0.7825595167021897,0.9636033556927138,54364,PASS
4,SITE_01,1435,520,915,6317203896503146477,23,1,AdamW,0.001,0.0001,0.01,0.7205497964333989,0.9974993925172638,54364,PASS
4,SITE_02,1391,505,886,9654086024013370102,22,1,AdamW,0.001,0.0001,0.01,0.7690122055544603,1.0401064717981485,54364,PASS
4,SITE_03,1080,380,700,9509225052341985238,17,1,AdamW,0.001,0.0001,0.01,0.8541793681957104,0.520753174113195,54364,PASS
4,SITE_04,1080,397,683,7574123044938873699,17,1,AdamW,0.001,0.0001,0.01,0.8097499088004784,0.9102696321289205,54364,PASS
4,SITE_05,1080,431,649,4717412356304868482,17,1,AdamW,0.001,0.0001,0.01,0.8918824787493105,0.6568859259113647,54364,PASS
4,SITE_06,1080,396,684,5205091023972864492,17,1,AdamW,0.001,0.0001,0.01,0.8487734436988831,0.7102807671717366,54364,PASS
4,SITE_07,1078,401,677,11925319357052656354,17,1,AdamW,0.001,0.0001,0.01,0.8768416083588892,0.9842592445811282,54364,PASS
5,SITE_00,1436,527,909,10820946557649408484,23,1,AdamW,0.001,0.0001,0.01,0.7612279115613124,0.8659700505179002,54364,PASS
5,SITE_01,1435,520,915,9012356770809132090,23,1,AdamW,0.001,0.0001,0.01,0.6735280524562876,1.1184264348710127,54364,PASS
5,SITE_02,1391,505,886,3889526444865382695,22,1,AdamW,0.001,0.0001,0.01,0.7486844053378129,1.003165462458083,54364,PASS
5,SITE_03,1080,380,700,510578641935715364,17,1,AdamW,0.001,0.0001,0.01,0.8527754191999082,0.4555180908028474,54364,PASS
5,SITE_04,1080,397,683,16098516054225421079,17,1,AdamW,0.001,0.0001,0.01,0.7996218425256235,0.8456996628737086,54364,PASS
5,SITE_05,1080,431,649,17740787680298057160,17,1,AdamW,0.001,0.0001,0.01,0.8922890755865309,0.6163749936903481,54364,PASS
5,SITE_06,1080,396,684,17311715226063287165,17,1,AdamW,0.001,0.0001,0.01,0.8437372273868985,0.6468985196798798,54364,PASS
5,SITE_07,1078,401,677,14944096623270117760,17,1,AdamW,0.001,0.0001,0.01,0.8642753228849295,0.9446802668995561,54364,PASS
6,SITE_00,1436,527,909,7552771188911064928,23,1,AdamW,0.001,0.0001,0.01,0.7303252786314919,0.8714748756731874,54364,PASS
6,SITE_01,1435,520,915,3721345245018670238,23,1,AdamW,0.001,0.0001,0.01,0.6690927454403468,0.8268738943275039,54364,PASS
6,SITE_02,1391,505,886,11560607743778574600,22,1,AdamW,0.001,0.0001,0.01,0.740329677385019,0.8325569328431306,54364,PASS
6,SITE_03,1080,380,700,18032380602217475574,17,1,AdamW,0.001,0.0001,0.01,0.861047136342084,0.48474729687514756,54364,PASS
6,SITE_04,1080,397,683,16229635822064051965,17,1,AdamW,0.001,0.0001,0.01,0.7801213710396379,0.9601610588239854,54364,PASS
6,SITE_05,1080,431,649,12842398297901483294,17,1,AdamW,0.001,0.0001,0.01,0.88906239050406,0.6250520386819386,54364,PASS
6,SITE_06,1080,396,684,15520034327140305190,17,1,AdamW,0.001,0.0001,0.01,0.8362291737839028,0.695551308828474,54364,PASS
6,SITE_07,1078,401,677,15347525093375023627,17,1,AdamW,0.001,0.0001,0.01,0.8383128672893503,0.9819358722001488,54364,PASS
7,SITE_00,1436,527,909,13383851365544444876,23,1,AdamW,0.001,0.0001,0.01,0.681171068408031,1.0061229678715176,54364,PASS
7,SITE_01,1435,520,915,14495830777817079980,23,1,AdamW,0.001,0.0001,0.01,0.6158301331855695,0.9896274458953322,54364,PASS
7,SITE_02,1391,505,886,11304041564215844772,22,1,AdamW,0.001,0.0001,0.01,0.7293227389508404,0.8287951875310023,54364,PASS
7,SITE_03,1080,380,700,359800717418829239,17,1,AdamW,0.001,0.0001,0.01,0.8672158029344347,0.4557614155410873,54364,PASS
7,SITE_04,1080,397,683,16139255049953393424,17,1,AdamW,0.001,0.0001,0.01,0.7573290074313128,0.9763661742076739,54364,PASS
7,SITE_05,1080,431,649,17322458363540252775,17,1,AdamW,0.001,0.0001,0.01,0.9023088384557654,0.5801695151598598,54364,PASS
7,SITE_06,1080,396,684,3205340903658498944,17,1,AdamW,0.001,0.0001,0.01,0.8290287591792919,0.6829198840673667,54364,PASS
7,SITE_07,1078,401,677,3787069248828930888,17,1,AdamW,0.001,0.0001,0.01,0.8223811543938844,0.9481538160498234,54364,PASS
8,SITE_00,1436,527,909,7976231369267076919,23,1,AdamW,0.001,0.0001,0.01,0.6622923300458861,0.8777050239219583,54364,PASS
8,SITE_01,1435,520,915,3665731618472040986,23,1,AdamW,0.001,0.0001,0.01,0.6025564736605521,0.8780932201264587,54364,PASS
8,SITE_02,1391,505,886,8398425708373234406,22,1,AdamW,0.001,0.0001,0.01,0.6766949206012175,1.0505056758534808,54364,PASS
8,SITE_03,1080,380,700,10206165047889492024,17,1,AdamW,0.001,0.0001,0.01,0.8648874057663811,0.6317029971648315,54364,PASS
8,SITE_04,1080,397,683,12461069332081144824,17,1,AdamW,0.001,0.0001,0.01,0.747622310673749,0.9159199829600176,54364,PASS
8,SITE_05,1080,431,649,5609470493618628755,17,1,AdamW,0.001,0.0001,0.01,0.8841180819052237,0.5702649906359896,54364,PASS
8,SITE_06,1080,396,684,9224078043307604296,17,1,AdamW,0.001,0.0001,0.01,0.8072700319466768,0.7834822392954338,54364,PASS
8,SITE_07,1078,401,677,13282544143262145459,17,1,AdamW,0.001,0.0001,0.01,0.7952704048112504,0.9223693166627336,54364,PASS
9,SITE_00,1436,527,909,10043303752672190326,23,1,AdamW,0.001,0.0001,0.01,0.6405514060288751,0.7963497673010976,54364,PASS
9,SITE_01,1435,520,915,992495064335948023,23,1,AdamW,0.001,0.0001,0.01,0.5601025262776153,0.875090827593018,54364,PASS
9,SITE_02,1391,505,886,9622013339597791303,22,1,AdamW,0.001,0.0001,0.01,0.6608649112182414,0.9745908694784157,54364,PASS
9,SITE_03,1080,380,700,18228697152295410715,17,1,AdamW,0.001,0.0001,0.01,0.8668229707965145,0.5574144835961088,54364,PASS
9,SITE_04,1080,397,683,15104372602683784213,17,1,AdamW,0.001,0.0001,0.01,0.7553876890076532,0.8248335962756287,54364,PASS
9,SITE_05,1080,431,649,17444481637589480325,17,1,AdamW,0.001,0.0001,0.01,0.9015762585180777,0.6419580761142526,54364,PASS
9,SITE_06,1080,396,684,18162444099181498157,17,1,AdamW,0.001,0.0001,0.01,0.8121001565897906,0.6815645215980983,54364,PASS
9,SITE_07,1078,401,677,17749979987460131126,17,1,AdamW,0.001,0.0001,0.01,0.7485984556086651,0.9062711688055402,54364,PASS
10,SITE_00,1436,527,909,502868926078084079,23,1,AdamW,0.001,0.0001,0.01,0.6174865034629375,0.7370836559642718,54364,PASS
10,SITE_01,1435,520,915,7615228121878380575,23,1,AdamW,0.001,0.0001,0.01,0.5528717465101635,0.7931490541861544,54364,PASS
10,SITE_02,1391,505,886,14580123630307345652,22,1,AdamW,0.001,0.0001,0.01,0.6499634355542302,0.8821779747113977,54364,PASS
10,SITE_03,1080,380,700,17775034670052783871,17,1,AdamW,0.001,0.0001,0.01,0.8663865371986672,0.5651449848350258,54364,PASS
10,SITE_04,1080,397,683,13904767864954512406,17,1,AdamW,0.001,0.0001,0.01,0.7441759727619313,0.7879624696196507,54364,PASS
10,SITE_05,1080,431,649,7763903664429619114,17,1,AdamW,0.001,0.0001,0.01,0.8978207151095072,0.5603966213079588,54364,PASS
10,SITE_06,1080,396,684,1411106936328656665,17,1,AdamW,0.001,0.0001,0.01,0.8101717732570789,0.6121196087202379,54364,PASS
10,SITE_07,1078,401,677,1326946452958606629,17,1,AdamW,0.001,0.0001,0.01,0.7301725517398573,0.7712157425933216,54364,PASS
11,SITE_00,1436,527,909,1902323940869735602,23,1,AdamW,0.001,0.0001,0.01,0.6088534801119218,0.6661284698361027,54364,PASS
11,SITE_01,1435,520,915,15055388497928271156,23,1,AdamW,0.001,0.0001,0.01,0.5272440516574873,0.716926541651312,54364,PASS
11,SITE_02,1391,505,886,11925924338613795479,22,1,AdamW,0.001,0.0001,0.01,0.6499821952484565,0.729582484273275,54364,PASS
11,SITE_03,1080,380,700,17220511695421490914,17,1,AdamW,0.001,0.0001,0.01,0.8767217843620866,0.6560534792117959,54364,PASS
11,SITE_04,1080,397,683,10920525856215577568,17,1,AdamW,0.001,0.0001,0.01,0.7193233768145243,0.7812289345553232,54364,PASS
11,SITE_05,1080,431,649,17403149470747130644,17,1,AdamW,0.001,0.0001,0.01,0.8965204225646125,0.502693269430108,54364,PASS
11,SITE_06,1080,396,684,7915123127222538889,17,1,AdamW,0.001,0.0001,0.01,0.7988333331214057,0.5665582806671107,54364,PASS
11,SITE_07,1078,401,677,769127270186094295,17,1,AdamW,0.001,0.0001,0.01,0.659447958938266,0.8462666352086561,54364,PASS
12,SITE_00,1436,527,909,2461883120568868548,23,1,AdamW,0.001,0.0001,0.01,0.5413843421550847,0.84556323811118,54364,PASS
12,SITE_01,1435,520,915,15712790256640861741,23,1,AdamW,0.001,0.0001,0.01,0.5133822626560822,0.7402884132894794,54364,PASS
12,SITE_02,1391,505,886,13867965736016849609,22,1,AdamW,0.001,0.0001,0.01,0.6190909295952809,0.6886960104256152,54364,PASS
12,SITE_03,1080,380,700,6273663954359674860,17,1,AdamW,0.001,0.0001,0.01,0.8651068656532853,0.570556299651849,54364,PASS
12,SITE_04,1080,397,683,14771283714044918797,17,1,AdamW,0.001,0.0001,0.01,0.7054289159951387,0.8242105287087497,54364,PASS
12,SITE_05,1080,431,649,18299393278446362959,17,1,AdamW,0.001,0.0001,0.01,0.941808306729352,0.4990409327139915,54364,PASS
12,SITE_06,1080,396,684,1319860158732757168,17,1,AdamW,0.001,0.0001,0.01,0.8037213519767479,0.5075871671926372,54364,PASS
12,SITE_07,1078,401,677,11240655656984393859,17,1,AdamW,0.001,0.0001,0.01,0.6765307128318829,0.6970464964937445,54364,PASS
13,SITE_00,1436,527,909,486517436333655514,23,1,AdamW,0.001,0.0001,0.01,0.551007658409209,0.6468475468410751,54364,PASS
13,SITE_01,1435,520,915,13584994659589389781,23,1,AdamW,0.001,0.0001,0.01,0.4928223970875092,0.6737068899547599,54364,PASS
13,SITE_02,1391,505,886,1848003071415404758,22,1,AdamW,0.001,0.0001,0.01,0.5825683902614327,0.7289131671908634,54364,PASS
13,SITE_03,1080,380,700,2720967288505672133,17,1,AdamW,0.001,0.0001,0.01,0.8764696968926324,0.5351853732315902,54364,PASS
13,SITE_04,1080,397,683,9444322816573798504,17,1,AdamW,0.001,0.0001,0.01,0.7102741908144068,0.8178734089742169,54364,PASS
13,SITE_05,1080,431,649,9436418901225683719,17,1,AdamW,0.001,0.0001,0.01,0.9001334464108502,0.5464665764120863,54364,PASS
13,SITE_06,1080,396,684,14866236613426430266,17,1,AdamW,0.001,0.0001,0.01,0.7859773176687735,0.5034431625633935,54364,PASS
13,SITE_07,1078,401,677,12317878459760594903,17,1,AdamW,0.001,0.0001,0.01,0.6542553171819571,0.6481297227271104,54364,PASS
14,SITE_00,1436,527,909,7106919915002868255,23,1,AdamW,0.001,0.0001,0.01,0.5324759446810879,0.6610519638987246,54364,PASS
14,SITE_01,1435,520,915,2382368675148205704,23,1,AdamW,0.001,0.0001,0.01,0.47835139559536444,0.6505981624297241,54364,PASS
14,SITE_02,1391,505,886,5321599368501192902,22,1,AdamW,0.001,0.0001,0.01,0.5992240043615455,0.653866266544988,54364,PASS
14,SITE_03,1080,380,700,37765821855730971,17,1,AdamW,0.001,0.0001,0.01,0.9091629911352087,0.5702404013746747,54364,PASS
14,SITE_04,1080,397,683,2457724581311890954,17,1,AdamW,0.001,0.0001,0.01,0.6612607271582992,0.7611887152462284,54364,PASS
14,SITE_05,1080,431,649,14063761422859822083,17,1,AdamW,0.001,0.0001,0.01,0.93067179079409,0.4994333117420455,54364,PASS
14,SITE_06,1080,396,684,1909379810572433432,17,1,AdamW,0.001,0.0001,0.01,0.7822558884267454,0.5623647481167844,54364,PASS
14,SITE_07,1078,401,677,8067426013522028248,17,1,AdamW,0.001,0.0001,0.01,0.6537516852477928,0.6172969943679483,54364,PASS
15,SITE_00,1436,527,909,11980056550229480604,23,1,AdamW,0.001,0.0001,0.01,0.510225634388937,0.6645377531485578,54364,PASS
15,SITE_01,1435,520,915,6281478221541027590,23,1,AdamW,0.001,0.0001,0.01,0.47880004494863104,0.5913156047731567,54364,PASS
15,SITE_02,1391,505,886,15886113711553749612,22,1,AdamW,0.001,0.0001,0.01,0.6048033279450483,0.6374515769743239,54364,PASS
15,SITE_03,1080,380,700,13042142843963254708,17,1,AdamW,0.001,0.0001,0.01,0.889233242140876,0.5386609575976675,54364,PASS
15,SITE_04,1080,397,683,17514896052565064919,17,1,AdamW,0.001,0.0001,0.01,0.6529050946235657,0.796044271408979,54364,PASS
15,SITE_05,1080,431,649,15292077687415171338,17,1,AdamW,0.001,0.0001,0.01,0.8857726918326484,0.5360980526429843,54364,PASS
15,SITE_06,1080,396,684,3744184997424703232,17,1,AdamW,0.001,0.0001,0.01,0.7673844063723528,0.5363053049849126,54364,PASS
15,SITE_07,1078,401,677,1965412467289908283,17,1,AdamW,0.001,0.0001,0.01,0.6070704787471962,0.6679740526753841,54364,PASS
16,SITE_00,1436,527,909,9583412215244558764,23,1,AdamW,0.001,0.0001,0.01,0.5063749252089551,0.6035238264988817,54364,PASS
16,SITE_01,1435,520,915,553094484606410407,23,1,AdamW,0.001,0.0001,0.01,0.4579315592187622,0.5531670595443278,54364,PASS
16,SITE_02,1391,505,886,11406260389436668186,22,1,AdamW,0.001,0.0001,0.01,0.5519045648130901,0.7453733958856461,54364,PASS
16,SITE_03,1080,380,700,9805659867153556884,17,1,AdamW,0.001,0.0001,0.01,0.9115311997908133,0.5627018520345737,54364,PASS
16,SITE_04,1080,397,683,17742003175087541642,17,1,AdamW,0.001,0.0001,0.01,0.6514383942992599,0.7401592389105153,54364,PASS
16,SITE_05,1080,431,649,3259768555586601786,17,1,AdamW,0.001,0.0001,0.01,0.9428527549461082,0.49241112221034894,54364,PASS
16,SITE_06,1080,396,684,17267906520003353616,17,1,AdamW,0.001,0.0001,0.01,0.8016012505248741,0.5125831768952538,54364,PASS
16,SITE_07,1078,401,677,1187743431067163064,17,1,AdamW,0.001,0.0001,0.01,0.5744953863806539,0.6880820182946606,54364,PASS
17,SITE_00,1436,527,909,118499635659806734,23,1,AdamW,0.001,0.0001,0.01,0.48835604785212566,0.6132661844325173,54364,PASS
17,SITE_01,1435,520,915,15314121049332278006,23,1,AdamW,0.001,0.0001,0.01,0.4646792188338702,0.5464267816817027,54364,PASS
17,SITE_02,1391,505,886,663443470677284769,22,1,AdamW,0.001,0.0001,0.01,0.5566826867465918,0.7206966505067014,54364,PASS
17,SITE_03,1080,380,700,9079462910289788493,17,1,AdamW,0.001,0.0001,0.01,0.8889278606132225,0.6204110372118485,54364,PASS
17,SITE_04,1080,397,683,899686145463336786,17,1,AdamW,0.001,0.0001,0.01,0.6610598537656996,0.6997923201070506,54364,PASS
17,SITE_05,1080,431,649,12876116333501551545,17,1,AdamW,0.001,0.0001,0.01,0.9289119512946518,0.5231189176483612,54364,PASS
17,SITE_06,1080,396,684,12548158154116414703,17,1,AdamW,0.001,0.0001,0.01,0.8184892332112348,0.4979805271222548,54364,PASS
17,SITE_07,1078,401,677,1931506086691663869,17,1,AdamW,0.001,0.0001,0.01,0.5808713070647393,0.6374676261548295,54364,PASS
18,SITE_00,1436,527,909,15122043465356675390,23,1,AdamW,0.001,0.0001,0.01,0.5028466749988226,0.4848043025402004,54364,PASS
18,SITE_01,1435,520,915,16776704130896416117,23,1,AdamW,0.001,0.0001,0.01,0.4287031741507793,0.7107701112612912,54364,PASS
18,SITE_02,1391,505,886,8112746008110500987,22,1,AdamW,0.001,0.0001,0.01,0.5331689027211034,0.7807181856922555,54364,PASS
18,SITE_03,1080,380,700,217325855220144561,17,1,AdamW,0.001,0.0001,0.01,0.8816574370419538,0.49415504160710766,54364,PASS
18,SITE_04,1080,397,683,5360665160318198129,17,1,AdamW,0.001,0.0001,0.01,0.6204857976348311,0.7746990807712735,54364,PASS
18,SITE_05,1080,431,649,9989909154186877619,17,1,AdamW,0.001,0.0001,0.01,0.9317883310494599,0.4740550076085745,54364,PASS
18,SITE_06,1080,396,684,7599770451922615472,17,1,AdamW,0.001,0.0001,0.01,0.8026325058054041,0.4876877452667058,54364,PASS
18,SITE_07,1078,401,677,9952386793534879346,17,1,AdamW,0.001,0.0001,0.01,0.5209766310088488,0.7445015940281006,54364,PASS
19,SITE_00,1436,527,909,17505812511096527161,23,1,AdamW,0.001,0.0001,0.01,0.47692548531343676,0.5046025872776753,54364,PASS
19,SITE_01,1435,520,915,8072226587199073434,23,1,AdamW,0.001,0.0001,0.01,0.4441949404490534,0.5429217577593023,54364,PASS
19,SITE_02,1391,505,886,9841095154000320013,22,1,AdamW,0.001,0.0001,0.01,0.5374675482875747,0.6701874930074958,54364,PASS
19,SITE_03,1080,380,700,2153007079284897969,17,1,AdamW,0.001,0.0001,0.01,0.8885308724862558,0.5830535591598686,54364,PASS
19,SITE_04,1080,397,683,1461651403533296240,17,1,AdamW,0.001,0.0001,0.01,0.6102649366414106,0.7449005237940773,54364,PASS
19,SITE_05,1080,431,649,13322234953644444768,17,1,AdamW,0.001,0.0001,0.01,0.9103732382809674,0.49471515579315417,54364,PASS
19,SITE_06,1080,396,684,1190230608187280277,17,1,AdamW,0.001,0.0001,0.01,0.7884785020792926,0.5461561874264381,54364,PASS
19,SITE_07,1078,401,677,10421809457507492198,17,1,AdamW,0.001,0.0001,0.01,0.5386649180542339,0.6244618100182814,54364,PASS
20,SITE_00,1436,527,909,5327398696995123006,23,1,AdamW,0.001,0.0001,0.01,0.4724579513238997,0.500390725024828,54364,PASS
20,SITE_01,1435,520,915,11546251582867131604,23,1,AdamW,0.001,0.0001,0.01,0.4262663241878204,0.5500709054067211,54364,PASS
20,SITE_02,1391,505,886,3507977980068794010,22,1,AdamW,0.001,0.0001,0.01,0.5237822453380917,0.6453527050158452,54364,PASS
20,SITE_03,1080,380,700,3608412171393088845,17,1,AdamW,0.001,0.0001,0.01,0.9192508715170401,0.5120815640254898,54364,PASS
20,SITE_04,1080,397,683,2456749912942734968,17,1,AdamW,0.001,0.0001,0.01,0.6331077017165997,0.6031779971428329,54364,PASS
20,SITE_05,1080,431,649,10792300635882439575,17,1,AdamW,0.001,0.0001,0.01,0.9006487722750063,0.5138816463857518,54364,PASS
20,SITE_06,1080,396,684,3164799759715624992,17,1,AdamW,0.001,0.0001,0.01,0.7610692192006994,0.6123453282166009,54364,PASS
20,SITE_07,1078,401,677,9454328335817442611,17,1,AdamW,0.001,0.0001,0.01,0.5132703265254706,0.6324336357726774,54364,PASS
21,SITE_00,1436,527,909,9898244493352946710,23,1,AdamW,0.001,0.0001,0.01,0.47007674476894495,0.4826051344396249,54364,PASS
21,SITE_01,1435,520,915,17892077569268394903,23,1,AdamW,0.001,0.0001,0.01,0.4157309122201873,0.6232770286647686,54364,PASS
21,SITE_02,1391,505,886,16862593043517746020,22,1,AdamW,0.001,0.0001,0.01,0.5167212963832701,0.6127216460046069,54364,PASS
21,SITE_03,1080,380,700,4892152188189990704,17,1,AdamW,0.001,0.0001,0.01,0.8974148679662634,0.721967513064029,54364,PASS
21,SITE_04,1080,397,683,2062852269901122920,17,1,AdamW,0.001,0.0001,0.01,0.5675531808976774,0.7900096669021233,54364,PASS
21,SITE_05,1080,431,649,483880819334706505,17,1,AdamW,0.001,0.0001,0.01,0.8997583075805947,0.5380331189185215,54364,PASS
21,SITE_06,1080,396,684,17719428569835596120,17,1,AdamW,0.001,0.0001,0.01,0.7640051749017504,0.5339345206189712,54364,PASS
21,SITE_07,1078,401,677,15118646165621614168,17,1,AdamW,0.001,0.0001,0.01,0.5199183115047957,0.6783559906432546,54364,PASS
22,SITE_00,1436,527,909,6463079053468497029,23,1,AdamW,0.001,0.0001,0.01,0.44366404555302147,0.5183850130411913,54364,PASS
22,SITE_01,1435,520,915,11851762001457384502,23,1,AdamW,0.001,0.0001,0.01,0.4172863600457587,0.5757862873859505,54364,PASS
22,SITE_02,1391,505,886,13272257637010690130,22,1,AdamW,0.001,0.0001,0.01,0.5066662396697326,0.6375659626802649,54364,PASS
22,SITE_03,1080,380,700,6891389466925260559,17,1,AdamW,0.001,0.0001,0.01,0.9187387877040439,0.63868675944609,54364,PASS
22,SITE_04,1080,397,683,7695433316765859475,17,1,AdamW,0.001,0.0001,0.01,0.5785454045843195,0.6824407764824906,54364,PASS
22,SITE_05,1080,431,649,15154829178151453692,17,1,AdamW,0.001,0.0001,0.01,0.8840599832711397,0.5197047098989009,54364,PASS
22,SITE_06,1080,396,684,423282784691702966,17,1,AdamW,0.001,0.0001,0.01,0.7862627766750477,0.4070555026382521,54364,PASS
22,SITE_07,1078,401,677,13462758703558025623,17,1,AdamW,0.001,0.0001,0.01,0.5034036440066372,0.6241554554470443,54364,PASS
23,SITE_00,1436,527,909,9055379696511178988,23,1,AdamW,0.001,0.0001,0.01,0.4642584059065763,0.43458160176775984,54364,PASS
23,SITE_01,1435,520,915,2879385110560561182,23,1,AdamW,0.001,0.0001,0.01,0.423749792555068,0.5183567868273159,54364,PASS
23,SITE_02,1391,505,886,9975834881154531666,22,1,AdamW,0.001,0.0001,0.01,0.5254701213559001,0.6065378018870767,54364,PASS
23,SITE_03,1080,380,700,17752256157608321952,17,1,AdamW,0.001,0.0001,0.01,0.8948426904501738,0.6672867554763152,54364,PASS
23,SITE_04,1080,397,683,6235765921326462168,17,1,AdamW,0.001,0.0001,0.01,0.5639977490460432,0.7392709373999884,54364,PASS
23,SITE_05,1080,431,649,10961763021159903582,17,1,AdamW,0.001,0.0001,0.01,0.9001066366831462,0.4897963478908199,54364,PASS
23,SITE_06,1080,396,684,10952297227389953896,17,1,AdamW,0.001,0.0001,0.01,0.7564745867693866,0.48821301130941824,54364,PASS
23,SITE_07,1078,401,677,15978197275870814645,17,1,AdamW,0.001,0.0001,0.01,0.5398044086343061,0.5741608195108647,54364,PASS
24,SITE_00,1436,527,909,17443727397560127696,23,1,AdamW,0.001,0.0001,0.01,0.4400601773873013,0.481451383944257,54364,PASS
24,SITE_01,1435,520,915,5393943093641334353,23,1,AdamW,0.001,0.0001,0.01,0.4112175391110809,0.581858723336415,54364,PASS
24,SITE_02,1391,505,886,17904364629761378462,22,1,AdamW,0.001,0.0001,0.01,0.4899693792197106,0.5760788002243574,54364,PASS
24,SITE_03,1080,380,700,9687351241127631738,17,1,AdamW,0.001,0.0001,0.01,0.9104933226550067,0.58038691823707,54364,PASS
24,SITE_04,1080,397,683,18002038430989405122,17,1,AdamW,0.001,0.0001,0.01,0.5620631476243337,0.6576476076051947,54364,PASS
24,SITE_05,1080,431,649,7190081193938768572,17,1,AdamW,0.001,0.0001,0.01,0.8870883098355046,0.5268654595228055,54364,PASS
24,SITE_06,1080,396,684,15379452102091302205,17,1,AdamW,0.001,0.0001,0.01,0.7699053049087524,0.5296274566586245,54364,PASS
24,SITE_07,1078,401,677,3295193296905880628,17,1,AdamW,0.001,0.0001,0.01,0.5430715676251944,0.5549371281547945,54364,PASS
25,SITE_00,1436,527,909,13150370313443161620,23,1,AdamW,0.001,0.0001,0.01,0.4602859238562146,0.4342799427534162,54364,PASS
25,SITE_01,1435,520,915,4503305735837639404,23,1,AdamW,0.001,0.0001,0.01,0.44423064216711794,0.4967801003253952,54364,PASS
25,SITE_02,1391,505,886,14897757710232070035,22,1,AdamW,0.001,0.0001,0.01,0.47780834064476785,0.6184962381014721,54364,PASS
25,SITE_03,1080,380,700,1084692751825013246,17,1,AdamW,0.001,0.0001,0.01,0.8991977532704671,0.7360352346603009,54364,PASS
25,SITE_04,1080,397,683,1239751017187319635,17,1,AdamW,0.001,0.0001,0.01,0.5242104914453295,0.6973210625167265,54364,PASS
25,SITE_05,1080,431,649,15411631242357883508,17,1,AdamW,0.001,0.0001,0.01,0.9221604930029975,0.5075581261657729,54364,PASS
25,SITE_06,1080,396,684,8950377877544145215,17,1,AdamW,0.001,0.0001,0.01,0.8067781152548613,0.4498550572097355,54364,PASS
25,SITE_07,1078,401,677,6886097012662233143,17,1,AdamW,0.001,0.0001,0.01,0.5036028413471795,0.6339319159194181,54364,PASS
26,SITE_00,1436,527,909,1506497153675595633,23,1,AdamW,0.001,0.0001,0.01,0.4452541959484972,0.4293402757984158,54364,PASS
26,SITE_01,1435,520,915,9016028623996538638,23,1,AdamW,0.001,0.0001,0.01,0.4025863882764291,0.5903067529739656,54364,PASS
26,SITE_02,1391,505,886,1437621915385123486,22,1,AdamW,0.001,0.0001,0.01,0.4687386896651396,0.6258848650656014,54364,PASS
26,SITE_03,1080,380,700,3085469682339330299,17,1,AdamW,0.001,0.0001,0.01,0.9064767899336639,0.6273725544647991,54364,PASS
26,SITE_04,1080,397,683,4897229501907105084,17,1,AdamW,0.001,0.0001,0.01,0.532732155808696,0.7199199647019653,54364,PASS
26,SITE_05,1080,431,649,7057350763677705730,17,1,AdamW,0.001,0.0001,0.01,0.8930401201601381,0.49948252135927323,54364,PASS
26,SITE_06,1080,396,684,1786960315721365193,17,1,AdamW,0.001,0.0001,0.01,0.7508622394667731,0.5796151078765848,54364,PASS
26,SITE_07,1078,401,677,16309526853796140870,17,1,AdamW,0.001,0.0001,0.01,0.5193210472534229,0.5548091246852256,54364,PASS
27,SITE_00,1436,527,909,3577430920823096027,23,1,AdamW,0.001,0.0001,0.01,0.43107666693690094,0.43088269528078627,54364,PASS
27,SITE_01,1435,520,915,4717536759155538892,23,1,AdamW,0.001,0.0001,0.01,0.3969460115615499,0.5995828805629894,54364,PASS
27,SITE_02,1391,505,886,9221215196532221709,22,1,AdamW,0.001,0.0001,0.01,0.475686093999875,0.6284131455487048,54364,PASS
27,SITE_03,1080,380,700,12813220943900382117,17,1,AdamW,0.001,0.0001,0.01,0.9209867040316264,0.6979353421607717,54364,PASS
27,SITE_04,1080,397,683,13905454647202634938,17,1,AdamW,0.001,0.0001,0.01,0.5400126770690635,0.676069969720851,54364,PASS
27,SITE_05,1080,431,649,16002713234766385750,17,1,AdamW,0.001,0.0001,0.01,0.9361766744543005,0.4981532913744254,54364,PASS
27,SITE_06,1080,396,684,14271130368812650839,17,1,AdamW,0.001,0.0001,0.01,0.7533317018438268,0.4774577803032642,54364,PASS
27,SITE_07,1078,401,677,7196775779280411114,17,1,AdamW,0.001,0.0001,0.01,0.4944110615576353,0.5977481423207477,54364,PASS
28,SITE_00,1436,527,909,14720462571325078035,23,1,AdamW,0.001,0.0001,0.01,0.4085807435027736,0.4688688277802588,54364,PASS
28,SITE_01,1435,520,915,3096516457667784404,23,1,AdamW,0.001,0.0001,0.01,0.4010215749723986,0.5079803767391254,54364,PASS
28,SITE_02,1391,505,886,1837616355229109822,22,1,AdamW,0.001,0.0001,0.01,0.47835968236628407,0.6722827734803384,54364,PASS
28,SITE_03,1080,380,700,5395904301443195393,17,1,AdamW,0.001,0.0001,0.01,0.9169935327989084,0.6580318226459093,54364,PASS
28,SITE_04,1080,397,683,13497443006291384619,17,1,AdamW,0.001,0.0001,0.01,0.5498725632826488,0.5301326713466968,54364,PASS
28,SITE_05,1080,431,649,16806325753471478687,17,1,AdamW,0.001,0.0001,0.01,0.9157759127793489,0.4865156706679161,54364,PASS
28,SITE_06,1080,396,684,7312530934461641068,17,1,AdamW,0.001,0.0001,0.01,0.7499592361626801,0.4165547149607228,54364,PASS
28,SITE_07,1078,401,677,16276623306262282705,17,1,AdamW,0.001,0.0001,0.01,0.47182679867479044,0.583663800627662,54364,PASS
29,SITE_00,1436,527,909,13429762742092820147,23,1,AdamW,0.001,0.0001,0.01,0.40581780385672217,0.49024282277877956,54364,PASS
29,SITE_01,1435,520,915,8442422319966363004,23,1,AdamW,0.001,0.0001,0.01,0.39706997777942166,0.5267263539822574,54364,PASS
29,SITE_02,1391,505,886,8687105130094759021,22,1,AdamW,0.001,0.0001,0.01,0.4741806356834902,0.5832233336676506,54364,PASS
29,SITE_03,1080,380,700,414184801559980794,17,1,AdamW,0.001,0.0001,0.01,0.9052043446788082,0.6533098336489723,54364,PASS
29,SITE_04,1080,397,683,17767146371047441503,17,1,AdamW,0.001,0.0001,0.01,0.508941149270093,0.6144184897663993,54364,PASS
29,SITE_05,1080,431,649,14206609268485853773,17,1,AdamW,0.001,0.0001,0.01,0.908575548949065,0.4839276610150385,54364,PASS
29,SITE_06,1080,396,684,4732521134443482915,17,1,AdamW,0.001,0.0001,0.01,0.8060732386730335,0.43733971573097963,54364,PASS
29,SITE_07,1078,401,677,9633748728659861999,17,1,AdamW,0.001,0.0001,0.01,0.48380819969363026,0.566606250527348,54364,PASS
30,SITE_00,1436,527,909,11461886392569811330,23,1,AdamW,0.001,0.0001,0.01,0.397958557502805,0.4910790516787173,54364,PASS
30,SITE_01,1435,520,915,16664046871676470178,23,1,AdamW,0.001,0.0001,0.01,0.40789720740052465,0.464900910507866,54364,PASS
30,SITE_02,1391,505,886,11612925642551408010,22,1,AdamW,0.001,0.0001,0.01,0.463580459163482,0.5735855875672637,54364,PASS
30,SITE_03,1080,380,700,6572463677447886343,17,1,AdamW,0.001,0.0001,0.01,0.9149593035380046,0.6478622886592339,54364,PASS
30,SITE_04,1080,397,683,704597413364052832,17,1,AdamW,0.001,0.0001,0.01,0.48988355574784453,0.6393991146611427,54364,PASS
30,SITE_05,1080,431,649,16002735815718959840,17,1,AdamW,0.001,0.0001,0.01,0.9005532926983304,0.5091130737793426,54364,PASS
30,SITE_06,1080,396,684,13660861780134889271,17,1,AdamW,0.001,0.0001,0.01,0.7433634881620054,0.4671141711801049,54364,PASS
30,SITE_07,1078,401,677,10298918970478813638,17,1,AdamW,0.001,0.0001,0.01,0.5096966807828984,0.5489053672850291,54364,PASS
31,SITE_00,1436,527,909,17361542959021894525,23,1,AdamW,0.001,0.0001,0.01,0.4118757303544738,0.49306891410183246,54364,PASS
31,SITE_01,1435,520,915,12898695205409701487,23,1,AdamW,0.001,0.0001,0.01,0.37449665005198757,0.545860332557248,54364,PASS
31,SITE_02,1391,505,886,12467063315065558024,22,1,AdamW,0.001,0.0001,0.01,0.46049980794586437,0.613850382098278,54364,PASS
31,SITE_03,1080,380,700,17956465382635947230,17,1,AdamW,0.001,0.0001,0.01,0.9217183258798387,0.7238869928184444,54364,PASS
31,SITE_04,1080,397,683,5438847492853866940,17,1,AdamW,0.001,0.0001,0.01,0.49754622357862965,0.6594820500237107,54364,PASS
31,SITE_05,1080,431,649,8619303989678374391,17,1,AdamW,0.001,0.0001,0.01,0.9019245364047863,0.4789294984089721,54364,PASS
31,SITE_06,1080,396,684,13709435997005598935,17,1,AdamW,0.001,0.0001,0.01,0.74845520346253,0.45172296120409866,54364,PASS
31,SITE_07,1078,401,677,6053549089064707615,17,1,AdamW,0.001,0.0001,0.01,0.5002100947615388,0.6061864802644097,54364,PASS
32,SITE_00,1436,527,909,9400745961196144214,23,1,AdamW,0.001,0.0001,0.01,0.3952384402658946,0.40317228187620424,54364,PASS
32,SITE_01,1435,520,915,7208449818572627925,23,1,AdamW,0.001,0.0001,0.01,0.38920403523727576,0.528182736323192,54364,PASS
32,SITE_02,1391,505,886,13139934792469588546,22,1,AdamW,0.001,0.0001,0.01,0.4704825533627607,0.5615909523443573,54364,PASS
32,SITE_03,1080,380,700,9504774452479614230,17,1,AdamW,0.001,0.0001,0.01,0.9195803734991286,0.7120213530399828,54364,PASS
32,SITE_04,1080,397,683,11536126271800757350,17,1,AdamW,0.001,0.0001,0.01,0.47623824146058824,0.6859215867744879,54364,PASS
32,SITE_05,1080,431,649,9559346082119504906,17,1,AdamW,0.001,0.0001,0.01,0.9611730138460796,0.48132546755958716,54364,PASS
32,SITE_06,1080,396,684,11205142430147438928,17,1,AdamW,0.001,0.0001,0.01,0.8154592227052759,0.4327538765552876,54364,PASS
32,SITE_07,1078,401,677,401447121423280153,17,1,AdamW,0.001,0.0001,0.01,0.4715934190104313,0.5350029823585867,54364,PASS
33,SITE_00,1436,527,909,14082153846989944440,23,1,AdamW,0.001,0.0001,0.01,0.4177173904887813,0.40923639046462695,54364,PASS
33,SITE_01,1435,520,915,13565155369134938369,23,1,AdamW,0.001,0.0001,0.01,0.38061885468220463,0.4522038345217923,54364,PASS
33,SITE_02,1391,505,886,15874657838935250093,22,1,AdamW,0.001,0.0001,0.01,0.45849010134068946,0.581066933784342,54364,PASS
33,SITE_03,1080,380,700,15105528166924910926,17,1,AdamW,0.001,0.0001,0.01,0.9043393709041454,0.8277048153342174,54364,PASS
33,SITE_04,1080,397,683,2628290068458660137,17,1,AdamW,0.001,0.0001,0.01,0.4859739168926522,0.5369853693537843,54364,PASS
33,SITE_05,1080,431,649,8318783786857373493,17,1,AdamW,0.001,0.0001,0.01,0.8917736636267768,0.47895428805647927,54364,PASS
33,SITE_06,1080,396,684,16852317936419211346,17,1,AdamW,0.001,0.0001,0.01,0.7729823757100989,0.5694054114761673,54364,PASS
33,SITE_07,1078,401,677,3459695157460635548,17,1,AdamW,0.001,0.0001,0.01,0.4667955442903657,0.5701158775115744,54364,PASS
34,SITE_00,1436,527,909,13982065740349275994,23,1,AdamW,0.001,0.0001,0.01,0.41101889025866156,0.463210912749584,54364,PASS
34,SITE_01,1435,520,915,1840715465499367934,23,1,AdamW,0.001,0.0001,0.01,0.3684715830490564,0.5276744402147531,54364,PASS
34,SITE_02,1391,505,886,9924299675269728740,22,1,AdamW,0.001,0.0001,0.01,0.4457026378102306,0.6825769000974707,54364,PASS
34,SITE_03,1080,380,700,9720011962325733217,17,1,AdamW,0.001,0.0001,0.01,0.9258748968442281,0.7368507707497881,54364,PASS
34,SITE_04,1080,397,683,9955242092147505182,17,1,AdamW,0.001,0.0001,0.01,0.4915397822856903,0.5251502098557151,54364,PASS
34,SITE_05,1080,431,649,15995268902409538016,17,1,AdamW,0.001,0.0001,0.01,0.8692382560835944,0.49695214906509105,54364,PASS
34,SITE_06,1080,396,684,1667728942028535914,17,1,AdamW,0.001,0.0001,0.01,0.7509999495965464,0.46664258402851766,54364,PASS
34,SITE_07,1078,401,677,3820642743523266702,17,1,AdamW,0.001,0.0001,0.01,0.48451581785320574,0.5109011543710484,54364,PASS
35,SITE_00,1436,527,909,5121555966818820391,23,1,AdamW,0.001,0.0001,0.01,0.4061988740329291,0.38868853128817793,54364,PASS
35,SITE_01,1435,520,915,14495894340405340952,23,1,AdamW,0.001,0.0001,0.01,0.36140498106695634,0.567941825372035,54364,PASS
35,SITE_02,1391,505,886,3268760459678132694,22,1,AdamW,0.001,0.0001,0.01,0.4562784173371207,0.5694358067088675,54364,PASS
35,SITE_03,1080,380,700,4950891861160567134,17,1,AdamW,0.001,0.0001,0.01,0.8935789351110105,0.7436053573903779,54364,PASS
35,SITE_04,1080,397,683,2879576068433564911,17,1,AdamW,0.001,0.0001,0.01,0.4681184419879207,0.5332959229846743,54364,PASS
35,SITE_05,1080,431,649,6329064881305570792,17,1,AdamW,0.001,0.0001,0.01,0.9411135170194838,0.49383430639612497,54364,PASS
35,SITE_06,1080,396,684,6654286721959054491,17,1,AdamW,0.001,0.0001,0.01,0.7646823940453706,0.49917071674231606,54364,PASS
35,SITE_07,1078,401,677,3580405248348875896,17,1,AdamW,0.001,0.0001,0.01,0.4628017440244749,0.5749952680265646,54364,PASS
36,SITE_00,1436,527,909,17678215256940037109,23,1,AdamW,0.001,0.0001,0.01,0.41331342501892687,0.3780158596369588,54364,PASS
36,SITE_01,1435,520,915,3431010807017929232,23,1,AdamW,0.001,0.0001,0.01,0.3876291882701036,0.48071557347715094,54364,PASS
36,SITE_02,1391,505,886,903566507923568034,22,1,AdamW,0.001,0.0001,0.01,0.43264821808086207,0.5053674899431033,54364,PASS
36,SITE_03,1080,380,700,2464811775602070921,17,1,AdamW,0.001,0.0001,0.01,0.9302894945497866,0.8197856204307792,54364,PASS
36,SITE_04,1080,397,683,946823168838352303,17,1,AdamW,0.001,0.0001,0.01,0.462140323276873,0.5692909402015156,54364,PASS
36,SITE_05,1080,431,649,16330226654749199839,17,1,AdamW,0.001,0.0001,0.01,0.8829899165365431,0.4961733995123059,54364,PASS
36,SITE_06,1080,396,684,2311211052219822686,17,1,AdamW,0.001,0.0001,0.01,0.7654903102804114,0.45374352608846236,54364,PASS
36,SITE_07,1078,401,677,10911088969477809597,17,1,AdamW,0.001,0.0001,0.01,0.4762204829085072,0.5668896456780996,54364,PASS
37,SITE_00,1436,527,909,11412875728166063186,23,1,AdamW,0.001,0.0001,0.01,0.40014472288341574,0.4428928996631802,54364,PASS
37,SITE_01,1435,520,915,8661098346503420988,23,1,AdamW,0.001,0.0001,0.01,0.36366163807878926,0.5704416645129371,54364,PASS
37,SITE_02,1391,505,886,3810217949547892742,22,1,AdamW,0.001,0.0001,0.01,0.4486336408117364,0.6209861451448593,54364,PASS
37,SITE_03,1080,380,700,9671975486150948981,17,1,AdamW,0.001,0.0001,0.01,0.8999520677107352,0.8142298857673745,54364,PASS
37,SITE_04,1080,397,683,523312855467302806,17,1,AdamW,0.001,0.0001,0.01,0.4376539100099493,0.5725247593613654,54364,PASS
37,SITE_05,1080,431,649,3911198604224433571,17,1,AdamW,0.001,0.0001,0.01,0.906310251907066,0.49844037006084163,54364,PASS
37,SITE_06,1080,396,684,15383726982947054742,17,1,AdamW,0.001,0.0001,0.01,0.7847603219526785,0.49902593963683667,54364,PASS
37,SITE_07,1078,401,677,8060712637622454150,17,1,AdamW,0.001,0.0001,0.01,0.4292729356514501,0.5578779564470748,54364,PASS
38,SITE_00,1436,527,909,10700328833615408747,23,1,AdamW,0.001,0.0001,0.01,0.397882696479808,0.45041835792694845,54364,PASS
38,SITE_01,1435,520,915,4856007373126107328,23,1,AdamW,0.001,0.0001,0.01,0.4065551823232232,0.42088577853687437,54364,PASS
38,SITE_02,1391,505,886,9347642523757951726,22,1,AdamW,0.001,0.0001,0.01,0.4396935269654354,0.621905496765066,54364,PASS
38,SITE_03,1080,380,700,15662915363366742486,17,1,AdamW,0.001,0.0001,0.01,0.8979360924826728,0.8291754703086991,54364,PASS
38,SITE_04,1080,397,683,3051403438939871367,17,1,AdamW,0.001,0.0001,0.01,0.43498626527962864,0.567887854317719,54364,PASS
38,SITE_05,1080,431,649,15423627680738986575,17,1,AdamW,0.001,0.0001,0.01,0.8591453075408936,0.497663693406475,54364,PASS
38,SITE_06,1080,396,684,11243090388445161404,17,1,AdamW,0.001,0.0001,0.01,0.7409224196716592,0.6102131314526174,54364,PASS
38,SITE_07,1078,401,677,5636322632764007621,17,1,AdamW,0.001,0.0001,0.01,0.48245890258858065,0.5086554258599613,54364,PASS
39,SITE_00,1436,527,909,8555453047064252680,23,1,AdamW,0.001,0.0001,0.01,0.4020984707436522,0.3745250378671875,54364,PASS
39,SITE_01,1435,520,915,8946827726398555596,23,1,AdamW,0.001,0.0001,0.01,0.35645075403024096,0.5267297499683141,54364,PASS
39,SITE_02,1391,505,886,4638252435430626224,22,1,AdamW,0.001,0.0001,0.01,0.4127407291010933,0.6220270640241098,54364,PASS
39,SITE_03,1080,380,700,2011303443394780678,17,1,AdamW,0.001,0.0001,0.01,0.9104443399994462,0.8233329012714264,54364,PASS
39,SITE_04,1080,397,683,18037360993312366098,17,1,AdamW,0.001,0.0001,0.01,0.4406218109307466,0.5730032585834743,54364,PASS
39,SITE_05,1080,431,649,16813280631443256959,17,1,AdamW,0.001,0.0001,0.01,0.9174125909805297,0.4518718175228921,54364,PASS
39,SITE_06,1080,396,684,5079730983005716974,17,1,AdamW,0.001,0.0001,0.01,0.7538811811694393,0.4206280342531459,54364,PASS
39,SITE_07,1078,401,677,11439840569746048818,17,1,AdamW,0.001,0.0001,0.01,0.4509248920959975,0.5246412820724741,54364,PASS
40,SITE_00,1436,527,909,10920107327098482053,23,1,AdamW,0.001,0.0001,0.01,0.3889457579276688,0.45888435145867557,54364,PASS
40,SITE_01,1435,520,915,11829523059751925609,23,1,AdamW,0.001,0.0001,0.01,0.35324573201169535,0.5810919682098189,54364,PASS
40,SITE_02,1391,505,886,12055902194271150292,22,1,AdamW,0.001,0.0001,0.01,0.42083740821422905,0.5664547092554911,54364,PASS
40,SITE_03,1080,380,700,7358754160267084009,17,1,AdamW,0.001,0.0001,0.01,0.8988499804779335,0.7820390404188153,54364,PASS
40,SITE_04,1080,397,683,3705475876316467414,17,1,AdamW,0.001,0.0001,0.01,0.428133366505305,0.5471278329871184,54364,PASS
40,SITE_05,1080,431,649,6124215373316923907,17,1,AdamW,0.001,0.0001,0.01,0.8475449509090848,0.5090348195632088,54364,PASS
40,SITE_06,1080,396,684,6618019471010674599,17,1,AdamW,0.001,0.0001,0.01,0.7411038014623854,0.44765599621062924,54364,PASS
40,SITE_07,1078,401,677,5969998818820951900,17,1,AdamW,0.001,0.0001,0.01,0.40384046133462487,0.5770157949272274,54364,PASS
41,SITE_00,1436,527,909,9417294750144997477,23,1,AdamW,0.001,0.0001,0.01,0.3704911159107612,0.4200125916524001,54364,PASS
41,SITE_01,1435,520,915,5867818602767019595,23,1,AdamW,0.001,0.0001,0.01,0.3240215647511366,0.6501056436562164,54364,PASS
41,SITE_02,1391,505,886,14248927490222076503,22,1,AdamW,0.001,0.0001,0.01,0.42453314639269063,0.5765813741661431,54364,PASS
41,SITE_03,1080,380,700,6185863654452229506,17,1,AdamW,0.001,0.0001,0.01,0.9353409034234507,0.7756900715000695,54364,PASS
41,SITE_04,1080,397,683,7266931610432426519,17,1,AdamW,0.001,0.0001,0.01,0.44467951390478344,0.4931250764073819,54364,PASS
41,SITE_05,1080,431,649,17302503187502534861,17,1,AdamW,0.001,0.0001,0.01,0.8509141665917855,0.4887992178002499,54364,PASS
41,SITE_06,1080,396,684,14814341336187019903,17,1,AdamW,0.001,0.0001,0.01,0.818652997635029,0.4226141023779031,54364,PASS
41,SITE_07,1078,401,677,7271423284954734024,17,1,AdamW,0.001,0.0001,0.01,0.4388428563200255,0.5070900416073044,54364,PASS
42,SITE_00,1436,527,909,12439150576204822889,23,1,AdamW,0.001,0.0001,0.01,0.3934727868163818,0.36571244138546355,54364,PASS
42,SITE_01,1435,520,915,1881744370221031955,23,1,AdamW,0.001,0.0001,0.01,0.3681510920308608,0.5088340840022113,54364,PASS
42,SITE_02,1391,505,886,7789329342029434833,22,1,AdamW,0.001,0.0001,0.01,0.42374715678217084,0.6797478399460131,54364,PASS
42,SITE_03,1080,380,700,5409339770027962878,17,1,AdamW,0.001,0.0001,0.01,0.896998707011894,0.6324480946667571,54364,PASS
42,SITE_04,1080,397,683,12080038623690089627,17,1,AdamW,0.001,0.0001,0.01,0.449227550956938,0.49997225711226895,54364,PASS
42,SITE_05,1080,431,649,5673086738419695511,17,1,AdamW,0.001,0.0001,0.01,0.8945099971912526,0.45636938464502474,54364,PASS
42,SITE_06,1080,396,684,13954825261856382098,17,1,AdamW,0.001,0.0001,0.01,0.7937665546381915,0.4215267906156457,54364,PASS
42,SITE_07,1078,401,677,11430726893758122666,17,1,AdamW,0.001,0.0001,0.01,0.4130800936460937,0.5439431428156698,54364,PASS
43,SITE_00,1436,527,909,9609533826123668638,23,1,AdamW,0.001,0.0001,0.01,0.36951483541212377,0.3935219099697273,54364,PASS
43,SITE_01,1435,520,915,14199258372018995852,23,1,AdamW,0.001,0.0001,0.01,0.3449134299044825,0.493449444538144,54364,PASS
43,SITE_02,1391,505,886,16869798356278597095,22,1,AdamW,0.001,0.0001,0.01,0.4266604190353521,0.548939980316626,54364,PASS
43,SITE_03,1080,380,700,8917202334624209076,17,1,AdamW,0.001,0.0001,0.01,0.9114135477277968,0.7459754536733615,54364,PASS
43,SITE_04,1080,397,683,15577635711567214039,17,1,AdamW,0.001,0.0001,0.01,0.4284167318432419,0.511523617709096,54364,PASS
43,SITE_05,1080,431,649,4341939133260413665,17,1,AdamW,0.001,0.0001,0.01,0.9162370293228714,0.46337447676666177,54364,PASS
43,SITE_06,1080,396,684,11407758817099815124,17,1,AdamW,0.001,0.0001,0.01,0.7565723361792388,0.4081849164116734,54364,PASS
43,SITE_07,1078,401,677,17130123662216567898,17,1,AdamW,0.001,0.0001,0.01,0.4378550613302468,0.5058377153089106,54364,PASS
44,SITE_00,1436,527,909,11607350732857345207,23,1,AdamW,0.001,0.0001,0.01,0.36743078113100325,0.4269102897918267,54364,PASS
44,SITE_01,1435,520,915,11619703594489192556,23,1,AdamW,0.001,0.0001,0.01,0.3542398289209459,0.5254937058357614,54364,PASS
44,SITE_02,1391,505,886,7032538443886902797,22,1,AdamW,0.001,0.0001,0.01,0.4082522241011701,0.53559522080185,54364,PASS
44,SITE_03,1080,380,700,3576085045531790301,17,1,AdamW,0.001,0.0001,0.01,0.9256507904441268,0.794905281743315,54364,PASS
44,SITE_04,1080,397,683,74881427789543705,17,1,AdamW,0.001,0.0001,0.01,0.3832216342290243,0.6316918654400603,54364,PASS
44,SITE_05,1080,431,649,768974410183826166,17,1,AdamW,0.001,0.0001,0.01,0.9210286105120623,0.4573823429996894,54364,PASS
44,SITE_06,1080,396,684,4215828942762688693,17,1,AdamW,0.001,0.0001,0.01,0.7258085590821726,0.4340109643095996,54364,PASS
44,SITE_07,1078,401,677,5623745936186873041,17,1,AdamW,0.001,0.0001,0.01,0.4250478412755566,0.627230504623154,54364,PASS
45,SITE_00,1436,527,909,9529956717567997330,23,1,AdamW,0.001,0.0001,0.01,0.35928477799327924,0.39759987861687657,54364,PASS
45,SITE_01,1435,520,915,12992048122748554758,23,1,AdamW,0.001,0.0001,0.01,0.3542566820096471,0.45841352197503626,54364,PASS
45,SITE_02,1391,505,886,265196583441816556,22,1,AdamW,0.001,0.0001,0.01,0.4104633352723934,0.6642658783165167,54364,PASS
45,SITE_03,1080,380,700,11684126394365111471,17,1,AdamW,0.001,0.0001,0.01,0.8997669127252367,0.746368147288713,54364,PASS
45,SITE_04,1080,397,683,12704461289925768528,17,1,AdamW,0.001,0.0001,0.01,0.4114285773701138,0.49390480731918857,54364,PASS
45,SITE_05,1080,431,649,11567509091707780047,17,1,AdamW,0.001,0.0001,0.01,0.9208888053894043,0.47576662682832455,54364,PASS
45,SITE_06,1080,396,684,10260839498861870626,17,1,AdamW,0.001,0.0001,0.01,0.756851891235069,0.42735526079784636,54364,PASS
45,SITE_07,1078,401,677,8762294015968844394,17,1,AdamW,0.001,0.0001,0.01,0.44193298133273295,0.4657601063751272,54364,PASS
46,SITE_00,1436,527,909,16413649752572440935,23,1,AdamW,0.001,0.0001,0.01,0.36612382116091946,0.38669094327091813,54364,PASS
46,SITE_01,1435,520,915,4321570254432408122,23,1,AdamW,0.001,0.0001,0.01,0.35657756816634734,0.4419227102709223,54364,PASS
46,SITE_02,1391,505,886,8730827993393855677,22,1,AdamW,0.001,0.0001,0.01,0.39755051611439945,0.5902042639012652,54364,PASS
46,SITE_03,1080,380,700,6000291528561788664,17,1,AdamW,0.001,0.0001,0.01,0.9299644898485254,0.7826407434005228,54364,PASS
46,SITE_04,1080,397,683,15048759826119939666,17,1,AdamW,0.001,0.0001,0.01,0.3980808990973013,0.5289701066357264,54364,PASS
46,SITE_05,1080,431,649,16983641300314629755,17,1,AdamW,0.001,0.0001,0.01,0.8742879055164479,0.454799946027581,54364,PASS
46,SITE_06,1080,396,684,16249458122028755477,17,1,AdamW,0.001,0.0001,0.01,0.7592574194625572,0.4731048465485805,54364,PASS
46,SITE_07,1078,401,677,8040500212671014113,17,1,AdamW,0.001,0.0001,0.01,0.3992956209934709,0.5424799721163882,54364,PASS
47,SITE_00,1436,527,909,6729874373813806013,23,1,AdamW,0.001,0.0001,0.01,0.36010024333398655,0.437135860300394,54364,PASS
47,SITE_01,1435,520,915,4056530553038129103,23,1,AdamW,0.001,0.0001,0.01,0.32517130503671093,0.5729677541347425,54364,PASS
47,SITE_02,1391,505,886,6356100794988423091,22,1,AdamW,0.001,0.0001,0.01,0.39896371894222127,0.516135927311325,54364,PASS
47,SITE_03,1080,380,700,2047335214942810257,17,1,AdamW,0.001,0.0001,0.01,0.9219598796632554,0.7964510479771362,54364,PASS
47,SITE_04,1080,397,683,15872195324059364600,17,1,AdamW,0.001,0.0001,0.01,0.42567887482819733,0.428769577489671,54364,PASS
47,SITE_05,1080,431,649,12911144724359044918,17,1,AdamW,0.001,0.0001,0.01,0.8871015486893831,0.47048441607749447,54364,PASS
47,SITE_06,1080,396,684,6949017726758138682,17,1,AdamW,0.001,0.0001,0.01,0.7206981552971734,0.4031072149856168,54364,PASS
47,SITE_07,1078,401,677,13785034071388031113,17,1,AdamW,0.001,0.0001,0.01,0.45316982169761727,0.5008534985310618,54364,PASS
48,SITE_00,1436,527,909,15761430296156595258,23,1,AdamW,0.001,0.0001,0.01,0.37103546205337334,0.3475822624417237,54364,PASS
48,SITE_01,1435,520,915,7990091039580601972,23,1,AdamW,0.001,0.0001,0.01,0.34549307393280054,0.41791745751186243,54364,PASS
48,SITE_02,1391,505,886,8266044612840249559,22,1,AdamW,0.001,0.0001,0.01,0.3983745270500416,0.5895606453269197,54364,PASS
48,SITE_03,1080,380,700,3623633245936470508,17,1,AdamW,0.001,0.0001,0.01,0.890743186738756,0.8041556595724778,54364,PASS
48,SITE_04,1080,397,683,2355070596642641247,17,1,AdamW,0.001,0.0001,0.01,0.382007125571922,0.5265260706429727,54364,PASS
48,SITE_05,1080,431,649,18058367512569056487,17,1,AdamW,0.001,0.0001,0.01,0.8522191431787279,0.44404880713319644,54364,PASS
48,SITE_06,1080,396,684,1575078896278054831,17,1,AdamW,0.001,0.0001,0.01,0.7384237077501085,0.3907382755598725,54364,PASS
48,SITE_07,1078,401,677,4730118874133061163,17,1,AdamW,0.001,0.0001,0.01,0.40550318658904816,0.5043670207174189,54364,PASS
49,SITE_00,1436,527,909,4419478603855039469,23,1,AdamW,0.001,0.0001,0.01,0.3533145282261883,0.45508376977248,54364,PASS
49,SITE_01,1435,520,915,12737678308489214689,23,1,AdamW,0.001,0.0001,0.01,0.3272805446116351,0.5147652835482612,54364,PASS
49,SITE_02,1391,505,886,4093700097113963298,22,1,AdamW,0.001,0.0001,0.01,0.3696005897372854,0.49042669794277843,54364,PASS
49,SITE_03,1080,380,700,1447285566889690121,17,1,AdamW,0.001,0.0001,0.01,0.9018099109331766,0.8154400414259724,54364,PASS
49,SITE_04,1080,397,683,13278238569970512135,17,1,AdamW,0.001,0.0001,0.01,0.39395710031191505,0.4517711732202146,54364,PASS
49,SITE_05,1080,431,649,13539416686566041617,17,1,AdamW,0.001,0.0001,0.01,0.8746979572154857,0.4738744462894324,54364,PASS
49,SITE_06,1080,396,684,12279544967709541940,17,1,AdamW,0.001,0.0001,0.01,0.7390458826665525,0.480494817904731,54364,PASS
49,SITE_07,1078,401,677,2748669602038784055,17,1,AdamW,0.001,0.0001,0.01,0.39534205646152176,0.5372166117031911,54364,PASS
50,SITE_00,1436,527,909,16146643169508587130,23,1,AdamW,0.001,0.0001,0.01,0.3741068004067562,0.3893834589984045,54364,PASS
50,SITE_01,1435,520,915,16691226912821303647,23,1,AdamW,0.001,0.0001,0.01,0.3383724826968921,0.4350704606462841,54364,PASS
50,SITE_02,1391,505,886,3195464765465321104,22,1,AdamW,0.001,0.0001,0.01,0.40333345211040705,0.5745985700634298,54364,PASS
50,SITE_03,1080,380,700,16489587173565227246,17,1,AdamW,0.001,0.0001,0.01,0.9323131022629915,0.7195062153350117,54364,PASS
50,SITE_04,1080,397,683,17830381588922588093,17,1,AdamW,0.001,0.0001,0.01,0.3976678318447537,0.445030993183022,54364,PASS
50,SITE_05,1080,431,649,9236079164747644698,17,1,AdamW,0.001,0.0001,0.01,0.8859503189722697,0.44090550584572874,54364,PASS
50,SITE_06,1080,396,684,7106091724226776372,17,1,AdamW,0.001,0.0001,0.01,0.7267302870750427,0.4577139158704413,54364,PASS
50,SITE_07,1078,401,677,17128102140574034431,17,1,AdamW,0.001,0.0001,0.01,0.41623805759125604,0.45697726798019367,54364,PASS
