relative_path,record_id,role,official_sha256,local_sha256,verified
data/raw/mitdb/1.0.0/100.atr,100,annotation,8d8a5349fb16638ebbf649f1779d12e96d91b736b2aafe59db43719ae583d471,8d8a5349fb16638ebbf649f1779d12e96d91b736b2aafe59db43719ae583d471,True
data/raw/mitdb/1.0.0/100.dat,100,signal,b2ea3c250e56e48f4b7b90697832b8ecd1afa1e0bb31f2dcfea4ed6e1075a639,b2ea3c250e56e48f4b7b90697832b8ecd1afa1e0bb31f2dcfea4ed6e1075a639,True
data/raw/mitdb/1.0.0/100.hea,100,header,60ebc904c7bf3e04d142638d3fd5c903e8dc9f10f1ea3264e07926aa089ee75e,60ebc904c7bf3e04d142638d3fd5c903e8dc9f10f1ea3264e07926aa089ee75e,True
data/raw/mitdb/1.0.0/101.atr,101,annotation,441cdd6486cfdf4c53e344d1048ab81296773e7058d53069022adc68543a0663,441cdd6486cfdf4c53e344d1048ab81296773e7058d53069022adc68543a0663,True
data/raw/mitdb/1.0.0/101.dat,101,signal,698d1ea6f472d23ca50317c72c96cda2698badd8578220ed0380cdf241e39006,698d1ea6f472d23ca50317c72c96cda2698badd8578220ed0380cdf241e39006,True
data/raw/mitdb/1.0.0/101.hea,101,header,d5f02fbe8673fa05465442191b98ca0d28a1670e7ef0e83fb9ef8723113a311c,d5f02fbe8673fa05465442191b98ca0d28a1670e7ef0e83fb9ef8723113a311c,True
data/raw/mitdb/1.0.0/102.atr,102,annotation,24e29031c081806ff6d4ec20fb386e28d8f885f0dca5f74dc29c881e8b196d09,24e29031c081806ff6d4ec20fb386e28d8f885f0dca5f74dc29c881e8b196d09,True
data/raw/mitdb/1.0.0/102.dat,102,signal,2b56039f9ece83b53511e0fc24e95f23b90712c8017fe4d915e040e78713c38e,2b56039f9ece83b53511e0fc24e95f23b90712c8017fe4d915e040e78713c38e,True
data/raw/mitdb/1.0.0/102.hea,102,header,a22f09934ee1cfe339d1502f68eb3f0175815f47273b81ea55f75aeb5584cb0d,a22f09934ee1cfe339d1502f68eb3f0175815f47273b81ea55f75aeb5584cb0d,True
data/raw/mitdb/1.0.0/103.atr,103,annotation,392ce37fbc7e89b3f14998e197a844f23cce6a3db6edaa71b4b49bf3ca5b6596,392ce37fbc7e89b3f14998e197a844f23cce6a3db6edaa71b4b49bf3ca5b6596,True
data/raw/mitdb/1.0.0/103.dat,103,signal,f7994f0bd196730779998b4bddf26cb47f396599fb370a08b5cb29a3ac4d555d,f7994f0bd196730779998b4bddf26cb47f396599fb370a08b5cb29a3ac4d555d,True
data/raw/mitdb/1.0.0/103.hea,103,header,3da9706fc27cc5d627a31b04b74b908ac0b6e061843a87cbd57801e5ea0fed7b,3da9706fc27cc5d627a31b04b74b908ac0b6e061843a87cbd57801e5ea0fed7b,True
data/raw/mitdb/1.0.0/104.atr,104,annotation,4f945bef6a4e30b588d7ebdb0763f5294322aa5632b4bb128ee140c7035463c9,4f945bef6a4e30b588d7ebdb0763f5294322aa5632b4bb128ee140c7035463c9,True
data/raw/mitdb/1.0.0/104.dat,104,signal,aeb19bd805996167c6edd8f1b1a659486c0cbad101f06f1426548784d9634354,aeb19bd805996167c6edd8f1b1a659486c0cbad101f06f1426548784d9634354,True
data/raw/mitdb/1.0.0/104.hea,104,header,46b5d09e2cae7caaf48f61fc7d0f20962035cf057cf675097fc7d64c4796748f,46b5d09e2cae7caaf48f61fc7d0f20962035cf057cf675097fc7d64c4796748f,True
data/raw/mitdb/1.0.0/105.atr,105,annotation,278d534c1ad952a6d41db963b6b2b00be070d8dd5fa66545caa5c18edcc36497,278d534c1ad952a6d41db963b6b2b00be070d8dd5fa66545caa5c18edcc36497,True
data/raw/mitdb/1.0.0/105.dat,105,signal,fcd0153dfea69c749194bb73de7db124588857cfa2f6aecb72754894c8afde02,fcd0153dfea69c749194bb73de7db124588857cfa2f6aecb72754894c8afde02,True
data/raw/mitdb/1.0.0/105.hea,105,header,9a024eebf8e9baf630308815e689d7e3eab471ab0069db6aded127c396418d48,9a024eebf8e9baf630308815e689d7e3eab471ab0069db6aded127c396418d48,True
data/raw/mitdb/1.0.0/106.atr,106,annotation,585347e6d1bd3ad89cdb52cb80945878a5e51026d81f871a376bb6e13936f7fa,585347e6d1bd3ad89cdb52cb80945878a5e51026d81f871a376bb6e13936f7fa,True
data/raw/mitdb/1.0.0/106.dat,106,signal,c017bc18b95b1f970bca143a044ee5d54168648b541e47aa656f2737a59c1202,c017bc18b95b1f970bca143a044ee5d54168648b541e47aa656f2737a59c1202,True
data/raw/mitdb/1.0.0/106.hea,106,header,ad5ed3ee5603926a07a09f0d0c9e2a7ff10a705dbafcde3d185317730a8839ab,ad5ed3ee5603926a07a09f0d0c9e2a7ff10a705dbafcde3d185317730a8839ab,True
data/raw/mitdb/1.0.0/107.atr,107,annotation,559453fc0454d2aa2b744224fd301007b8e41585c6b6f239709c8c2cdbe207f4,559453fc0454d2aa2b744224fd301007b8e41585c6b6f239709c8c2cdbe207f4,True
data/raw/mitdb/1.0.0/107.dat,107,signal,ea2254006bb0503926bfb7f6ca3ccf0b3e1ae6bfa8f5eb702bab5d8e960af728,ea2254006bb0503926bfb7f6ca3ccf0b3e1ae6bfa8f5eb702bab5d8e960af728,True
data/raw/mitdb/1.0.0/107.hea,107,header,7c9c70b4ccfd3e503b6d4d20eeb508aa89cfd3a5d2b530bc873aba6a2a503dd4,7c9c70b4ccfd3e503b6d4d20eeb508aa89cfd3a5d2b530bc873aba6a2a503dd4,True
data/raw/mitdb/1.0.0/108.atr,108,annotation,ea227008ac3bc4ada87807117909e77ae0643d5a8bc09f32b9096a35f140cbf3,ea227008ac3bc4ada87807117909e77ae0643d5a8bc09f32b9096a35f140cbf3,True
data/raw/mitdb/1.0.0/108.dat,108,signal,229a4ef62679dc5c6ea781bfbaec2bd784151fc9f9517f4cdecd533a9431eb20,229a4ef62679dc5c6ea781bfbaec2bd784151fc9f9517f4cdecd533a9431eb20,True
data/raw/mitdb/1.0.0/108.hea,108,header,1c461d963db1883589a975daa80b4104eee6cabb2f5cfec3e0d63b78e7a6a405,1c461d963db1883589a975daa80b4104eee6cabb2f5cfec3e0d63b78e7a6a405,True
data/raw/mitdb/1.0.0/109.atr,109,annotation,2eef456587bab17263a126063321c040affa29bc4ccfdf2a2bc7fe50709fa1b8,2eef456587bab17263a126063321c040affa29bc4ccfdf2a2bc7fe50709fa1b8,True
data/raw/mitdb/1.0.0/109.dat,109,signal,267afd6ced7a1fd5a8bcd21fcc2b83287e37e3ef57f32e8a0fe39a6e021951cd,267afd6ced7a1fd5a8bcd21fcc2b83287e37e3ef57f32e8a0fe39a6e021951cd,True
data/raw/mitdb/1.0.0/109.hea,109,header,3b21402a9a096acb6a2199b25681e40b0dd201494cb023ded514cd9726bb7fad,3b21402a9a096acb6a2199b25681e40b0dd201494cb023ded514cd9726bb7fad,True
data/raw/mitdb/1.0.0/111.atr,111,annotation,372ed78bb0bbe7d5d9dc7e676c03d72530729775b5cfa94501485329fc47b8cb,372ed78bb0bbe7d5d9dc7e676c03d72530729775b5cfa94501485329fc47b8cb,True
data/raw/mitdb/1.0.0/111.dat,111,signal,8372d98ae59fbfd023502a9d0fc03fb5383083da92584b964484e18593e08485,8372d98ae59fbfd023502a9d0fc03fb5383083da92584b964484e18593e08485,True
data/raw/mitdb/1.0.0/111.hea,111,header,9e635a715d6cc44a716a7a73c6dd365bd94099f94e63accb2a65c5b25b4b69b5,9e635a715d6cc44a716a7a73c6dd365bd94099f94e63accb2a65c5b25b4b69b5,True
data/raw/mitdb/1.0.0/112.atr,112,annotation,69cf7ee24d65a5430162ae9b6452be9d4855c2af47f91976b7f02038ea115002,69cf7ee24d65a5430162ae9b6452be9d4855c2af47f91976b7f02038ea115002,True
data/raw/mitdb/1.0.0/112.dat,112,signal,3c7af9758687314255b5d946a58d9509d53ecf2a300230684fa8ecf00b774bdb,3c7af9758687314255b5d946a58d9509d53ecf2a300230684fa8ecf00b774bdb,True
data/raw/mitdb/1.0.0/112.hea,112,header,a78dc4b0907b3db806395cff76b3a2e9a70e889b9dc3702c7de55aa8b41abd7d,a78dc4b0907b3db806395cff76b3a2e9a70e889b9dc3702c7de55aa8b41abd7d,True
data/raw/mitdb/1.0.0/113.atr,113,annotation,39527d597a246410d2c16f062600c73271a73a7503d49cafd1d17508af4cd432,39527d597a246410d2c16f062600c73271a73a7503d49cafd1d17508af4cd432,True
data/raw/mitdb/1.0.0/113.dat,113,signal,f5509b71dabaaa11c53f687ee17aab0071bce3d471e2ab77c71a6434f5b7aacf,f5509b71dabaaa11c53f687ee17aab0071bce3d471e2ab77c71a6434f5b7aacf,True
data/raw/mitdb/1.0.0/113.hea,113,header,848ed5243adaf3b53c72b36b1a5a8b5b8cf585a1d78a02e7b25c1d38818d4343,848ed5243adaf3b53c72b36b1a5a8b5b8cf585a1d78a02e7b25c1d38818d4343,True
data/raw/mitdb/1.0.0/114.atr,114,annotation,5280acb082b654d64944137987a00fbc2105b3a3fcdda75d0bf11d4644e40d9f,5280acb082b654d64944137987a00fbc2105b3a3fcdda75d0bf11d4644e40d9f,True
data/raw/mitdb/1.0.0/114.dat,114,signal,2ae83463edcfec256b79ce93716dcb40f289bacbe9e5e7a66cd00d0a31099d4b,2ae83463edcfec256b79ce93716dcb40f289bacbe9e5e7a66cd00d0a31099d4b,True
data/raw/mitdb/1.0.0/114.hea,114,header,830ba89cebf60945db0c78332e3cc6c64acbe218f6f16594660d4f17423ee889,830ba89cebf60945db0c78332e3cc6c64acbe218f6f16594660d4f17423ee889,True
data/raw/mitdb/1.0.0/115.atr,115,annotation,4980667b19b7a637729d40762f071b483d69f5431db818cbddc9a8ae64cc4da2,4980667b19b7a637729d40762f071b483d69f5431db818cbddc9a8ae64cc4da2,True
data/raw/mitdb/1.0.0/115.dat,115,signal,34185efe9889608c76ebfbf5a467d3457970c6d11b77a2bf81b94bcf46e07c41,34185efe9889608c76ebfbf5a467d3457970c6d11b77a2bf81b94bcf46e07c41,True
data/raw/mitdb/1.0.0/115.hea,115,header,3212847a692bf3bc5e1dde0343d272e7d56735983276031420060d51d0cdd41c,3212847a692bf3bc5e1dde0343d272e7d56735983276031420060d51d0cdd41c,True
data/raw/mitdb/1.0.0/116.atr,116,annotation,abd31e2c878073e67319d5a6fa34923fe117cca02e5c80318378405c853ccbef,abd31e2c878073e67319d5a6fa34923fe117cca02e5c80318378405c853ccbef,True
data/raw/mitdb/1.0.0/116.dat,116,signal,0ab38cfca76d816673213dcd570504bb3ab02ef76d51540fd7a6075bc580ad85,0ab38cfca76d816673213dcd570504bb3ab02ef76d51540fd7a6075bc580ad85,True
data/raw/mitdb/1.0.0/116.hea,116,header,5553273cafa68c106468ddfaa3bd1d6a30daec53cff1642d3592a20110b2edad,5553273cafa68c106468ddfaa3bd1d6a30daec53cff1642d3592a20110b2edad,True
data/raw/mitdb/1.0.0/117.atr,117,annotation,232beaacf4a4eb4b6d2f2242f01ecae3d2842be1dd0afe890037ae050f91ce63,232beaacf4a4eb4b6d2f2242f01ecae3d2842be1dd0afe890037ae050f91ce63,True
data/raw/mitdb/1.0.0/117.dat,117,signal,2ce7de6f20baf4cfef0369f9a13fa53784d18e2da78c11afa1e4c55e8ad1900e,2ce7de6f20baf4cfef0369f9a13fa53784d18e2da78c11afa1e4c55e8ad1900e,True
data/raw/mitdb/1.0.0/117.hea,117,header,452e70b5eb3fe3ebc3fc61284f70b788dbf83bb98f951c2b0bb5f0b95156d06a,452e70b5eb3fe3ebc3fc61284f70b788dbf83bb98f951c2b0bb5f0b95156d06a,True
data/raw/mitdb/1.0.0/118.atr,118,annotation,77afd5400648d128223d5029a49c442f5abd65ba997f732489cb8eed39d71551,77afd5400648d128223d5029a49c442f5abd65ba997f732489cb8eed39d71551,True
data/raw/mitdb/1.0.0/118.dat,118,signal,66ea4b70b7d64abd0f49089ae1b8f0f577664c46e5b29ac23b291934e063df15,66ea4b70b7d64abd0f49089ae1b8f0f577664c46e5b29ac23b291934e063df15,True
data/raw/mitdb/1.0.0/118.hea,118,header,48a3d0c4e7742ca0e39a2cbb3ea5142a4d41261adbd0bb25651e0fcd9c6aef2b,48a3d0c4e7742ca0e39a2cbb3ea5142a4d41261adbd0bb25651e0fcd9c6aef2b,True
data/raw/mitdb/1.0.0/119.atr,119,annotation,fd919c8ea20eed4a22fb37984977f30ce48d382eefd2d90934bf947a88e0fd7b,fd919c8ea20eed4a22fb37984977f30ce48d382eefd2d90934bf947a88e0fd7b,True
data/raw/mitdb/1.0.0/119.dat,119,signal,02a286a28e69b441568add915f16a2856b22bab893bf8729ee9654411ed3a5aa,02a286a28e69b441568add915f16a2856b22bab893bf8729ee9654411ed3a5aa,True
data/raw/mitdb/1.0.0/119.hea,119,header,658f01382d7280a06e2f4c06363569d477394a6898c69ee788bb383f6092df63,658f01382d7280a06e2f4c06363569d477394a6898c69ee788bb383f6092df63,True
data/raw/mitdb/1.0.0/121.atr,121,annotation,dbda472aa08eeb6bbbf775b8123e466a7ee57638caecd156407de3141c9fa71c,dbda472aa08eeb6bbbf775b8123e466a7ee57638caecd156407de3141c9fa71c,True
data/raw/mitdb/1.0.0/121.dat,121,signal,679f374a7b2557fed04a4bc5648301ce9bdd38e5a4f13b2e63ebbcf7cb3fb482,679f374a7b2557fed04a4bc5648301ce9bdd38e5a4f13b2e63ebbcf7cb3fb482,True
data/raw/mitdb/1.0.0/121.hea,121,header,1838d38ff54fed9b831207761d7321682dad0b693f944e4c3a4e6388c46ca6ff,1838d38ff54fed9b831207761d7321682dad0b693f944e4c3a4e6388c46ca6ff,True
data/raw/mitdb/1.0.0/122.atr,122,annotation,34966d92a94c72126253c0297407cff78e53be1f72c6814e28676bcda8be90de,34966d92a94c72126253c0297407cff78e53be1f72c6814e28676bcda8be90de,True
data/raw/mitdb/1.0.0/122.dat,122,signal,a700c794bfe23565603d75dc5706915f5436e522802d260e758683d11f5b9e13,a700c794bfe23565603d75dc5706915f5436e522802d260e758683d11f5b9e13,True
data/raw/mitdb/1.0.0/122.hea,122,header,b43ca64ed2c6e69d15def2c30f8cb2cbf25cb807f9530b1e7d5cfed2fd496f70,b43ca64ed2c6e69d15def2c30f8cb2cbf25cb807f9530b1e7d5cfed2fd496f70,True
data/raw/mitdb/1.0.0/123.atr,123,annotation,061bfd2590fd9d6040d32741a19697491dedb65cbbc5b3865a5c50d49f52d709,061bfd2590fd9d6040d32741a19697491dedb65cbbc5b3865a5c50d49f52d709,True
data/raw/mitdb/1.0.0/123.dat,123,signal,8a685a846b82d72aac4dd86171ad0fe5b19c0bd9ce51ddc1e6f015f73b2d8c3a,8a685a846b82d72aac4dd86171ad0fe5b19c0bd9ce51ddc1e6f015f73b2d8c3a,True
data/raw/mitdb/1.0.0/123.hea,123,header,aab5351e9da6f4beb22392f1a469df4a9e4b8017fea820432cf7d1846244d094,aab5351e9da6f4beb22392f1a469df4a9e4b8017fea820432cf7d1846244d094,True
data/raw/mitdb/1.0.0/124.atr,124,annotation,f9c8cac368f1f6ba8895ae47f5771c82597374c1e6b030385ca2eb186454677c,f9c8cac368f1f6ba8895ae47f5771c82597374c1e6b030385ca2eb186454677c,True
data/raw/mitdb/1.0.0/124.dat,124,signal,296988e49d2653eb499ad0b17c46826b4296b7eaf94df3f76f1ba2dcdf6bc48b,296988e49d2653eb499ad0b17c46826b4296b7eaf94df3f76f1ba2dcdf6bc48b,True
data/raw/mitdb/1.0.0/124.hea,124,header,2200f917fe7a1fa817b79069a274d3291a6fa66289521af5e7d38edeb3e82bce,2200f917fe7a1fa817b79069a274d3291a6fa66289521af5e7d38edeb3e82bce,True
data/raw/mitdb/1.0.0/200.atr,200,annotation,f9624a11696760427d75314a78c31f89ca3c446af855890c8f8b66cddd8b3a3f,f9624a11696760427d75314a78c31f89ca3c446af855890c8f8b66cddd8b3a3f,True
data/raw/mitdb/1.0.0/200.dat,200,signal,a9e203b3807b9fcd3647cde03444437cb8eec7f5128a8eb413edafb394272e0f,a9e203b3807b9fcd3647cde03444437cb8eec7f5128a8eb413edafb394272e0f,True
data/raw/mitdb/1.0.0/200.hea,200,header,9e0c2ff5b790cf624deab0ccb8a9f211a9e29a748d8197da3c1ee7c5b596b40c,9e0c2ff5b790cf624deab0ccb8a9f211a9e29a748d8197da3c1ee7c5b596b40c,True
data/raw/mitdb/1.0.0/201.atr,201,annotation,df1276b6c6952b177ec6eea2be3edc7a96888454107a3ee56be880b0afaf6f35,df1276b6c6952b177ec6eea2be3edc7a96888454107a3ee56be880b0afaf6f35,True
data/raw/mitdb/1.0.0/201.dat,201,signal,16610ae46eff900794597503d15af4572a8b1518f18dbed2843b7e68c81f3898,16610ae46eff900794597503d15af4572a8b1518f18dbed2843b7e68c81f3898,True
data/raw/mitdb/1.0.0/201.hea,201,header,dba34d6252879af28c1d10cde200989a4f6507d98df4395f5cba5f81af5b7e5a,dba34d6252879af28c1d10cde200989a4f6507d98df4395f5cba5f81af5b7e5a,True
data/raw/mitdb/1.0.0/202.atr,202,annotation,16d59e44564844c39a648164580a69e71f1657e951e6ad121b64eb1a11db037d,16d59e44564844c39a648164580a69e71f1657e951e6ad121b64eb1a11db037d,True
data/raw/mitdb/1.0.0/202.dat,202,signal,0c990e4142de6be898de4b21bd6e6705cd567e5d97cb731a994dc5aee9c7142d,0c990e4142de6be898de4b21bd6e6705cd567e5d97cb731a994dc5aee9c7142d,True
data/raw/mitdb/1.0.0/202.hea,202,header,6822216d1bc51f7014637c53e543cdc3863fea4ee3fec3aa99fb0762aece0cba,6822216d1bc51f7014637c53e543cdc3863fea4ee3fec3aa99fb0762aece0cba,True
data/raw/mitdb/1.0.0/203.atr,203,annotation,2573f948e54a538983a44bf946e3e61cdda60e898b4c65ca8559b57c4877c706,2573f948e54a538983a44bf946e3e61cdda60e898b4c65ca8559b57c4877c706,True
data/raw/mitdb/1.0.0/203.dat,203,signal,5ba7d2237fc838438efd8bb0a3baeffc5de2e70c76e3ab7e401e811ad82f43e0,5ba7d2237fc838438efd8bb0a3baeffc5de2e70c76e3ab7e401e811ad82f43e0,True
data/raw/mitdb/1.0.0/203.hea,203,header,25b3a3107dd00221b245ef5c23ffdfbd07caaf58e2cf377734f3a947361b26a5,25b3a3107dd00221b245ef5c23ffdfbd07caaf58e2cf377734f3a947361b26a5,True
data/raw/mitdb/1.0.0/205.atr,205,annotation,0ae55e31175b9ba36e09c3b556b15e3e70f254936a2634d5ff341dfb86a74ea9,0ae55e31175b9ba36e09c3b556b15e3e70f254936a2634d5ff341dfb86a74ea9,True
data/raw/mitdb/1.0.0/205.dat,205,signal,8a513c39e6d9a1d732de0b3909a87aa1fcfd4bd55ab5f59a5b810967d252af36,8a513c39e6d9a1d732de0b3909a87aa1fcfd4bd55ab5f59a5b810967d252af36,True
data/raw/mitdb/1.0.0/205.hea,205,header,739f76bbcbbfdad1f260a043a5f7106f6e912894065b15ea75bee42af0380a2a,739f76bbcbbfdad1f260a043a5f7106f6e912894065b15ea75bee42af0380a2a,True
data/raw/mitdb/1.0.0/207.atr,207,annotation,cceb64d68033a277d2d5669458d49258295102dd3e20614a0ca7d63b67009404,cceb64d68033a277d2d5669458d49258295102dd3e20614a0ca7d63b67009404,True
data/raw/mitdb/1.0.0/207.dat,207,signal,139f99250366fbf347cba4d8ea1fbe788f98cb1b93b70f50ccba70122d908605,139f99250366fbf347cba4d8ea1fbe788f98cb1b93b70f50ccba70122d908605,True
data/raw/mitdb/1.0.0/207.hea,207,header,7645d488d4c304760aae0a709193ffa13692c317b551bcbdcbb37011032178d8,7645d488d4c304760aae0a709193ffa13692c317b551bcbdcbb37011032178d8,True
data/raw/mitdb/1.0.0/208.atr,208,annotation,33878519ee34d00cb233fdb15b11c2b8da0b0aea2e643d31b07105cc3392edf4,33878519ee34d00cb233fdb15b11c2b8da0b0aea2e643d31b07105cc3392edf4,True
data/raw/mitdb/1.0.0/208.dat,208,signal,22873623623c44ee413a5b60cacb15d4af2723734836fb3ae45d9ff96bdb36e7,22873623623c44ee413a5b60cacb15d4af2723734836fb3ae45d9ff96bdb36e7,True
data/raw/mitdb/1.0.0/208.hea,208,header,5a27efda1bea972440a0b5f40a1c322898693e9602d5ce4722fe750b7dea46e9,5a27efda1bea972440a0b5f40a1c322898693e9602d5ce4722fe750b7dea46e9,True
data/raw/mitdb/1.0.0/209.atr,209,annotation,c0697b176e7caf49e34f93e28eaeeff7167e2de380a8698f6cb3fb3a5fcb1c84,c0697b176e7caf49e34f93e28eaeeff7167e2de380a8698f6cb3fb3a5fcb1c84,True
data/raw/mitdb/1.0.0/209.dat,209,signal,e2516dd126ea85529d9a0e8442fef5d880a492d41f0692a76e648c8437f15c5f,e2516dd126ea85529d9a0e8442fef5d880a492d41f0692a76e648c8437f15c5f,True
data/raw/mitdb/1.0.0/209.hea,209,header,9ac1abedc17f898bf6a1db9c64c38ccf4f065ebc3989ee7740f4c0796655e590,9ac1abedc17f898bf6a1db9c64c38ccf4f065ebc3989ee7740f4c0796655e590,True
data/raw/mitdb/1.0.0/210.atr,210,annotation,5a46bef3d185c903b1ce099a988898fc829cea7e6c5bc1984532efd694fa8db6,5a46bef3d185c903b1ce099a988898fc829cea7e6c5bc1984532efd694fa8db6,True
data/raw/mitdb/1.0.0/210.dat,210,signal,76e971fba03c0ae2ab261c7446240987ecde82f45dad1d4f36e290b950eb464b,76e971fba03c0ae2ab261c7446240987ecde82f45dad1d4f36e290b950eb464b,True
data/raw/mitdb/1.0.0/210.hea,210,header,9d6a422834435fb8d267256f4fd01bfd8158b511f662c4b5dd8c60059944a322,9d6a422834435fb8d267256f4fd01bfd8158b511f662c4b5dd8c60059944a322,True
data/raw/mitdb/1.0.0/212.atr,212,annotation,dc4d0bec7e3ced82f67ef9d5264bcdb3d167c2214125eb04891040fbbb340816,dc4d0bec7e3ced82f67ef9d5264bcdb3d167c2214125eb04891040fbbb340816,True
data/raw/mitdb/1.0.0/212.dat,212,signal,6b63d3e20c40073be852e8121196d5de2ede502168fcb6c10ca5af841418cc5c,6b63d3e20c40073be852e8121196d5de2ede502168fcb6c10ca5af841418cc5c,True
data/raw/mitdb/1.0.0/212.hea,212,header,f67d7c99a8ba055941e8aa98fd1f31dfd7dd1d957c85f40b488237eecba61aad,f67d7c99a8ba055941e8aa98fd1f31dfd7dd1d957c85f40b488237eecba61aad,True
data/raw/mitdb/1.0.0/213.atr,213,annotation,44349e22176aad3f688ca9a62f283a993927a0b9ef6d97f473cde3b16cfabc9a,44349e22176aad3f688ca9a62f283a993927a0b9ef6d97f473cde3b16cfabc9a,True
data/raw/mitdb/1.0.0/213.dat,213,signal,0cb13cd9299b0ab68f8f3064b2ab72f853d155abb277b68daef0a26cbc173b0d,0cb13cd9299b0ab68f8f3064b2ab72f853d155abb277b68daef0a26cbc173b0d,True
data/raw/mitdb/1.0.0/213.hea,213,header,6b64b05c7a28630acf3ffb5e541d635e3fc854ea3602b1b355762f94c6058f17,6b64b05c7a28630acf3ffb5e541d635e3fc854ea3602b1b355762f94c6058f17,True
data/raw/mitdb/1.0.0/214.atr,214,annotation,09c588b0623f6dc6138928ce2006f294c4ef3da143eec2cdba6eddb9b1597214,09c588b0623f6dc6138928ce2006f294c4ef3da143eec2cdba6eddb9b1597214,True
data/raw/mitdb/1.0.0/214.dat,214,signal,a886b1ceb56e950858dedf5b56d3fdb5f26aef3667f8effcb880c1c000ee0cd3,a886b1ceb56e950858dedf5b56d3fdb5f26aef3667f8effcb880c1c000ee0cd3,True
data/raw/mitdb/1.0.0/214.hea,214,header,beb6b379e93cbe94eb9f1461cccaa0131940e14322df4abbc07665b722ed9206,beb6b379e93cbe94eb9f1461cccaa0131940e14322df4abbc07665b722ed9206,True
data/raw/mitdb/1.0.0/215.atr,215,annotation,94968307b89eb0be766cbb88617f08571ed41b3b25b294d19a72b7ffd2525aee,94968307b89eb0be766cbb88617f08571ed41b3b25b294d19a72b7ffd2525aee,True
data/raw/mitdb/1.0.0/215.dat,215,signal,9e28799b5733a2d60470653e6f6ca26610143303233a1b7559cff54e2ad26ef9,9e28799b5733a2d60470653e6f6ca26610143303233a1b7559cff54e2ad26ef9,True
data/raw/mitdb/1.0.0/215.hea,215,header,a326c25698a0773a6be986f2cae499981224d3c61d8fdcddfbb3beaf3ff0bcbd,a326c25698a0773a6be986f2cae499981224d3c61d8fdcddfbb3beaf3ff0bcbd,True
data/raw/mitdb/1.0.0/217.atr,217,annotation,196ad0989b837b5d51784e13bef1242549ca7266f0da21743f208302e3e3f5e1,196ad0989b837b5d51784e13bef1242549ca7266f0da21743f208302e3e3f5e1,True
data/raw/mitdb/1.0.0/217.dat,217,signal,de29975a2a476eaa1a3f07b90134cec70830b2d7932b213354ba175914a6040a,de29975a2a476eaa1a3f07b90134cec70830b2d7932b213354ba175914a6040a,True
data/raw/mitdb/1.0.0/217.hea,217,header,5320a16d3a7d1dea32cdf905b7f5140772a01bf6b11065e0ab937cc6775c5ce6,5320a16d3a7d1dea32cdf905b7f5140772a01bf6b11065e0ab937cc6775c5ce6,True
data/raw/mitdb/1.0.0/219.atr,219,annotation,271928544ce78772669c50b26cf4de163a53f5b90187b5d8080928def79f0e6a,271928544ce78772669c50b26cf4de163a53f5b90187b5d8080928def79f0e6a,True
data/raw/mitdb/1.0.0/219.dat,219,signal,7fc27b77e313aaa40da9f39783f8fb29a6a910be148e67463e5093793644751a,7fc27b77e313aaa40da9f39783f8fb29a6a910be148e67463e5093793644751a,True
data/raw/mitdb/1.0.0/219.hea,219,header,d14f0ffbf19f9842dbaa15f82bcedbc7b9b96f00f422b7e4da31112a1d1b2b67,d14f0ffbf19f9842dbaa15f82bcedbc7b9b96f00f422b7e4da31112a1d1b2b67,True
data/raw/mitdb/1.0.0/220.atr,220,annotation,9cf9f330823e2a9850d51a7fce1f8ecfe5bb84e80e89412bd9f4de6a67f9ccc7,9cf9f330823e2a9850d51a7fce1f8ecfe5bb84e80e89412bd9f4de6a67f9ccc7,True
data/raw/mitdb/1.0.0/220.dat,220,signal,c01ca1a76fb3a89e96134a08f2e5aa6e760eda59ea9086ba8aaa13ba0cca9cff,c01ca1a76fb3a89e96134a08f2e5aa6e760eda59ea9086ba8aaa13ba0cca9cff,True
data/raw/mitdb/1.0.0/220.hea,220,header,af40adc6deb9c0e942432e69a7153e41ac252eb6c15a24a715ef258469cda2e5,af40adc6deb9c0e942432e69a7153e41ac252eb6c15a24a715ef258469cda2e5,True
data/raw/mitdb/1.0.0/221.atr,221,annotation,92549b966cc17bcf2edf00a97237d1e350a761d9ffe20065b5ed303848aad7ae,92549b966cc17bcf2edf00a97237d1e350a761d9ffe20065b5ed303848aad7ae,True
data/raw/mitdb/1.0.0/221.dat,221,signal,274d17c6a35f7adcbb10a59ea34350e5ad299c2d69e4fa579d8863213e1fe9ae,274d17c6a35f7adcbb10a59ea34350e5ad299c2d69e4fa579d8863213e1fe9ae,True
data/raw/mitdb/1.0.0/221.hea,221,header,09afd18974ee6e0cfa8b5b6ce80112c4df0cfbb8c8d01d3d085ecdf7790ada7b,09afd18974ee6e0cfa8b5b6ce80112c4df0cfbb8c8d01d3d085ecdf7790ada7b,True
data/raw/mitdb/1.0.0/222.atr,222,annotation,a0206b778a9f073d451023e802e52059754648e83fe1dc669395b4884ccad356,a0206b778a9f073d451023e802e52059754648e83fe1dc669395b4884ccad356,True
data/raw/mitdb/1.0.0/222.dat,222,signal,0510bf39ed2925a83debd249492bdfe77c575148376aaabeba4c7b7a2451ac5d,0510bf39ed2925a83debd249492bdfe77c575148376aaabeba4c7b7a2451ac5d,True
data/raw/mitdb/1.0.0/222.hea,222,header,a395bf5e58492e6724616532aae1cca7c50626fd66fe61f843a92adadc27293d,a395bf5e58492e6724616532aae1cca7c50626fd66fe61f843a92adadc27293d,True
data/raw/mitdb/1.0.0/223.atr,223,annotation,beaa5cb3eb5fb64a5f9e1dfcac9297f9564b379c9c354cbf8f9f927d9b81ccf1,beaa5cb3eb5fb64a5f9e1dfcac9297f9564b379c9c354cbf8f9f927d9b81ccf1,True
data/raw/mitdb/1.0.0/223.dat,223,signal,1d42aa9e13f7349287ae5f0f00b40078c01aadd39e2cad1001ab42d3b7484594,1d42aa9e13f7349287ae5f0f00b40078c01aadd39e2cad1001ab42d3b7484594,True
data/raw/mitdb/1.0.0/223.hea,223,header,bbd414e57b6eafa53204fb7eeb1212c9d47f598f36e8838b103bfb68a316ca85,bbd414e57b6eafa53204fb7eeb1212c9d47f598f36e8838b103bfb68a316ca85,True
data/raw/mitdb/1.0.0/228.atr,228,annotation,7e08ee90f668800fb3e1a66193fb8f8b4b91c3ec2f52f384756bab826e019d1d,7e08ee90f668800fb3e1a66193fb8f8b4b91c3ec2f52f384756bab826e019d1d,True
data/raw/mitdb/1.0.0/228.dat,228,signal,b2421f15447772bb7a38f5073e4e07d5d9be50d875441a4a0821c9e22b78fdac,b2421f15447772bb7a38f5073e4e07d5d9be50d875441a4a0821c9e22b78fdac,True
data/raw/mitdb/1.0.0/228.hea,228,header,b4a2796ca39816b32d5b24c2c1d0a2aa355d159aafd7ecbfb1cdf11a695a14d8,b4a2796ca39816b32d5b24c2c1d0a2aa355d159aafd7ecbfb1cdf11a695a14d8,True
data/raw/mitdb/1.0.0/230.atr,230,annotation,403d0d4842ba7135b1e14b9e5c50cba214753a0e17bf979090b2c6a8018f7eae,403d0d4842ba7135b1e14b9e5c50cba214753a0e17bf979090b2c6a8018f7eae,True
data/raw/mitdb/1.0.0/230.dat,230,signal,fba09ea54d9caa342c54c46e0df247335345b02444f7d15162906adfef55d057,fba09ea54d9caa342c54c46e0df247335345b02444f7d15162906adfef55d057,True
data/raw/mitdb/1.0.0/230.hea,230,header,5738bb479316dcc324b27807bbbffd8878da6156707c6cfbc08dcd0fa4771671,5738bb479316dcc324b27807bbbffd8878da6156707c6cfbc08dcd0fa4771671,True
data/raw/mitdb/1.0.0/231.atr,231,annotation,b82cc005618eab81b3a246ca5c5a61903f3c0f40c191d7fb953adf054ea691de,b82cc005618eab81b3a246ca5c5a61903f3c0f40c191d7fb953adf054ea691de,True
data/raw/mitdb/1.0.0/231.dat,231,signal,7d4f56d6c4b1d50322154381c1d8761457c2f2696973e915a3c19d8a5b789595,7d4f56d6c4b1d50322154381c1d8761457c2f2696973e915a3c19d8a5b789595,True
data/raw/mitdb/1.0.0/231.hea,231,header,733195a792e806a897531475eabcdec71e96f7b6cd7bcf57f9f1b2538cb13503,733195a792e806a897531475eabcdec71e96f7b6cd7bcf57f9f1b2538cb13503,True
data/raw/mitdb/1.0.0/232.atr,232,annotation,be0e236cb883c669128da01beae0ec0efc39fdfaa5c1e878a3cef5443db8c934,be0e236cb883c669128da01beae0ec0efc39fdfaa5c1e878a3cef5443db8c934,True
data/raw/mitdb/1.0.0/232.dat,232,signal,3d74a21f848766c9607bc5eead7e4b2655f09586adb5561f02fd8fcb0e9da6d0,3d74a21f848766c9607bc5eead7e4b2655f09586adb5561f02fd8fcb0e9da6d0,True
data/raw/mitdb/1.0.0/232.hea,232,header,5ff480450238ffc957abde76687b7e3d728c4b7b19063c8a0b1d08469a2228ea,5ff480450238ffc957abde76687b7e3d728c4b7b19063c8a0b1d08469a2228ea,True
data/raw/mitdb/1.0.0/233.atr,233,annotation,c9ce42ecefa9a92e2ec69f9d237d8a53c67c60b31a25d579356ea8910bcc368a,c9ce42ecefa9a92e2ec69f9d237d8a53c67c60b31a25d579356ea8910bcc368a,True
data/raw/mitdb/1.0.0/233.dat,233,signal,6ccd6b1fa0cafc052369e7ec0a99cc6c3b56b3c12afff26db800c55a826211b4,6ccd6b1fa0cafc052369e7ec0a99cc6c3b56b3c12afff26db800c55a826211b4,True
data/raw/mitdb/1.0.0/233.hea,233,header,d5ef73b3b4a98bec6e3d853db08ff18b0a1a9173c95327bcb15b2cfecee99b85,d5ef73b3b4a98bec6e3d853db08ff18b0a1a9173c95327bcb15b2cfecee99b85,True
data/raw/mitdb/1.0.0/234.atr,234,annotation,e829a3e4131fbe9420c1740bfb5000b3f4f64a2b40aa5f739ed6420f75be6785,e829a3e4131fbe9420c1740bfb5000b3f4f64a2b40aa5f739ed6420f75be6785,True
data/raw/mitdb/1.0.0/234.dat,234,signal,89f826307bfc91a554021da87c17b88b843ed3d26aa9ea237fc6f7c8af00da6d,89f826307bfc91a554021da87c17b88b843ed3d26aa9ea237fc6f7c8af00da6d,True
data/raw/mitdb/1.0.0/234.hea,234,header,91c94c803d05f637cc29a3f353d88e1c25b20a25957c8cc25f7cbbf9fe2627c9,91c94c803d05f637cc29a3f353d88e1c25b20a25957c8cc25f7cbbf9fe2627c9,True
