round,client_count,total_examples,training_weighted_mean_loss,validation_windows,validation_AUPRC,validation_AUROC,validation_raw_F1_at_0_5,validation_precision_at_0_5,validation_sensitivity_at_0_5,validation_specificity_at_0_5,validation_patient_macro_F1_at_0_5,validation_BCE,global_state_sha256,bytes_received,bytes_sent,finite_state,selected_best_so_far,round_wall_seconds
0,0,0,,2880,0.25769234928353735,0.5780234833922185,0.0,0.0,0.0,1.0,0.0,0.7828215599060059,6a2923ca87793fb78571b4cffad4026f8b4ce99d9dfcb3abe885e259c68a572f,0,0,True,False,
1,8,9660,0.520020787829753,2880,0.3250110400707299,0.5977724068127879,0.38020247469066365,0.23472222222222222,1.0,0.0,0.3081050674007343,2.887841839260525,ac447a96261e67445addf54c66aff25fc59ffcd3e4631ba50e30957472101657,1926624,1926624,True,True,67.274
2,8,9660,0.43394465088751744,2880,0.3658272349878898,0.6068817185536786,0.38020247469066365,0.23472222222222222,1.0,0.0,0.3081050674007343,3.3592639711168077,ac84efb15e07202639a3f6fb58ee62fb99cf61a2ab5085c0d40fca0f6bbb0175,1926624,1926624,True,True,67.024
3,8,9660,0.3937482182098472,2880,0.4596521287802471,0.7510101321964369,0.4132720105124836,0.265625,0.9304733727810651,0.21098003629764064,0.3308321214871794,2.2063470906681486,dd00af47c8816460357a30c0af901a25b6dbd3b4ef406603b5e35d64c43000fd,1926624,1926624,True,True,66.977
4,8,9660,0.37204268900041254,2880,0.4700693095359315,0.7107890843973841,0.4260230849947534,0.27897388914338067,0.900887573964497,0.28584392014519056,0.32661423596294054,2.0732985605796177,0dea6fe5221edcb28df0b81a6a8aa05f96c2eb1dd9e6acf5fad404daace5a702,1926624,1926624,True,True,66.744
5,8,9660,0.35660049564072066,2880,0.5347006091071883,0.7699093364404687,0.4260185847033595,0.28086710650329877,0.8816568047337278,0.3076225045372051,0.31236259073594363,1.6443814746207661,2bca95adaa4211209620b52252c80b925a850fcf4b0311ec19913c9e9dfe7da2,1926624,1926624,True,True,66.734
6,8,9660,0.33449352411533984,2880,0.5636711827138475,0.7803334979971863,0.4230225988700565,0.27782931354359924,0.886094674556213,0.29355716878402904,0.3091680837593652,1.5865464111169179,1c8cf16bb8f5ea85da0c9be03ed9e85fb8bb80f0be45aa667bfaa8d4d3859bec,1926624,1926624,True,True,66.476
7,8,9660,0.3217064220620238,2880,0.5833810226643265,0.7928030933536657,0.43298220123501635,0.28695233509870005,0.8816568047337278,0.3280399274047187,0.31741219631022327,1.2118006341159344,6db9c1cea6f698df885a1026613d27f09a3fd7dda1b891b2230d253fa3d01efb,1926624,1926624,True,True,66.471
8,8,9660,0.300777156478253,2880,0.583978494788365,0.7982494174121285,0.4824162184526272,0.33486502010338887,0.8624260355029586,0.4745916515426497,0.33009222342126504,0.9711987024380101,b03e9bc2c14d624fd53b9ec28c8b62195e3a5b91127b8c63ad233976d5b598c0,1926624,1926624,True,True,66.437
9,8,9660,0.2998021206893721,2880,0.5820970136630457,0.8041974516478915,0.6113989637305699,0.5004712535344015,0.7855029585798816,0.7595281306715064,0.42960835030693556,0.743298761629396,1ac61d04c8221f0364cf7eb95a3e5fb69915305ffde7d8cf0274de903f49fcbb,1926624,1926624,True,False,66.413
10,8,9660,0.2754744643750398,2880,0.6213074348106304,0.8127600838711756,0.6119122257053291,0.5310119695321001,0.7218934911242604,0.8044464609800362,0.37931585479966906,0.7340041499998834,9b9654be6a322e3e5f246cabc5dbcec8eb00bfb4aaee66d58da71aa2554e1f18,1926624,1926624,True,True,67.156
11,8,9660,0.24734245026426285,2880,0.6383914999357965,0.8283641093654357,0.6110201854882706,0.4840103716508211,0.8284023668639053,0.7291288566243194,0.38009366939366834,0.7396721156934897,9ab805033b9df27ef29a0912ae3fa0701cb8f109d727537562ea74c883f9f656,1926624,1926624,True,True,66.736
12,8,9660,0.23959492833409496,2880,0.6456384830611979,0.8275788238705312,0.5905773059057731,0.5354993983152828,0.658284023668639,0.8248638838475499,0.38070540330115216,0.7344642102718353,d29ad391b059c9da9e46db672a8350c6dcaf7e79c506e7d098aea9eab6b04920,1926624,1926624,True,True,66.462
13,8,9660,0.2076950496351867,2880,0.6764849469723556,0.8461900900997649,0.6435294117647059,0.5341796875,0.8091715976331361,0.7835753176043557,0.4056608024814163,0.7199089818116692,aeb6f80f4dd8694969a02bc96dd1ba54e0f75ceda9fe1f2bd13589220552e27f,1926624,1926624,True,True,66.342
14,8,9660,0.2168300998676761,2880,0.6703675105633614,0.8519944909202202,0.6163522012578616,0.5361050328227571,0.7248520710059172,0.8076225045372051,0.4589326048367107,0.7782604062308868,63360ae4e4cfa642425aeb74f6f79ba5dbf0b80af3aa84ca912aa78f12df3946,1926624,1926624,True,False,66.399
15,8,9660,0.20849174174208263,2880,0.6791823176439435,0.8525589568186943,0.6078055022392834,0.5355129650507328,0.7026627218934911,0.8130671506352087,0.41266885992419156,0.7027054427398576,117de8e3e9699c35377c6b70dfaad3944ee5c0711e32572e3dcf422f7ed2d0c2,1926624,1926624,True,True,66.468
16,8,9660,0.18725190712775316,2880,0.6905950664092572,0.8675921401647355,0.6445264452644527,0.5515789473684211,0.7751479289940828,0.8067150635208712,0.4412985752514709,0.7650314289662573,9b4fcadf0cc044f80a24aefd6cbe788f7012bc542d83b1ccffeebda730b6e73c,1926624,1926624,True,True,66.379
17,8,9660,0.18372056002132825,2880,0.6893168700273186,0.8648006851448146,0.570230607966457,0.5403973509933775,0.6035502958579881,0.8425589836660617,0.38983857847710357,0.8165376020802392,dfc1b84d892a36327dc19ab60bd7ff3668bb95995c66d4f72603c83a60beb306,1926624,1926624,True,False,66.526
18,8,9660,0.17632676479512707,2880,0.689811245816579,0.8547731934406513,0.6104218362282878,0.5256410256410257,0.727810650887574,0.7985480943738656,0.4833489254603118,0.780749470492204,93c3f0ac7f87115f75ac9372c6577d5859ba08bf49d459701369f6b9ec7b8096,1926624,1926624,True,False,66.529
19,8,9660,0.17312955046477524,2880,0.7052368222423839,0.8752268602540836,0.6125412541254125,0.5530393325387366,0.6863905325443787,0.8298548094373865,0.5038447846736488,0.7860749618046814,08729f48c956685c526c28239bdb71ab466bba12efd6dcec93ac931ea82d4bfb,1926624,1926624,True,True,66.56
20,8,9660,0.1653474517775927,2880,0.7245670421677005,0.8862013928414179,0.651370299553856,0.5722284434490481,0.7559171597633136,0.8266787658802178,0.5610953681103965,0.7037354544632964,84261c12bafc80be3b359503e822d0f7c814b9db39f6deebe6f8065a54c8aa66,1926624,1926624,True,True,66.53
21,8,9660,0.16508025470272664,2880,0.7055493796663631,0.8767282992729734,0.6338658146964856,0.5579302587176603,0.7337278106508875,0.8216878402903811,0.5647957859767215,0.7854094907641411,29503510587c4efc66c895132f7e1d0cd885812e25e233471a2529f65daff868,1926624,1926624,True,False,66.616
22,8,9660,0.1517742273542359,2880,0.7742090648414531,0.9068241980691374,0.6832740213523132,0.5702970297029702,0.8520710059171598,0.8030852994555354,0.5582919392239428,0.7350964510606395,47e2ed43e2c0dbb84b5fc4449f7b7ab5c6f14bb727724aa76624ce3b44447a34,1926624,1926624,True,True,67.143
23,8,9660,0.14838955480196583,2880,0.7189805202302403,0.8803339007076967,0.5841088045812455,0.565880721220527,0.6035502958579881,0.8579854809437386,0.5053240335229167,0.7774752342866527,cb25c2e0a91929b6676d56168178ed02e66b7444f857bfd02fed5dc1cf6e9703,1926624,1926624,True,False,69.941
24,8,9660,0.16025660357150726,2880,0.7646382208398605,0.8997250829583652,0.6674801708358755,0.5680166147455867,0.8091715976331361,0.8112522686025408,0.5588920886999457,0.6584191046655178,a258ff3d3ac84cd499e308a43ca8956c46c322864fc06be44431ffd157824c4f,1926624,1926624,True,False,73.453
25,8,9660,0.1497865361047766,2880,0.7394241497976675,0.8925085106154491,0.6422498364944408,0.5756154747948418,0.7263313609467456,0.8357531760435571,0.5807253850118702,0.7355333998799324,da08bbcdebe452d251cd4de0ffc01fe6c9d48d605f61065d48c7a7831bc47464,1926624,1926624,True,False,73.007
26,8,9660,0.14296891463469275,2880,0.7831738738764652,0.9113580472298887,0.6836679327183939,0.5398457583547558,0.9319526627218935,0.7563520871143375,0.6296807393646732,0.9009536549035045,7819face024b03450bb6f0e1f7044629bc5646a8a458fa09b039473900920caa,1926624,1926624,True,True,76.79
27,8,9660,0.13917220367897712,2880,0.7615723568933215,0.9063785317711746,0.6920374707259953,0.5726744186046512,0.8742603550295858,0.7999092558983666,0.6371465679432793,0.823370906793409,912162f3e1611588514743b76cba29840d6033cd4b146e4dd0430139867ab56b,1926624,1926624,True,False,79.84
28,8,9660,0.13593984387417787,2880,0.7550742095357225,0.894689188028222,0.6628930817610063,0.5765864332603938,0.7795857988165681,0.824410163339383,0.5307113848827196,0.7118148510654767,c097721723f054f761bb7a75a99a1dcca9793f43e414b5c7565632f277bea516,1926624,1926624,True,False,77.92
29,8,9660,0.1366670972850814,2880,0.7614130681108727,0.9031155698622194,0.6802259887005649,0.5502742230347349,0.8905325443786982,0.7767695099818511,0.630484079743483,0.7457266834461027,1d434d320f7464a6435e9ba9a3540de0e6fe48ca3c556d5455932ed8d8de14cc,1926624,1926624,True,False,77.166
30,8,9660,0.13485807896298635,2880,0.7840203311094779,0.9137065206885814,0.6989703210175651,0.5917948717948718,0.8535502958579881,0.8194192377495463,0.6013510050472805,0.6589132464180391,8442cf49691e74a1e054cb75e8fe7586c29d2a10ecb7c41c54efda935b645d02,1926624,1926624,True,True,70.585
31,8,9660,0.12645624638390468,2880,0.7883149033685477,0.9112701221018267,0.6921718658034137,0.5747800586510264,0.8698224852071006,0.8026315789473685,0.5946919897618078,0.7350728282497989,e53834c41d1c01962c5369480a4120db78d0ed4c0aa3a1306c87d437431182ba,1926624,1926624,True,True,69.422
32,8,9660,0.13428214413015555,2880,0.7736689519046533,0.9104197317411055,0.6895002807411567,0.5556561085972851,0.908284023668639,0.7772232304900182,0.6360209308283533,0.8519220051666101,749838aa66001fbec2f15412f55cb0ef74905eb664a5698a1d597147b6464d92,1926624,1926624,True,False,68.536
33,8,9660,0.1305139805435147,2880,0.750433654383566,0.8972185456244159,0.6697247706422018,0.5468164794007491,0.863905325443787,0.7803992740471869,0.6369495038389026,0.8099373771912521,7345d3e99c3804d57069bfc0b33a83f1f896591d3336a62edd610b3454cb8d33,1926624,1926624,True,False,69.875
34,8,9660,0.12322218564664848,2880,0.7685763489223711,0.9024692194933366,0.6695544554455446,0.575531914893617,0.8002958579881657,0.8189655172413793,0.6470718215002531,0.7009861084322134,7028878b584f0bb6ef9aea090665313db2074e38f6754a54197948ad1b96bbb0,1926624,1926624,True,False,70.708
35,8,9660,0.1208553648518599,2880,0.7733814759275138,0.9006697746968931,0.641653072321914,0.5073086844368013,0.8727810650887574,0.7400181488203267,0.6062154643297719,0.7680095660189787,32bfc9b3fa1caed065f52bd95b3a8d761401f06ec72323d4cc39e5527d784ce1,1926624,1926624,True,False,72.764
36,8,9660,0.1226269622505922,2880,0.7797578279193719,0.8938867873366338,0.6182008368200836,0.47815533980582525,0.8742603550295858,0.707350272232305,0.5928211132867097,0.8881593797769811,25cd100297f1604ee12e4b0b64f4dce07b5cf9ac998aa7894c2843c2748c98a0,1926624,1926624,True,False,72.221
37,8,9660,0.11883213336292199,2880,0.7820422993035491,0.9087652627283369,0.6874638937030618,0.5639810426540285,0.8801775147928994,0.7912885662431942,0.6327862124238111,0.7462065152823925,8733f86b3308bdb5e87eaf545067547a79788ee7788c5e7c0d5ce1c1dec2652e,1926624,1926624,True,False,73.267
38,8,9660,0.11646517369795907,2880,0.79052861962503,0.9077772796099615,0.6340179041600843,0.4922322158626329,0.8905325443786982,0.7182395644283122,0.6253802929956869,0.8343128545416726,3741744e39fea34d9879fb163e24e6e6ca1012b50814aa460c8afb6e16e25a6f,1926624,1926624,True,True,72.954
39,8,9660,0.11530518004898267,2880,0.7817359232812371,0.9060248177063757,0.6199298948422634,0.46858440575321725,0.915680473372781,0.6814882032667876,0.5790601445777542,1.0292695386542214,cac3296813261fce67e9eadad56dc36eef5f59f2cc57a8b450f58e3f0a8744ab,1926624,1926624,True,False,75.908
40,8,9660,0.11365445441109423,2880,0.7924736418198481,0.9110741363201924,0.6951871657754011,0.6341463414634146,0.7692307692307693,0.8638838475499092,0.6101041407566287,0.6407825922386514,ea1953bfcadcfa7a624134a4e89201dfee935fe66cde10d4aa894c1960dc3560,1926624,1926624,True,True,76.225
41,8,9660,0.10486942146592397,2880,0.7935858856918825,0.9172718510722839,0.7043795620437956,0.5981404958677686,0.856508875739645,0.823502722323049,0.6612860599856057,0.6911626583586137,e9cfcb6f7fc0182ab541516beb799c288fee50bf171378af297f489c3c481980,1926624,1926624,True,True,69.984
42,8,9660,0.10512544617777995,2880,0.8020409910989796,0.9227315988144202,0.6481481481481481,0.4968454258675079,0.9319526627218935,0.7105263157894737,0.6375447501671235,0.8848485463195377,fbdfb6f000bb32c467516d112ae23452dcde53b435bce7e1b2facff1a639659d,1926624,1926624,True,True,68.803
43,8,9660,0.10862849058301861,2880,0.8313102495144855,0.9244568777585671,0.6773272415762421,0.5516279069767441,0.8772189349112426,0.7813067150635209,0.6500405049984558,0.6624543218149079,35b19846598e1e0268b88a23ae60a67d91fa33e9b7ff13b3e741aeb2ac3fbd43,1926624,1926624,True,True,68.447
44,8,9660,0.09894041354501885,2880,0.8306297023798455,0.9181705666942299,0.630667345899134,0.48096348096348096,0.915680473372781,0.6969147005444646,0.6037243520396709,0.9559429632292853,9cb607cb9907bb0ed74fbd2fed28ebdec163fe7ffdda6b6bd04191fa874c1ecb,1926624,1926624,True,False,70.622
45,8,9660,0.10190776955359471,2880,0.8144559863854149,0.9207677138929755,0.6429298067141404,0.48992248062015503,0.9349112426035503,0.7014519056261344,0.632356956410174,0.9080395931998889,761e925b6a0d2f12d096e87eaf186a58fa0014cb7dcdbaacab6a7a85f0a329da,1926624,1926624,True,False,72.748
46,8,9660,0.10538153578961118,2880,0.7745373457193888,0.9053180607609618,0.640124095139607,0.49205087440381556,0.915680473372781,0.7100725952813067,0.6334728540421865,0.9604383557620976,c2c6c0c3eaab5bb5ce33a59f5239c15beeaa8831f4cb20079d35ffd231480d37,1926624,1926624,True,False,75.64
47,8,9660,0.10597895222767131,2880,0.8212072157397707,0.9249012016881626,0.7057356608478803,0.6099137931034483,0.8372781065088757,0.8357531760435571,0.6740320139816365,0.6093224549252126,b4677c1986b987cc567ceaec66e723aab02d547ceb2847cd324517104aeca6a3,1926624,1926624,True,False,80.031
48,8,9660,0.09531716719517044,2880,0.8214747146373645,0.9245041962435163,0.6770428015564203,0.5422974176313446,0.900887573964497,0.7667876588021778,0.6673369668237273,0.7980757253865401,d1adb9a3d90f1f3bdd59d660470d820610ea376b17b24f9bc373d1706b8caf9a,1926624,1926624,True,False,78.321
49,8,9660,0.09847501199576796,2880,0.7891527156968444,0.9012708201333777,0.6313156578289144,0.47694633408919124,0.9334319526627219,0.6860254083484574,0.6060542372089508,1.329094984734224,80c073daba800fee4f86601aaca56fbf6be4a20a7adc3c59fa6eedeae2ab23a7,1926624,1926624,True,False,82.277
50,8,9660,0.09851295807182897,2880,0.8501518854463859,0.9310270997326001,0.6521060842433697,0.5028067361668003,0.9275147928994083,0.7186932849364791,0.66254028847651,0.804360335941116,a006d05d2b97982af60367daa40ff4c09fad9cc7cc1c9421756d89fcc4fa3cc8,1926624,1926624,True,True,82.643
