client_manifest_id,site_id,participant_group_id,record_ids,partition,eligible_window_count,positive_window_count,negative_window_count,positive_rate,assignment_method,assignment_seed_version
NONIID_COMBINED_V1,SITE_00,MITDB_P122,122,TRAIN,360,0,360,0,NONIID_COMBINED_V1_DETERMINISTIC_OBJECTIVE,DETERMINISTIC_NO_RANDOM_RESTART_V1
NONIID_COMBINED_V1,SITE_00,MITDB_P212,212,TRAIN,360,0,360,0,NONIID_COMBINED_V1_DETERMINISTIC_OBJECTIVE,DETERMINISTIC_NO_RANDOM_RESTART_V1
NONIID_COMBINED_V1,SITE_01,MITDB_P111,111,TRAIN,360,2,358,0.0055555555555555558,NONIID_COMBINED_V1_DETERMINISTIC_OBJECTIVE,DETERMINISTIC_NO_RANDOM_RESTART_V1
NONIID_COMBINED_V1,SITE_01,MITDB_P117,117,TRAIN,360,2,358,0.0055555555555555558,NONIID_COMBINED_V1_DETERMINISTIC_OBJECTIVE,DETERMINISTIC_NO_RANDOM_RESTART_V1
NONIID_COMBINED_V1,SITE_02,MITDB_P121,121,TRAIN,360,2,358,0.0055555555555555558,NONIID_COMBINED_V1_DETERMINISTIC_OBJECTIVE,DETERMINISTIC_NO_RANDOM_RESTART_V1
NONIID_COMBINED_V1,SITE_02,MITDB_P230,230,TRAIN,360,2,358,0.0055555555555555558,NONIID_COMBINED_V1_DETERMINISTIC_OBJECTIVE,DETERMINISTIC_NO_RANDOM_RESTART_V1
NONIID_COMBINED_V1,SITE_03,MITDB_P101,101,TRAIN,356,6,350,0.016853932584269662,NONIID_COMBINED_V1_DETERMINISTIC_OBJECTIVE,DETERMINISTIC_NO_RANDOM_RESTART_V1
NONIID_COMBINED_V1,SITE_03,MITDB_P103,103,TRAIN,360,4,356,0.011111111111111112,NONIID_COMBINED_V1_DETERMINISTIC_OBJECTIVE,DETERMINISTIC_NO_RANDOM_RESTART_V1
NONIID_COMBINED_V1,SITE_03,MITDB_P113,113,TRAIN,360,12,348,0.033333333333333333,NONIID_COMBINED_V1_DETERMINISTIC_OBJECTIVE,DETERMINISTIC_NO_RANDOM_RESTART_V1
NONIID_COMBINED_V1,SITE_04,MITDB_P124,124,TRAIN,360,44,316,0.12222222222222222,NONIID_COMBINED_V1_DETERMINISTIC_OBJECTIVE,DETERMINISTIC_NO_RANDOM_RESTART_V1
NONIID_COMBINED_V1,SITE_04,MITDB_P205,205,TRAIN,360,59,301,0.16388888888888889,NONIID_COMBINED_V1_DETERMINISTIC_OBJECTIVE,DETERMINISTIC_NO_RANDOM_RESTART_V1
NONIID_COMBINED_V1,SITE_04,MITDB_P207,207,TRAIN,323,70,253,0.21671826625386997,NONIID_COMBINED_V1_DETERMINISTIC_OBJECTIVE,DETERMINISTIC_NO_RANDOM_RESTART_V1
NONIID_COMBINED_V1,SITE_05,MITDB_P105,105,TRAIN,352,77,275,0.21875,NONIID_COMBINED_V1_DETERMINISTIC_OBJECTIVE,DETERMINISTIC_NO_RANDOM_RESTART_V1
NONIID_COMBINED_V1,SITE_05,MITDB_P114,114,TRAIN,360,82,278,0.22777777777777777,NONIID_COMBINED_V1_DETERMINISTIC_OBJECTIVE,DETERMINISTIC_NO_RANDOM_RESTART_V1
NONIID_COMBINED_V1,SITE_05,MITDB_P220,220,TRAIN,360,87,273,0.24166666666666667,NONIID_COMBINED_V1_DETERMINISTIC_OBJECTIVE,DETERMINISTIC_NO_RANDOM_RESTART_V1
NONIID_COMBINED_V1,SITE_05,MITDB_P222,222,TRAIN,360,137,223,0.38055555555555554,NONIID_COMBINED_V1_DETERMINISTIC_OBJECTIVE,DETERMINISTIC_NO_RANDOM_RESTART_V1
NONIID_COMBINED_V1,SITE_06,MITDB_P118,118,TRAIN,360,156,204,0.43333333333333335,NONIID_COMBINED_V1_DETERMINISTIC_OBJECTIVE,DETERMINISTIC_NO_RANDOM_RESTART_V1
NONIID_COMBINED_V1,SITE_06,MITDB_P209,209,TRAIN,360,214,146,0.59444444444444444,NONIID_COMBINED_V1_DETERMINISTIC_OBJECTIVE,DETERMINISTIC_NO_RANDOM_RESTART_V1
NONIID_COMBINED_V1,SITE_06,MITDB_P210,210,TRAIN,360,217,143,0.60277777777777775,NONIID_COMBINED_V1_DETERMINISTIC_OBJECTIVE,DETERMINISTIC_NO_RANDOM_RESTART_V1
NONIID_COMBINED_V1,SITE_06,MITDB_P215,215,TRAIN,360,217,143,0.60277777777777775,NONIID_COMBINED_V1_DETERMINISTIC_OBJECTIVE,DETERMINISTIC_NO_RANDOM_RESTART_V1
NONIID_COMBINED_V1,SITE_06,MITDB_P223,223,TRAIN,360,230,130,0.63888888888888884,NONIID_COMBINED_V1_DETERMINISTIC_OBJECTIVE,DETERMINISTIC_NO_RANDOM_RESTART_V1
NONIID_COMBINED_V1,SITE_07,MITDB_P119,119,TRAIN,360,313,47,0.86944444444444446,NONIID_COMBINED_V1_DETERMINISTIC_OBJECTIVE,DETERMINISTIC_NO_RANDOM_RESTART_V1
NONIID_COMBINED_V1,SITE_07,MITDB_P203,203,TRAIN,355,299,56,0.84225352112676055,NONIID_COMBINED_V1_DETERMINISTIC_OBJECTIVE,DETERMINISTIC_NO_RANDOM_RESTART_V1
NONIID_COMBINED_V1,SITE_07,MITDB_P208,208,TRAIN,356,354,2,0.9943820224719101,NONIID_COMBINED_V1_DETERMINISTIC_OBJECTIVE,DETERMINISTIC_NO_RANDOM_RESTART_V1
NONIID_COMBINED_V1,SITE_07,MITDB_P221,221,TRAIN,360,325,35,0.90277777777777779,NONIID_COMBINED_V1_DETERMINISTIC_OBJECTIVE,DETERMINISTIC_NO_RANDOM_RESTART_V1
NONIID_COMBINED_V1,SITE_07,MITDB_P228,228,TRAIN,360,289,71,0.80277777777777781,NONIID_COMBINED_V1_DETERMINISTIC_OBJECTIVE,DETERMINISTIC_NO_RANDOM_RESTART_V1
NONIID_COMBINED_V1,SITE_07,MITDB_P232,232,TRAIN,358,357,1,0.9972067039106145,NONIID_COMBINED_V1_DETERMINISTIC_OBJECTIVE,DETERMINISTIC_NO_RANDOM_RESTART_V1
