model,seed,participant_group_id,full_AUPRC,contribution_delta
MODEL_V1,20260927,MITDB_P101,0.41681675213519453,-0.0003946066191441999
MODEL_V1,20260927,MITDB_P103,0.41681675213519453,-0.002799022449612054
MODEL_V1,20260927,MITDB_P105,0.41681675213519453,-0.005579809243510592
MODEL_V1,20260927,MITDB_P111,0.41681675213519453,-0.0077494609871042175
MODEL_V1,20260927,MITDB_P113,0.41681675213519453,-0.008820432434220316
MODEL_V1,20260927,MITDB_P114,0.41681675213519453,-0.003284391362721295
MODEL_V1,20260927,MITDB_P117,0.41681675213519453,-0.019222195727155778
MODEL_V1,20260927,MITDB_P118,0.41681675213519453,-0.0015138071703530431
MODEL_V1,20260927,MITDB_P119,0.41681675213519453,0.03691425703611678
MODEL_V1,20260927,MITDB_P121,0.41681675213519453,-0.007297162417249092
MODEL_V1,20260927,MITDB_P122,0.41681675213519453,-0.00024199823709580848
MODEL_V1,20260927,MITDB_P124,0.41681675213519453,-0.019042653928108555
MODEL_V1,20260927,MITDB_P203,0.41681675213519453,0.0438598139032792
MODEL_V1,20260927,MITDB_P205,0.41681675213519453,0.00019794593219141232
MODEL_V1,20260927,MITDB_P207,0.41681675213519453,-0.03596085850264075
MODEL_V1,20260927,MITDB_P208,0.41681675213519453,0.01815853564559433
MODEL_V1,20260927,MITDB_P209,0.41681675213519453,0.012381378481325256
MODEL_V1,20260927,MITDB_P210,0.41681675213519453,0.01114616668332985
MODEL_V1,20260927,MITDB_P212,0.41681675213519453,-0.034595306545544324
MODEL_V1,20260927,MITDB_P215,0.41681675213519453,0.00212765767415668
MODEL_V1,20260927,MITDB_P220,0.41681675213519453,-0.0003111718520674711
MODEL_V1,20260927,MITDB_P221,0.41681675213519453,0.013022579290082104
MODEL_V1,20260927,MITDB_P222,0.41681675213519453,-0.0110205090843003
MODEL_V1,20260927,MITDB_P223,0.41681675213519453,0.0037870995784982098
MODEL_V1,20260927,MITDB_P228,0.41681675213519453,0.01126259082107356
MODEL_V1,20260927,MITDB_P230,0.41681675213519453,-0.013528648102191676
MODEL_V1,20260927,MITDB_P232,0.41681675213519453,0.00591163432675057
MODEL_V1,20260928,MITDB_P101,0.42971492039431497,-0.006554539597153908
MODEL_V1,20260928,MITDB_P103,0.42971492039431497,-0.0018879088670505362
MODEL_V1,20260928,MITDB_P105,0.42971492039431497,-0.0004958852374036815
MODEL_V1,20260928,MITDB_P111,0.42971492039431497,-0.006176477858053975
MODEL_V1,20260928,MITDB_P113,0.42971492039431497,-0.009883985401204665
MODEL_V1,20260928,MITDB_P114,0.42971492039431497,-0.0032180133492031304
MODEL_V1,20260928,MITDB_P117,0.42971492039431497,-0.04497701360130485
MODEL_V1,20260928,MITDB_P118,0.42971492039431497,0.000980756697523455
MODEL_V1,20260928,MITDB_P119,0.42971492039431497,0.020168650182389947
MODEL_V1,20260928,MITDB_P121,0.42971492039431497,-0.011730185942560367
MODEL_V1,20260928,MITDB_P122,0.42971492039431497,-0.0073102271588962875
MODEL_V1,20260928,MITDB_P124,0.42971492039431497,-0.049922656960658285
MODEL_V1,20260928,MITDB_P203,0.42971492039431497,0.07909704702998305
MODEL_V1,20260928,MITDB_P205,0.42971492039431497,0.0010073593453102658
MODEL_V1,20260928,MITDB_P207,0.42971492039431497,-0.013175533963329378
MODEL_V1,20260928,MITDB_P208,0.42971492039431497,0.01860527734978229
MODEL_V1,20260928,MITDB_P209,0.42971492039431497,0.0052825096572975405
MODEL_V1,20260928,MITDB_P210,0.42971492039431497,0.0070956302438245356
MODEL_V1,20260928,MITDB_P212,0.42971492039431497,-0.012760718240930946
MODEL_V1,20260928,MITDB_P215,0.42971492039431497,-0.0005834811256292816
MODEL_V1,20260928,MITDB_P220,0.42971492039431497,-0.0012874117707642463
MODEL_V1,20260928,MITDB_P221,0.42971492039431497,0.029447219066436936
MODEL_V1,20260928,MITDB_P222,0.42971492039431497,-0.005172921247011464
MODEL_V1,20260928,MITDB_P223,0.42971492039431497,0.003433058216863849
MODEL_V1,20260928,MITDB_P228,0.42971492039431497,0.025634242215046343
MODEL_V1,20260928,MITDB_P230,0.42971492039431497,-0.034939930638408945
MODEL_V1,20260928,MITDB_P232,0.42971492039431497,0.0001092144546795959
MODEL_V1,20260929,MITDB_P101,0.3951331098862486,-0.001367456351020424
MODEL_V1,20260929,MITDB_P103,0.3951331098862486,-0.001983876481119251
MODEL_V1,20260929,MITDB_P105,0.3951331098862486,-0.006732235304433232
MODEL_V1,20260929,MITDB_P111,0.3951331098862486,-0.0007964685222011658
MODEL_V1,20260929,MITDB_P113,0.3951331098862486,-0.017882937444374303
MODEL_V1,20260929,MITDB_P114,0.3951331098862486,-0.0010693651596123122
MODEL_V1,20260929,MITDB_P117,0.3951331098862486,-0.02257614863394286
MODEL_V1,20260929,MITDB_P118,0.3951331098862486,-0.0009945545046265436
MODEL_V1,20260929,MITDB_P119,0.3951331098862486,0.010866910799932517
MODEL_V1,20260929,MITDB_P121,0.3951331098862486,-0.0055688779642035224
MODEL_V1,20260929,MITDB_P122,0.3951331098862486,-0.001652000397431297
MODEL_V1,20260929,MITDB_P124,0.3951331098862486,-0.017908522613309663
MODEL_V1,20260929,MITDB_P203,0.3951331098862486,0.06032712987544253
MODEL_V1,20260929,MITDB_P205,0.3951331098862486,0.00028404860303421486
MODEL_V1,20260929,MITDB_P207,0.3951331098862486,-0.008066512843392104
MODEL_V1,20260929,MITDB_P208,0.3951331098862486,0.01278352419058143
MODEL_V1,20260929,MITDB_P209,0.3951331098862486,0.02306414560276049
MODEL_V1,20260929,MITDB_P210,0.3951331098862486,0.0040156878822134034
MODEL_V1,20260929,MITDB_P212,0.3951331098862486,-0.047206182407795394
MODEL_V1,20260929,MITDB_P215,0.3951331098862486,0.0008530001271023213
MODEL_V1,20260929,MITDB_P220,0.3951331098862486,-0.009679113774341719
MODEL_V1,20260929,MITDB_P221,0.3951331098862486,0.013071547127759098
MODEL_V1,20260929,MITDB_P222,0.3951331098862486,-0.011198744626137402
MODEL_V1,20260929,MITDB_P223,0.3951331098862486,0.005549795444571681
MODEL_V1,20260929,MITDB_P228,0.3951331098862486,0.013582383426909761
MODEL_V1,20260929,MITDB_P230,0.3951331098862486,-0.01912139710923666
MODEL_V1,20260929,MITDB_P232,0.3951331098862486,0.014635515512125774
RF_ALL,,MITDB_P101,0.605530307984657,-0.002587628406877762
RF_ALL,,MITDB_P103,0.605530307984657,-0.0007554961274858218
RF_ALL,,MITDB_P105,0.605530307984657,-0.004776829770119395
RF_ALL,,MITDB_P111,0.605530307984657,-0.0027210962579446996
RF_ALL,,MITDB_P113,0.605530307984657,-0.0117239858073368
RF_ALL,,MITDB_P114,0.605530307984657,0.0009746611834372532
RF_ALL,,MITDB_P117,0.605530307984657,-0.056336564180495374
RF_ALL,,MITDB_P118,0.605530307984657,0.003259518993835586
RF_ALL,,MITDB_P119,0.605530307984657,0.04035636857474356
RF_ALL,,MITDB_P121,0.605530307984657,-0.0019542926723903342
RF_ALL,,MITDB_P122,0.605530307984657,-8.672553845567865e-05
RF_ALL,,MITDB_P124,0.605530307984657,-0.007027723232171268
RF_ALL,,MITDB_P203,0.605530307984657,0.040437390927981154
RF_ALL,,MITDB_P205,0.605530307984657,-0.00010257910568500783
RF_ALL,,MITDB_P207,0.605530307984657,-0.004664643430020821
RF_ALL,,MITDB_P208,0.605530307984657,0.018766956180714667
RF_ALL,,MITDB_P209,0.605530307984657,-8.283559817634512e-06
RF_ALL,,MITDB_P210,0.605530307984657,0.0055306803737230625
RF_ALL,,MITDB_P212,0.605530307984657,-0.010095600359817825
RF_ALL,,MITDB_P215,0.605530307984657,0.007164437770018406
RF_ALL,,MITDB_P220,0.605530307984657,-0.004405124158234464
RF_ALL,,MITDB_P221,0.605530307984657,0.010922284218041978
RF_ALL,,MITDB_P222,0.605530307984657,-0.004046243159712137
RF_ALL,,MITDB_P223,0.605530307984657,0.005249275046116386
RF_ALL,,MITDB_P228,0.605530307984657,0.03744370371695427
RF_ALL,,MITDB_P230,0.605530307984657,-0.07500487800896072
RF_ALL,,MITDB_P232,0.605530307984657,0.008335524393744187
